CQI_mean,CQI_std,CQI_min,CQI_max,CQI_trend,SNR_mean,SNR_std,SNR_min,SNR_max,SNR_trend,DL_bitrate_mean,DL_bitrate_std,DL_bitrate_min,DL_bitrate_max,DL_bitrate_trend,UL_bitrate_mean,UL_bitrate_std,UL_bitrate_min,UL_bitrate_max,UL_bitrate_trend
-0.8926864244741867,-0.9421535835156396,-0.25,-1.0,0.1739156234111791,-0.060972537163013325,0.021950000626094413,-0.5,0.15384615384615385,0.3812080536913019,2.395801622230128,1.2841602486368757,1.0,1.307843397730292,6.396393785652643,0.9711807498601006,0.8216427590074258,0.1,0.6463022508038585,1.6230892228973473
-0.9959369024856589,0.23090175849275565,-0.75,-0.5,0.21672562302008408,0.17485512723607952,0.21065280627192304,-0.75,0.15384615384615385,-1.5999999999999734,0.7933513802929768,0.9223198926419051,0.0,1.3084127225111017,-0.6093368954540531,0.44459988808058193,0.7695780861069529,0.0,1.1318327974276527,0.2811000959385993
0.010755258126195285,0.8652006564296238,-0.25,0.5,1.640158110016196,0.9095490047870999,0.8567551839125085,-0.75,0.8461538461538461,2.17181208053694,-0.15003169030903932,-0.003690183470309555,1.0,0.028532660264925798,0.4721015678195925,0.011471740346950218,0.588550490313665,0.1,1.0643086816720257,1.8900543652062693
0.5399139579349911,-1.1765495553830054,1.0,0.0,0.342479996871244,-0.07911312673217431,-0.35598326849497575,0.25,-0.15384615384615385,-0.32214765100668474,-0.19212383531876032,-0.079779678891712,0.0,-0.09956541541731506,-0.0048988832331031025,-0.5514829322887519,-0.2173780626761423,-0.9,-0.3054662379421222,-0.08525743524144552
-0.258843212237093,1.0109410450296026,-0.75,0.0,-2.2533649658693014,2.2902494331065752,1.2875211558883886,-0.75,1.6153846153846154,-3.508841191015411,-0.16798264031725005,-0.04452800798334197,0.0,-0.05045166432610924,0.019740990912136606,-0.44024746626873085,-0.20654378119429442,-0.9,-0.3504823151125402,-0.06608516060557161
-0.9959369024856589,-0.05195855392410793,-0.5,-0.5,0.024080624780009437,0.2111363063744016,0.3695931017915508,-1.25,0.15384615384615385,-0.3973154362415841,-0.049404086730921816,-0.04733803954499827,17.571428571428573,-0.062312597259650056,-0.1723266755570633,-0.13402350307778396,-0.23448869459004304,0.7,-0.3633440514469453,-0.08551327150623576
-0.38934034416825947,-1.6802216370170817,0.5,-1.0,0.0,0.10229276895943559,-0.4721128679705742,0.5,-0.15384615384615385,2.6757237308036318e-14,0.10592619473178022,0.14099030811369065,1.0,0.13655254867726876,2.5626087495089656,-0.12562954672635693,-0.014766608377944319,0.1,-0.02572347266881029,1.1648864726575
0.9653441682600383,0.4825395132382186,0.25,0.5,0.25322879232946305,-0.09859746367682873,-0.37419638571207936,0.25,-0.15384615384615385,-0.03835091083410571,-0.18606603926112822,-0.07794038193345834,0.0,-0.09952746043192773,-0.04641342704244053,-0.1002196936724076,0.3714661633612446,-0.9,0.572347266881029,-1.7756224587692455
0.11909003997914193,0.37597663358251304,0.0,0.25,0.25895524809385123,-0.0263405025309787,-0.3348687958630487,0.25,-0.15384615384615385,0.07873344578834812,2.194447726501993,1.162612058906014,0.42857142857142855,0.7994363684669982,0.5769805794475349,0.6949093622288922,0.6636010898718929,-0.4,0.3054662379421222,0.42721860148542423
0.159764470710934,0.3035867623971877,0.0,0.25,0.15432686502562767,-0.0263405025309787,-0.3348687958630487,0.25,-0.15384615384615385,2.691640693076827e-14,2.2334350702759633,1.186107976443515,0.42857142857142855,0.9023513113447451,2.100148891010949,0.7028454664156957,0.6705606214581284,-0.4,0.3054662379421222,0.6693224785335256
-0.38934034416825947,-1.6802216370170817,0.5,-1.0,0.0,0.10229276895943559,-0.4721128679705742,0.5,-0.15384615384615385,2.6757237308036318e-14,0.19447939844735307,0.04839873664398058,0.0,0.033428853379891446,1.4982591040386672,0.1569669837716844,-0.0307833527281669,-0.3,0.00964630225080386,-0.22392069075791513
-1.008843212237093,-0.2304057463694352,-0.75,-0.75,-0.7919849927647555,0.2111363063744016,-0.10365674982090889,0.0,0.07692307692307693,-0.10738255033554385,1.8760377774149692,1.458401996287173,1.0,1.6307264584203136,9.78620254444715,0.7708449916060437,0.957516953258784,0.1,0.909967845659164,1.942117045091143
1.0200286806883365,0.03437840377227278,0.75,0.5,-1.30035373812051,-0.058070042831947555,-0.34353829261585744,0.25,-0.15384615384615385,-0.024161073825476772,-0.19360059659056478,-0.0826805318243797,0.0,-0.10444263103958705,2.3974958726442573e-05,-0.6023614997202014,-0.38861953499016366,-0.9,-0.594855305466238,0.001375119923249121
-1.7718642447418729,-0.10876474231876415,-1.5,-1.25,1.4809584239705784,-1.10514487276392,0.5948829596968911,-2.0,0.3076923076923077,1.5402684563758666,-0.18804260831562264,-0.07834457288240024,0.0,-0.09882529320226212,-0.01795724408610548,-0.14725237828763282,0.08933531910360917,0.0,0.1639871382636656,-0.41595778701630964
-0.7848265501229167,-0.41975033381248333,-0.5,-0.5,0.4305054224833378,-0.25144872763920373,0.16796839025434424,-1.25,0.0,1.5429629384732635,3.58206353970618,1.5569721711905484,0.0,1.4260162447337459,-8.003491446862936,1.7134862898712926,1.1050861422250642,0.1,0.7877813504823151,-2.3619900406596916
0.23016252390057423,-0.7188994873303011,0.5,-0.25,0.2568599976534325,0.029730410682791624,0.14311832494835844,-1.0,0.07692307692307693,0.536912751677879,-0.18635755366498957,-0.07490695608790211,0.0,-0.09337875279918018,-0.04963882010094791,-0.3421936205931728,0.01439072776652007,-0.9,-0.1382636655948553,-0.7872721458266718
0.8690248565965586,-1.3013449758093056,1.25,0.0,-2.3478609160509247,2.873267825648777,-0.3527618055861286,3.25,0.7692307692307693,-2.355704697986552,-0.1935753869319004,-0.08267102081505545,0.0,-0.10444263103958705,-0.0007791861586093835,-0.5671516508114156,-0.34824621422172575,-0.9,-0.5659163987138264,-0.3753757595139112
-0.38934034416825947,-1.6802216370170817,0.5,-1.0,0.0,0.10229276895943559,-0.4721128679705742,0.5,-0.15384615384615385,2.6757237308036318e-14,-0.1167287045757384,-2.392077220436397e-05,0.0,0.009896762439746461,0.6543725234795239,-0.25769445998880797,-0.13756309726732976,-0.5,-0.24758842443729903,0.3234409977614328
-0.8539674952198847,-0.9905402352756641,-0.25,-1.0,0.09097124916892367,0.029730410682791624,0.03938495916326689,-0.5,0.15384615384615385,0.37583892617452336,2.7339247431801676,1.3464725538162057,1.0,1.307843397730292,5.192944093535828,1.1401790710688302,0.8653507130340345,0.1,0.6463022508038585,1.2114486728493765
-0.053776290630974645,0.9559066723879243,-0.25,0.5,1.8622349829873943,0.8279163517258753,0.7908020880767398,-0.75,0.8461538461538461,1.7181208053691543,-0.18995648909874757,-0.08042181811673699,1.0,-0.10148214217937526,0.008228738611775683,-0.2711247901510911,-0.1292938609383543,0.1,-0.18006430868167203,0.34723377038695263
0.036567877629063855,0.5247566326917756,-0.5,0.5,0.43077562106461226,1.734945830183925,1.247363541111417,-0.5,1.1538461538461537,4.1932885906040545,0.4042385877457959,0.05718834881165349,109.85714285714286,0.07111815386951076,-0.08865673348608183,0.47257974258533864,0.03892759835827745,1.6,0.1607717041800643,-0.6140709945634792
0.20434990439770626,0.8218969365975435,-0.25,0.5,0.6528524940358102,1.9435626102292762,1.2728285599101126,-0.25,1.3076923076923077,3.2993288590604304,0.11464691149598932,0.047613961051364846,1.0,0.020638023304361028,-0.7025115767179175,-0.020425293788472184,-0.1285798302440021,0.0,-0.2829581993569132,-0.3880396546210424
0.2817877629063102,0.5627672061737837,0.0,0.0,-8.664724809235532,2.864845409063095,-0.34759616486549383,3.25,0.7692307692307693,-0.2804410354745624,-0.18975686510479903,-0.08033165646127932,0.0,-0.10231715185789654,0.12828743539961637,-0.4850507634503157,-0.26874881668424766,-0.9,-0.4790996784565916,0.9341861208826358
0.604445506692161,-0.19452620134305715,0.75,0.5,-0.5056931203801981,4.873267825648776,0.5880004858098493,1.75,1.7692307692307692,-2.330201342281857,0.48709395231980906,0.19357554895970336,0.0,0.11909325539909667,-3.9365017509806663,0.12171236709569115,0.04562604039084094,0.0,0.0,-1.8240486088903114
0.23704588910133903,0.5417559028417387,0.0,0.5,0.13928726235377883,-0.10209120685311159,-0.3784168642264319,0.25,-0.15384615384615385,-0.09083918746404643,1.814391226430407,1.119475590134851,0.0,0.9023513113447451,-8.541852965430035,0.56819623204626,0.6380195064469745,-0.9,0.3054662379421222,-2.1166581352339433
0.026759082217973785,0.02147031524006322,0.0,0.0,-0.7826203053503086,-0.1335348954396573,0.008463537723417996,-0.5,-0.07692307692307693,-0.9664429530201073,2.8508898025647404,1.4661381803141946,0.0,1.3796352525904279,3.648713006139203,2.068931169557918,1.594978423376471,-0.9,1.4887459807073955,-0.9754716981132092
0.07841560924734986,0.4406061043899207,0.0,0.25,0.38450930777571907,-0.0263405025309787,-0.3348687958630487,0.25,-0.15384615384615385,0.11810016868250887,2.195463302769042,1.1623078446492932,0.42857142857142855,0.7994363684669982,1.9512571455357666,0.712545149310678,0.6562026749680165,-0.4,0.3054662379421222,0.6948334242555353
-0.028919694072657137,0.16325530489629886,0.0,0.0,-0.7357968682780656,-0.43923742336440735,0.24669885311832146,-1.5,0.0,1.9127516778523763,-0.1866921615024652,-0.0754705868795608,0.0,-0.09337875279918018,0.026434294770405042,-0.35295032021389033,-0.034421114292955794,-0.9,-0.1382636655948553,0.3423363333181052
-0.04295164374267484,0.1723430056477645,0.0,0.25,0.5680308667865109,-0.01942473524654783,-0.334369854459122,0.25,-0.15384615384615385,-0.23747023165184641,2.1700106943725146,1.1670145339187743,0.42857142857142855,0.9023513113447451,1.9023704387261229,0.663221835117425,0.6624486332330475,-0.4,0.3054662379421222,0.6479834841185511
-0.38934034416825947,-1.6802216370170817,0.5,-1.0,0.0,0.10229276895943559,-0.4721128679705742,0.5,-0.15384615384615385,2.6757237308036318e-14,0.19469613306935438,0.048297939527026615,0.0,0.033428853379891446,0.05042732985461754,0.11835478455512033,-0.020886286979599097,-0.3,0.00964630225080386,-0.9437160217460827
0.12691204588910177,0.479871502476691,-0.5,0.25,-0.9846299910048313,2.1340388007054663,1.0435155891168322,0.5,1.3076923076923077,-3.994630872483196,-0.004260546385130268,-0.004149503439881044,1.0,-0.02171974038789995,0.6975514241458468,-0.2392277560156686,-0.2732526776902956,0.1,-0.45980707395498394,0.32203389830508494
0.07528680688336581,0.45030871676323003,-0.5,0.25,-0.8347949923736624,2.0251952632905006,1.075216904194547,0.5,1.3076923076923077,-4.381208053691247,0.012975559606655179,-0.0070051161703297985,1.0,-0.02171974038789995,0.5405261000248597,-0.13626189143816447,-0.10484900185148188,0.1,-0.0707395498392283,0.7157659098177169
0.39364244741873866,-0.5381476195877953,0.5,0.5,0.08122432961511072,-0.10733182161753585,-0.3854908818665817,0.25,-0.15384615384615385,0.08628954937682466,-0.18970194210117297,-0.07784357206078509,0.0,-0.09764868865525486,-0.007116376637848827,-0.5000621774544548,-0.1630844535610018,-0.9,-0.2540192926045016,-0.08047877929553668
-0.0924952198852766,-0.1013970143539329,0.0,0.0,0.66087936896248,-0.15167548500881828,0.14857422121175642,-1.0,0.07692307692307693,0.37046979865774504,-0.18667695205530727,-0.074890912471637,0.0,-0.09337875279918018,0.004134348438159876,-0.3584219362059316,0.014064283846685203,-0.9,-0.1382636655948553,0.0913975055964184
0.5786328871892931,-1.2375854448680406,1.0,0.0,0.2060231231178572,-0.1063240110859158,-0.3840532391514685,0.25,-0.15384615384615385,-0.1852348993288324,-0.19212383531876032,-0.079779678891712,0.0,-0.09956541541731506,-0.009070526051504112,-0.5514829322887519,-0.2173780626761423,-0.9,-0.3054662379421222,-0.15663575311800454
-0.38934034416825947,-1.6802216370170817,0.5,-1.0,0.0,0.10229276895943559,-0.4721128679705742,0.5,-0.15384615384615385,2.6757237308036318e-14,0.06801474650961012,0.055620186757304624,1.0,0.033428853379891446,-1.9829075669250977,-0.2263570229434806,-0.21982929506350743,0.1,-0.40836012861736337,-0.6771346338343462
0.9271032504780119,-0.05369833760620738,0.75,0.5,0.8347949923736605,3.349458301839253,1.1428820612170658,1.75,1.6923076923076923,-1.4604026845637335,-0.08124126199437202,-0.024267233255108604,0.0,-0.03462443541959236,0.4218580459818778,-0.15976496922215996,-0.084602998167444,0.0,-0.07395498392282958,0.6379916853213948
0.39794455066921663,0.5825520668904635,-0.25,0.5,0.49499062047796993,2.3698664651045593,1.264532717759772,-0.25,1.3076923076923077,3.087248322147679,0.12463381473610063,0.044939157447468965,1.0,0.020638023304361028,-1.1879751882010476,-0.043928371572467775,-0.13580074889672705,0.1,-0.2829581993569132,-0.6313399424368407
0.8754780114722759,0.6513270473384639,0.25,0.5,0.24615749775120718,-0.11539430587049632,-0.3986660603493769,0.25,-0.15384615384615385,-0.07516778523487275,-0.19243182662370947,-0.08150458094140883,0.0,-0.10263976923368885,-0.008420538281587222,-0.5470061555679909,-0.32400504234210903,-0.9,-0.5209003215434084,-0.15228653661656555
1.0200286806883365,0.03437840377227278,0.75,0.5,-0.3371287469201318,-0.058070042831947555,-0.34353829261585744,0.25,-0.15384615384615385,0.07248322147653667,-0.19355907479982348,-0.08262614857903919,0.0,-0.10434774357611873,-0.00041956177771274505,-0.5982876329043088,-0.3808363661455941,-0.9,-0.5819935691318328,-0.020211064918452197
0.3812141491395796,-0.49394534079176766,0.5,0.5,0.2580066940715292,-0.10733182161753585,-0.3854908818665817,0.25,-0.15384615384615385,-0.009587727708506362,-0.18954815769102001,-0.07785829484027512,0.0,-0.09764868865525486,0.0013795115140214993,-0.49790669236668106,-0.1634820423399877,-0.9,-0.2540192926045016,0.03967289506144645
0.7335086042065014,0.01750500076446627,0.75,0.5,-0.6983381186202743,2.56034265558075,0.8479304724542682,1.75,1.3076923076923077,-0.636241610738228,-0.058130507037815186,-0.027904643251253625,0.0,-0.03462443541959236,-0.5656758317288979,-0.12395075545607157,-0.0957329203170947,0.1,-0.07395498392282958,-0.5631595778701634
0.36878585086042115,-0.42931012996133183,0.5,0.5,0.40134374633349035,-0.09859746367682873,-0.37419638571207936,0.25,-0.15384615384615385,-0.038350910834105786,-0.18897146615294647,-0.07779436154621128,0.0,-0.09764868865525486,0.00192655918337485,-0.470963128769508,-0.15033849409017672,-0.9,-0.2540192926045016,-0.019260815934944477
0.6844646271510517,0.6610603761952648,0.25,0.5,1.7653089594367786,-0.10995212899974799,-0.38942402637570117,0.25,-0.15384615384615385,-0.047232174395694396,-0.18486322548171763,-0.07736070077834603,0.0,-0.09952746043192773,-0.008049637458114992,0.01773922775601577,0.4792943648490549,-0.9,0.572347266881029,-0.525039974416374
-1.6644837476099417,0.2996279531874726,-1.5,-0.25,1.9264499824007526,-0.973081380700428,0.8716027167768133,-2.0,0.6153846153846154,2.7241610738255306,-0.18948993930717642,-0.07917001673238953,0.0,-0.09882529320226212,-0.003524318932787056,-0.21068830442081693,0.05651459369817316,0.0,0.1639871382636656,-0.16181643748001281
-1.74501912045889,-0.04834630043752516,-1.5,-1.25,1.005366084565392,-1.2372083648274121,0.21073655021404028,-2.0,-0.23076923076923078,-0.8456375838925904,-0.17712237735066164,-0.06641854648029558,0.0,-0.07924052074239951,-0.1393964037752187,-0.1344487968662562,0.08692823809674986,0.0,0.1639871382636656,-0.23118004477134654
-0.5504110898661563,-0.07407056359958207,-0.5,-0.25,-0.9090435854453575,-0.03920382968002016,0.09006315449427961,-0.5,0.0,1.4013422818792216,1.4999190239527405,1.2135798204700965,1.0,1.226354044103693,-5.179879738943144,0.6296922216004477,0.8676885271342857,0.1,0.7395498392282959,-1.0684362008314687
-0.8668738049713187,0.13859805697554883,-0.75,-0.5,0.12575437385115923,0.03880070546737214,0.255359748721256,-0.75,0.15384615384615385,-1.9516778523489664,0.7933285661222397,0.922323412404164,0.0,1.3084127225111017,-4.292886848564933,0.4418019026301062,0.7705781634666441,0.0,1.1318327974276527,-1.3494723377038707
-1.677906309751433,0.24759177371327137,-1.5,-0.5,-0.42743108984516787,-1.1617435122197024,0.2751633135448863,-2.0,-0.23076923076923078,-1.6791946308724564,-0.13579040050989669,-0.036908634103736966,0.2857142857142857,-0.053488063157095686,-0.5519874622382507,-0.06286513710128705,0.08234147162161581,0.1,0.1639871382636656,-0.13389830508474615
-0.38934034416825947,-1.6802216370170817,0.5,-1.0,0.0,0.10229276895943559,-0.4721128679705742,0.5,-0.15384615384615385,2.6757237308036318e-14,0.19455924804493255,0.04836174620941343,0.0,0.033428853379891446,1.8588797776646049,0.1580861779518747,-0.03163526970146732,-0.3,0.00964630225080386,0.04419571474256463
-1.5571032504780107,0.5760686732673224,-1.5,-0.5,-1.384635924850543,-1.142877299067775,0.2858230756359349,-2.0,-0.23076923076923078,-2.567114093959705,-0.08007408901946832,-0.01419418581721848,0.2857142857142857,-0.040981895471970245,-0.9996598790577498,-0.013978735310576274,0.07228685531937488,0.1,0.1639871382636656,0.17204988807163404
-0.9314053537284886,-0.9490911917661624,-0.25,-1.0,0.1498349986311699,-0.060972537163013325,-0.034503006317578966,-0.5,0.0,0.042953020134254775,1.880172845861046,1.2131785895420373,1.0,1.307843397730292,6.76550958632065,0.7014549524342473,0.7653327104169854,0.1,0.6463022508038585,1.7970578829549104
-1.008843212237093,-0.004315427961205398,-0.5,-0.5,0.36388499667569696,0.06601158982111363,0.3642352754184637,-1.25,0.15384615384615385,-1.095302013422792,0.006667441397881292,-0.02583331896727258,17.571428571428573,-0.0387615288268114,0.556647927826241,-0.04952434247341902,-0.21005529668018813,0.7,-0.3633440514469453,0.3807483210745128
0.10779158699808825,0.20047823408541193,0.5,0.25,1.6531540027546148,1.1678844377257072,1.4672870071964883,0.5,1.3846153846153846,4.7459252157239025,-0.01382200758946131,0.08637694478476175,0.0,0.14207499905112536,1.0524007924294687,-0.1912889386308524,-0.09518791621172973,-0.5,-0.24758842443729903,0.3311434967335194
0.643164435946463,-0.09031740738661931,0.75,0.5,0.4066949962846024,4.492315444696397,0.9019510833835139,1.75,1.6923076923076923,-3.436241610738226,0.3844644052595219,0.19412767176678486,0.0,0.11909325539909667,-4.153832087951565,-0.01874650251818682,-0.04982688686280512,0.0,-0.22186495176848875,-1.3754397185801097
-0.9055927342256207,-1.027665629748429,-0.25,-1.0,0.02140499980445074,-0.060972537163013325,0.0038768473482520193,-0.5,0.0,0.3006711409396242,1.5504738574556354,1.2478192165310242,1.0,1.3329506205640111,1.9870499070161676,0.534135422495803,0.7645897288173739,0.1,0.6913183279742765,0.4248800767508802
0.06157385277246701,0.29587078235759623,0.0,0.25,0.2711056409662915,-0.022990677752582504,-0.3345675647607575,0.25,-0.15384615384615385,-0.1511174201420738,1.9047208935740323,1.1368134053359498,0.42857142857142855,0.9023513113447451,1.8990634675588305,0.5367935086737549,0.6429744538371222,-0.4,0.3054662379421222,0.6687899920004284
-0.0021510516252386995,-1.0071615067463857,0.75,0.25,-0.26756249755566075,-0.07911312673217431,-0.35598326849497575,0.25,-0.15384615384615385,-0.0322147651006445,-0.19361245995934798,-0.0826964870561695,0.0,-0.10446160853228072,0.0,-0.602965864577504,-0.3894052057893649,-0.9,-0.594855305466238,-6.395906619763371e-05
0.7247323135755263,1.1384577599544505,-0.25,0.5,2.1491957616158386,4.422655580750818,1.3407162293688621,0.0,1.7692307692307692,5.206711409395999,0.08312434364700207,0.12346151788016112,0.0,0.10899722928606673,2.6848837028981247,0.1344264129826525,0.004883478784488359,0.3,0.0,0.9442596738087625
-0.11830783938814457,-0.03397379424606168,0.0,0.0,0.3505068717979138,-0.20609725371630128,0.09363418147073478,-1.0,0.07692307692307693,-0.0966442953019868,-0.1863347394942526,-0.0749112439127218,0.0,-0.09337875279918018,0.013404665812384343,-0.34722999440402896,0.011997383590831447,-0.9,-0.1382636655948553,0.2553885513271508
-0.38934034416825947,-1.6802216370170817,0.5,-1.0,0.0,0.10229276895943559,-0.4721128679705742,0.5,-0.15384615384615385,2.6757237308036318e-14,-0.11700247462458212,1.4845322138225162e-05,0.0,0.009896762439746461,0.5142468813763756,-0.2912702853945159,-0.14228722513986464,-0.5,-0.24758842443729903,0.2694595458906301
-0.8479445506692153,-0.4328874790693904,-0.5,-0.5,-0.2594225261339184,-0.4008062484252959,-0.023514670757946575,-1.25,-0.15384615384615385,-0.7197258699076262,4.827706669651521,1.4140662725049142,0.0,1.2645367594033476,-0.4295109855571017,2.4518746502518183,1.0500352058376967,0.1,0.7234726688102894,-0.18317627552626717
1.0303537284894837,0.006462215004048819,0.75,0.5,-1.0702499902226417,-0.07911312673217431,-0.35598326849497575,0.25,-0.15384615384615385,-0.08590604026842948,-0.18276432177391583,-0.07294064937710922,0.0,-0.09106349869055301,0.062579970044621,0.07470621152770007,0.48177424531257057,-0.9,0.31189710610932475,1.806267988487369
-0.38934034416825947,-1.6802216370170817,0.5,-1.0,0.0,0.10229276895943559,-0.4721128679705742,0.5,-0.15384615384615385,2.6757237308036318e-14,-0.17274890082038333,-0.05174476735460412,0.0,-0.052842828405511064,0.18328056781074475,-0.3315612758813653,-0.23636319167734515,0.1,-0.3536977491961415,0.1479373201151264
-0.8797801147227527,-1.027665629748429,-0.25,-1.0,-0.06421499941335931,-0.08818342151675482,-0.03953985244974258,-0.5,0.0,0.14765100671143624,1.7961197373233417,1.1653604049035182,1.0,1.3329506205640111,0.16366105991960658,0.7098489087856743,0.7075244940583683,0.1,0.6913183279742765,-0.14537895746722126
-0.8656248072534378,-0.5302435425062616,-0.5,-0.5,0.17040926003595225,-0.30089646372288453,0.0665251351615662,-1.25,0.15384615384615385,-0.5097694306126603,4.959418764844017,1.3936206159497437,1.0,1.3088112498576687,6.739507841298424,2.526968969438778,1.0333342010335185,0.1,0.8327974276527331,1.9797234286185879
0.5552103250478015,1.2074227214379791,-0.25,0.5,0.2580066940715302,3.334005207021079,1.6414655652333674,0.0,1.6153846153846154,3.4372003835091354,-0.055640382550338575,0.07620170182561185,0.0,0.14207499905112536,-0.4932942896690666,-0.010228191257849828,-0.010257421681316296,-0.5,0.01929260450160772,0.005409109598428606
0.47538240917782054,0.23327067591345366,0.75,0.5,1.918423107474083,-0.07911312673217431,-0.35598326849497575,0.25,-0.15384615384615385,0.13959731543626833,-0.19361245995934798,-0.0826964870561695,0.0,-0.10446160853228072,0.0,-0.602965864577504,-0.3894052057893649,-0.9,-0.594855305466238,-0.0005756315957787018
0.2430688336520082,0.7138769935099644,-0.5,0.5,-1.206706863976029,0.7462836986646508,0.771296610907331,-0.5,0.9230769230769231,-1.6778523489932622,0.16413084782449064,0.061178071895775496,0.0,0.09584582684935666,0.9616542417077323,1.1709569110240627,0.7680232344907632,-0.9,0.6816720257234726,-1.3368084425967393
0.4615542201584273,0.980737091903909,0.0,0.5,2.203930744952012,-0.11669006226829352,-0.40112742552318514,0.25,-0.15384615384615385,0.06017125665357911,0.8124223974454646,0.8829185210772478,0.0,0.9023513113447451,-6.598060535412595,0.009633064193780584,0.3977266733916455,-0.9,0.2090032154340836,-1.635274842819807
0.4557839388145321,-0.6595423784888834,0.75,0.5,0.04300111567858813,-0.06366003191400015,-0.34625404006521154,0.25,-0.15384615384615385,0.08628954937682448,-0.18879571254134309,-0.0772508914313888,0.0,-0.09764868865525486,-0.016068930670222827,-0.46288005969035617,-0.11516662485669212,-0.9,-0.2540192926045016,-0.1448946959660105
-0.8668738049713187,0.13859805697554883,-0.75,-0.5,0.206023123117859,0.06601158982111363,0.26388375948110393,-0.75,0.15384615384615385,-2.05100671140937,0.7933285661222397,0.922323412404164,0.0,1.3084127225111017,-3.3719394228903954,0.4418019026301062,0.7705781634666441,0.0,1.1318327974276527,-0.9380876239206911
-0.38934034416825947,-1.6802216370170817,0.5,-1.0,0.0,0.10229276895943559,-0.4721128679705742,0.5,-0.15384615384615385,2.6757237308036318e-14,0.10546420777435647,0.14108338852535895,1.0,0.13655254867726876,-1.328071527576863,-0.13626189143816447,-0.02083235672446934,0.1,-0.02572347266881029,-0.37921330348576954
-0.8539674952198847,-0.03294220280731867,-0.75,-0.75,0.7224187434002823,-0.44192491811539414,0.04506601485579513,-1.0,-0.07692307692307693,-0.3597315436241347,-0.19012189183659065,-0.07982723735639433,1.0,-0.0998690553004137,-0.0195955329324124,-0.3170117515388919,-0.18219807345076638,0.1,-0.2958199356913183,-0.3936680524464346
0.2817877629063102,-0.07049593030452639,0.75,0.5,1.4127299870938848,-0.09725371630133534,-0.3726654203351548,0.25,-0.15384615384615385,0.08590604026848311,-0.19361245995934798,-0.0826964870561695,0.0,-0.10446160853228072,0.0,-0.602965864577504,-0.3894052057893649,-0.9,-0.594855305466238,0.0001918771985929005
0.7722275334608034,-0.8315251053012923,1.25,0.5,0.6582037439869243,-0.060972537163013325,-0.3448992655169234,0.25,-0.15384615384615385,0.2147651006711677,1.7863210509918106,1.8960171455613302,0.0,2.3402379777583784,21.08446044973788,0.7260772243984331,1.4936124764819503,-0.9,1.4244372990353698,6.54768148385034
0.33341300191204615,1.2287688510685904,-0.5,0.5,0.25685999765343365,1.6986646510456032,1.1786711926744284,-0.75,1.0,4.499328859060431,0.07716893251782181,0.0992192471620339,1.0,0.09833187839222682,1.567163135418463,1.4837716843872408,1.4084279508082755,0.1,1.6495176848874598,5.492612727854176
0.20721797323135827,1.1906445523268763,-0.25,0.5,0.2484508905873974,2.19853867472915,1.7141272193927461,0.0,1.3846153846153846,3.8350910834132588,-0.0021893154214631255,0.08750059130555898,0.0,0.14207499905112536,-0.27546466466881664,-0.00807270617007603,0.023560391203432843,-0.5,0.01929260450160772,0.24708300973091527
-0.053776290630974645,-1.6802216370170817,0.75,-0.75,-5.450123221800515e-15,-1.3126732174351217,-0.4721128679705742,-1.0,-0.6153846153846154,2.9280796533217116e-14,-0.19361245995934798,-0.0826964870561695,0.0,-0.10446160853228072,0.0,-0.6035254616675991,-0.3913180951789943,-0.9,-0.5980707395498392,-0.0012152222577550375
-1.1379063097514333,-0.17822646524693547,-1.0,-1.25,0.5565299949157732,0.10229276895943559,-0.05340164246220782,0.0,0.07692307692307693,-0.47248322147648364,2.7012263329713964,1.6516386990218845,1.0,1.6307264584203136,-8.862926883891848,1.1625629546726357,1.1004782002804907,0.1,0.909967845659164,-2.113143588103615
0.4160133843212242,-0.13470204602241534,0.75,0.5,-1.0294467093454027,-0.029770723104056436,-0.33529399618958644,0.25,-0.15384615384615385,-0.17516778523487275,-0.19360059659056478,-0.0826805318243797,0.0,-0.10444263103958705,-8.391235554254903e-05,-0.6023614997202014,-0.38861953499016366,-0.9,-0.594855305466238,-0.003805564438759198
0.5054971319311665,-0.6983498212027958,1.0,0.5,-0.019111606968260694,-0.06366003191400015,-0.34625404006521154,0.25,-0.15384615384615385,-0.0671140939597048,-0.19216249266362018,-0.07983327035140061,0.0,-0.09956541541731506,0.009775504004531645,-0.5534104333768575,-0.22049735962005837,-0.9,-0.3054662379421222,0.16804787792955372
-1.4899904397705537,0.5949908114214466,-1.5,-0.25,2.3057198226859006,-0.7466868228772989,1.1761421560844607,-2.0,0.6153846153846154,4.548322147651035,-0.18997040574289714,-0.07925141937981842,0.0,-0.09882529320226212,-0.0023615334345545988,-0.22698377168438716,0.05264756539700877,0.0,0.1639871382636656,-0.16411896386312774
0.08858421693029758,0.44160032012141415,0.0,0.25,-0.02354138619035027,-0.0263405025309787,-0.3348687958630487,0.25,-0.15384615384615385,0.1968336144708303,2.1678180585438844,1.1229041590576674,0.42857142857142855,0.7994363684669982,1.0336456491097943,0.645970053076936,0.5998416325348316,-0.4,0.3054662379421222,0.33743007683638665
1.1810994263862333,-0.9925978985307836,1.25,0.5,-0.5719148385252276,5.06410682791635,0.18237800460668185,4.75,1.7692307692307692,1.4979865771812308,0.38285235595524725,0.19137233236151618,0.0,0.11909325539909667,4.3578683103086515,0.21241186345831004,-0.00011871863338223696,0.4,0.0,1.1382475215861854
0.9529158699808798,0.08714763144863286,0.75,0.5,-1.3906560810455444,-0.058070042831947555,-0.34353829261585744,0.25,-0.15384615384615385,-0.0724832214764834,-0.19360059659056478,-0.0826805318243797,0.0,-0.10444263103958705,1.1987479363221291e-05,-0.6023614997202014,-0.38861953499016366,-0.9,-0.594855305466238,0.0007994883274704199
-0.38934034416825947,-1.6802216370170817,0.5,-1.0,0.0,0.10229276895943559,-0.4721128679705742,0.5,-0.15384615384615385,2.6757237308036318e-14,-0.1725264626556978,-0.0517608322186008,0.0,-0.052842828405511064,0.13024529522355077,-0.34722999440402896,-0.23175789212262565,-0.5,-0.3536977491961415,-0.01733290693955874
0.08293499043977073,0.47962408461531164,-0.25,0.25,0.9316908397027455,1.22029058536995,1.5049653101762817,0.0,1.3846153846153846,3.2790028763183408,0.015841906668970264,0.08706035347302915,0.0,0.14207499905112536,0.8799095268779744,-0.05495450682915703,0.029130883791617213,-0.5,0.01929260450160772,0.7007355292612732
-0.0021510516252386995,0.3163973709180964,-0.5,0.0,-0.5190712452579804,2.4061476442428815,0.8853290620459998,-2.25,1.1538461538461537,-0.7355704697986318,0.1795475237000022,0.025481948343101513,100.42857142857143,0.0561638896269025,-0.9837564897692088,0.6007274762171237,0.3926074090025561,1.1,0.5594855305466238,-0.25116725295810705
0.2430688336520082,0.5745297993897495,-0.5,0.5,-1.14249186456267,2.143109095490047,1.0471076134161563,0.5,1.3076923076923077,-3.879194630872457,-0.020424386352277862,-0.002876961062994264,1.0,-0.02171974038789995,0.8157266595927853,-0.21292669278119744,-0.21732295492739398,0.1,-0.3086816720257235,0.1405180684362009
0.4682122370936906,-1.1302634175158164,1.0,0.0,0.44912276375414334,-0.08112874779541442,-0.3575227513197457,0.25,-0.15384615384615385,-0.12943432406516986,-0.1921734772643454,-0.0798324435817587,0.0,-0.09956541541731506,0.002397495872644258,-0.5534104333768575,-0.22049735962005837,-0.9,-0.3054662379421222,0.0405865960071269
-0.31190248565965556,-0.23823841248691088,-0.25,-0.25,0.1230787488756034,0.3018392542202065,0.28733091118202897,-0.5,0.38461538461538464,-0.005369127516751937,-0.051337587700880545,-0.013817120827909249,0.0,-0.006006376437545071,-0.026076763441460458,0.1653609401231114,0.01122874086799212,-0.3,0.00964630225080386,0.5370642788615292
0.6546367112810709,-0.1492027492247844,0.0,0.5,-0.19111606968261516,-0.06366003191400015,-0.34625404006521154,0.25,-0.15384615384615385,0.01917545541709299,2.172239859635815,1.8752155847084473,0.0,2.3402379777583784,15.702594252270035,0.919863624116562,1.4456532307814196,-0.9,1.4244372990353698,4.525716113116181
0.4930688336520081,-0.6940807931766293,1.0,0.5,-0.04300111567858926,-0.06366003191400015,-0.34625404006521154,0.25,-0.15384615384615385,0.009587727708559797,-0.18879571254134309,-0.0772508914313888,0.0,-0.09764868865525486,-0.02441259686192527,-0.4634189309622996,-0.11504525438450194,-0.9,-0.2540192926045016,-0.260934716067431
0.617351816443595,0.7424832100065533,0.25,0.5,0.6124854563611073,-0.11388259007306624,-0.39593290632631684,0.25,-0.15384615384615385,-0.05462503647502449,-0.18584566070907868,-0.07773046665142017,0.0,-0.09952746043192773,-0.01575649923344455,-0.06519306099608274,0.41363327573045705,-0.9,0.572347266881029,-0.7482348688143944
-0.260277246653919,-0.22261516964585423,-0.25,-0.25,0.42274874613794283,0.6646510456034265,0.6306088690684627,-0.5,0.46153846153846156,-0.4134228187919187,0.03230486576355824,-0.0314831506789333,73.71428571428571,-0.02171974038789995,-0.36713120686231826,0.17599328483491894,-0.05110911733670348,1.4,-0.0707395498392283,0.2734250079948831
0.15272466539196972,0.9567657658796587,-0.5,0.5,-0.36923624662681165,0.7644242882338118,0.7817372935933419,-0.5,0.9230769230769231,-2.4456375838925912,0.1455030774177496,0.06532868943252935,0.0,0.09584582684935666,1.3805340650389253,1.1703973139339674,0.7709358675091718,-0.9,0.6816720257234726,-0.1526702910137515
0.9663384321223709,-0.5068370898879699,0.75,0.5,-1.09566842749043,5.215036533131769,-0.019408766072790684,5.0,1.7692307692307692,0.0543624161074076,0.5453864399698567,0.18604165410719736,0.2857142857142857,0.11909325539909667,3.7126901835007184,0.2915612758813655,-0.01770042753780358,0.4,0.0,0.6489606651742885
0.2559751434034422,1.1697727850042865,-0.5,0.5,0.09097124916892219,1.8982111363063736,1.227113590598472,-0.75,1.0,4.859060402684591,0.0766385030481871,0.09934009023959468,1.0,0.09833187839222682,1.0711878364759397,1.4686625629546726,1.4152446621604668,-0.2,1.6495176848874598,3.8551327150623633
0.6576195028680689,0.7486269835743454,0.25,0.5,0.7585396805702952,-0.10523557571176613,-0.38254389133702654,0.25,-0.15384615384615385,0.018120805369154253,-0.18558689097749453,-0.07780489455245176,0.0,-0.09952746043192773,-0.010800718906262382,-0.07392277560156682,0.3979117264096345,-0.9,0.572347266881029,-0.7138471378317881
-1.0862810707456971,0.18258703067631485,-0.75,-0.5,0.6421499941335832,0.2836986646510455,-0.044373222202040825,-0.25,0.15384615384615385,0.740939597315463,1.8074127518381446,1.3367544350102758,0.0,1.4374406953353323,0.3724350005094684,0.8866815892557358,1.0298730377653496,0.0,1.1318327974276527,1.0841701311160867
0.20434990439770626,1.0145416775485778,-0.5,0.5,0.4762612456490747,2.052406147644242,1.2518348498598504,-0.25,1.3076923076923077,-0.07785234899326278,-0.0009753057990057325,0.02170900151490881,1.0,0.020638023304361028,-0.5005252133319418,-0.16536094012311126,-0.1605437069896867,0.1,-0.2829581993569132,-0.3984010233450594
0.5528202676864251,-1.1937057656350647,1.0,0.0,0.3023456222378954,-0.08818342151675482,-0.36348357454533115,0.25,-0.15384615384615385,-0.28187919463084576,-0.19212383531876032,-0.079779678891712,0.0,-0.09956541541731506,-0.00628943083923677,-0.5514829322887519,-0.2173780626761423,-0.9,-0.3054662379421222,-0.10905020786696523
-0.0985181644359458,0.21982232908217966,0.0,0.25,0.5292915969443652,-0.03920382968002016,-0.3370825550843979,0.25,-0.15384615384615385,-0.2725175623921917,2.25898580079284,1.1808775414929604,0.42857142857142855,0.9023513113447451,0.9566828587446585,0.7316358888267114,0.6899458720426166,-0.4,0.3054662379421222,0.27638775699681145
-0.5958413001912038,-0.1632211459437162,-0.5,-0.25,-0.834794992373661,0.08415217939027461,0.06258796252858838,-0.5,0.07692307692307693,1.3959731543624432,1.8228294277136565,1.2857755765776564,1.0,1.226354044103693,-6.428208555882633,0.7909904868494683,0.9168944136451179,0.1,0.7395498392282959,-1.7084106172049902
0.11400573613766776,1.1834495068162167,-0.75,0.5,0.7411481182291775,2.5694129503653302,1.4906720481056481,-0.75,1.6153846153846154,0.6496644295302272,-0.16062887261636474,-0.04519867250634752,0.0,-0.05045166432610924,0.11229071502174821,0.16200335758254059,1.0940358722080665,-0.9,1.4533762057877813,3.317492804605055
-0.9443116634799229,0.11856225467803912,-1.0,-0.75,-0.8963343668114616,-0.4782060972537161,-0.11167432768523021,-1.0,-0.15384615384615385,0.6926174496644565,-0.18428146412792476,-0.07390827989021632,1.0,-0.09362546020419782,0.0810193771895583,-0.05400111919418016,0.33204916540040896,0.1,0.4405144694533762,1.7264470738727227
0.7214923847827522,-0.08654090745894581,0.0,0.5,0.09252653856358099,-0.06847898801921785,-0.3489209275043456,0.25,-0.15384615384615385,-0.17019869739145005,2.6880816338230704,1.8624349186920444,0.0,2.3402379777583784,7.987471857103944,1.1559635682997895,1.384432020727517,-0.9,1.4244372990353698,1.7914376769311002
-1.021749521988527,0.07522705484931466,-0.75,-0.25,0.9605493662248188,-0.024691358024691367,1.2290965839894967,-2.0,0.6153846153846154,4.408053691275196,-0.19022455560490703,-0.07931735117646944,0.0,-0.09882529320226212,-0.018625879046142945,-0.25993284834918845,0.04687305176183532,0.0,0.1639871382636656,-0.792260952990087
-1.2669694072657736,-0.015162831318244491,-1.0,-1.25,0.10702499902226363,0.19299571680524055,-0.05989368256434774,0.0,0.07692307692307693,-0.6013422818791683,2.8075004438069153,1.5943134812671658,1.0,1.6307264584203136,1.2120620300682146,1.2073307218802463,1.0640839821579489,0.1,0.909967845659164,0.5508794371602188
-0.49259082217973194,0.5275797451750901,-0.25,0.25,-1.9157474824985277,1.1272360796170315,0.6718766669355086,-0.25,0.9230769230769231,-2.155704697986551,-0.06818014924745318,-0.04303223307161246,5.857142857142857,-0.062312597259650056,0.39085576046428466,-0.20621152770005588,-0.2592184356970923,0.2,-0.40514469453376206,0.2512951710905023
-0.9830305927342249,0.04102355202439829,-0.75,-0.5,0.34247999687124475,0.2836986646510455,-0.030922269793356008,-0.25,0.15384615384615385,0.3973154362416375,1.8161163579743014,1.334929767105407,0.0,1.4374406953353323,-3.270096462104773,0.891717963066592,1.027850301569435,0.0,1.1318327974276527,-0.08589702590342252
-0.260277246653919,-0.37164318340078295,-0.25,-0.25,-0.2354549978489807,0.3562610229276895,0.2240192654773615,0.0,0.38461538461538464,-0.6872483221476243,-0.026584212451261437,-0.004728475591305941,0.0,-0.006006376437545071,0.2627149338400551,0.19222160044767772,0.006311935916554867,-0.3,0.00964630225080386,0.37179405180684383
0.1202198852772473,0.3595929303538723,-0.25,0.25,1.3139229790679745,1.2377593012513644,1.4884505533551993,0.0,1.3846153846153846,4.0268456375839214,0.014188724259826063,0.08734390534092937,0.0,0.14207499905112536,1.040375257576206,-0.0705817737155174,0.03206947443185533,-0.5,0.01929260450160772,0.7726894787336112
-0.9055927342256207,-1.027665629748429,-0.25,-1.0,-0.1284299988267164,-0.060972537163013325,0.003876847348251958,-0.5,0.0,0.6657718120805637,1.8165041988768298,1.296729227521037,1.0,1.3329506205640111,2.1357878870707117,0.6768326804700615,0.8118228493123408,0.1,0.6913183279742765,0.49613047649504305
0.3721319311663487,-0.42961505848831777,0.5,0.25,-0.4949906204779723,-0.1063240110859158,-0.3840532391514685,0.25,-0.15384615384615385,0.002684563758416042,-0.1886903026228454,-0.07772770226036271,0.0,-0.09764868865525486,0.025559969886690737,-0.45187465025181855,-0.14615372524153578,-0.9,-0.2540192926045016,0.25219059801726923
-0.13121414913957855,0.3546028866444691,-0.5,0.25,-0.6421499941335844,1.1090954900478707,0.8287200859999533,-0.5,0.8461538461538461,-3.583892617449639,0.02631044240241773,-0.0151624808784811,1.0,-0.02171974038789995,0.06317934401278205,0.0030777839955233024,-0.05965506836659799,0.2,-0.0707395498392283,0.8225775503677649
-0.053776290630974645,-1.6802216370170817,0.75,-0.75,-1.0812577784348435e-14,-1.3126732174351217,-0.4721128679705742,-1.0,-0.6153846153846154,3.000102365309868e-14,-0.19361245995934798,-0.0826964870561695,0.0,-0.10446160853228072,0.0,-0.6035254616675991,-0.3913180951789943,-0.9,-0.5980707395498392,-0.0012152222577550375
-0.9701242829827909,0.010821011671897814,-0.5,-0.5,0.40401937130904647,0.002519526329050129,0.3693927989362745,-1.25,0.15384615384615385,-1.1248322147650738,0.027240119859949532,-0.017664539667105985,17.571428571428573,-0.023598512164572816,0.7003724776226583,-0.03441522104085055,-0.21354448364532072,0.7,-0.3633440514469453,0.3401982731052129
0.7515774378585091,0.90355793339248,-0.25,0.5,0.4454915584301724,2.8284605694129494,2.040902471118966,-0.75,1.7692307692307692,0.9906040268456626,-0.16796385665000993,-0.058838494671482805,0.0,-0.07303488063157096,-0.018143050016235424,0.44636821488528255,1.1786430645600379,-0.9,1.4533762057877813,0.0062679884873670716
-0.4027629063097506,-0.2270201298577665,0.0,-0.25,-0.5056931203801993,-0.12410178886369358,0.04194902879253923,-0.5,0.0,0.8395973154362683,2.066062709025928,1.4015028659597184,1.0,1.3796352525904279,-6.278544210061735,0.9521096810296586,0.9895551624649253,0.1,0.7395498392282959,-1.2385353373840757
0.9126481835564059,0.6717613474588946,-0.25,0.5,-0.9632249912003786,2.743562610229276,1.6714268961418035,0.5,1.7692307692307692,-4.6268456375838705,-0.16004505798720553,-0.0566965894257655,0.0,-0.07303488063157096,-0.10421315184416424,0.8543368774482373,1.293561106075726,-0.9,1.4533762057877813,-1.1162136232811009
-0.01906276785125538,0.19139437205997437,0.0,0.25,-0.04240799684164406,-0.05221501116410802,-0.34110286523521843,0.25,-0.15384615384615385,-0.3287929381425992,2.3589805340300765,1.1970383859969764,0.42857142857142855,0.9023513113447451,-0.2900875523303597,0.8348706172934797,0.6840453316375167,-0.4,0.3054662379421222,0.22881056616376375
-0.1407743785850856,-0.1260557530214076,0.5,0.25,1.0989174006750333,0.7661039724531786,1.3913227197138798,0.5,1.3846153846153846,4.170661553211917,-0.1198288968881075,-0.001330303668141455,0.0,0.009896762439746461,0.23884101243967382,-0.2877468963087317,-0.14714368177432355,-0.5,-0.24758842443729903,0.17512906025857758
-0.31190248565965556,0.3400802092498703,-0.5,0.25,-0.6475012440846977,0.8279163517258753,0.7532240943976305,-0.5,0.7692307692307693,-3.2751677852348733,0.031010161574234838,-0.018686981791347344,1.0,-0.02171974038789995,0.16160454123773782,0.018186905428091874,-0.0638258450124227,0.2,-0.0707395498392283,0.6891589382795016
-0.2650573613766725,-0.534475346389446,0.5,0.25,0.5972377177581715,0.45166708658772137,0.971586900429302,0.5,1.3846153846153846,2.3969319271332963,-0.11976848158411882,-0.0013387994509820407,0.0,0.009896762439746461,0.36496166337502534,-0.2785860846856929,-0.14727601027038414,-0.5,-0.24758842443729903,0.24434190689387372
0.9141969407265779,-0.010747573291790425,0.75,0.5,0.5003418704290854,3.2406147644242873,1.1970860202519715,1.75,1.6923076923076923,-1.8147651006711154,-0.08105304508579196,-0.02432240070514075,0.0,-0.03462443541959236,0.3201962293288524,-0.15976496922215996,-0.084602998167444,0.0,-0.07395498392282958,0.5082826990725938
0.3812141491395796,-0.5937544637493856,0.5,0.5,0.1528928557460909,-0.06366003191400015,-0.34625404006521154,0.25,-0.15384615384615385,0.162991371045089,-0.19021272603489528,-0.07790497084018014,0.0,-0.09764868865525486,-0.024907318232470912,-0.511917345437211,-0.1649630303290168,-0.9,-0.2540192926045016,-0.31667047375394064
-1.073374760994263,-0.025739072537831014,-1.0,-0.75,-0.5431518700379908,-0.3784328546233307,-0.078726528021772,-1.0,-0.07692307692307693,0.8617449664429797,-0.182838467828811,-0.07357453717022838,0.0,-0.09362546020419782,0.07290784948711189,-0.021544487968662495,0.3502370574533453,-0.9,0.4405144694533762,1.4857051487048296
-0.15444550669216034,1.032210687973823,-0.75,0.25,-0.9650355644921093,2.354446963970773,1.4660837110843625,-0.75,1.6153846153846154,-2.10773578240902,-0.17041215938264853,-0.046371109014458955,0.0,-0.05045166432610924,-0.02006550821982815,-0.4354784555120312,-0.20992529483128805,-0.9,-0.3504823151125402,-0.007123020214431155
-1.5168355640535365,0.6529368145820111,-1.5,-0.5,-1.6736034222106557,-1.0862786596119927,0.24018536475609692,-2.0,-0.23076923076923078,-2.289261744966416,-0.06087915832820607,-0.009183889238370605,0.2857142857142857,-0.040981895471970245,-1.1187315115726268,0.023268047006155604,0.07239611429571577,0.1,0.1639871382636656,0.1706108090821876
1.0303537284894837,0.23534107549745537,0.75,0.5,0.5137199953068665,-0.07911312673217431,-0.35598326849497575,0.25,-0.15384615384615385,0.010738255033583702,-0.19287099941039626,-0.081226192939925,0.0,-0.10199453448210423,0.008657623984548708,-0.5833799664241744,-0.3263789515818817,-0.9,-0.4887459807073955,0.10777102654301253
0.521476372575799,0.6448547571962442,0.25,0.5,2.820873188515388,-0.09984522909692976,-0.3756626444804483,0.25,-0.15384615384615385,0.06903163950146485,-0.18246936713795922,-0.07661803512507787,0.0,-0.09952746043192773,0.055861653832611206,0.2445039571508514,0.6090976690152388,-0.9,0.572347266881029,2.069413860843347
-0.7994741873804965,-0.5055103652203391,-0.5,-0.5,0.25322879232946394,-0.17720668514319304,0.025701943610938492,-0.25,0.15384615384615385,-0.25407478427609964,4.182394330847566,1.3941642211041911,1.0,1.3088112498576687,-1.3805485261251385,2.0089224647142943,1.0197248494818258,0.1,0.8327974276527331,-0.25773676275754964
0.23704588910133903,-0.5796179649334422,0.75,0.0,1.2298319084076246,-1.2183421516754847,0.008463537723417996,-1.5,-0.38461538461538464,1.5143815915628258,-0.19087399899855295,-0.08091938967539923,0.0,-0.10237408433597753,0.025490518617364125,-0.470639806006342,-0.28020389622726444,-0.9,-0.5080385852090032,0.18452875873726543
-0.44303059273422507,-0.16108213045365805,0.0,-0.25,-0.15652406107006278,-0.17126732174351217,4.291154988826944e-05,-0.5,-0.07692307692307693,0.4409395973154628,2.0758677833252652,1.399275464711958,1.0,1.3796352525904279,-1.8328616196778107,0.957347509792949,0.9871903179124515,0.1,0.7395498392282959,0.1107451231212019
0.704349904397706,0.7082128533433821,0.25,0.5,0.8217990996352411,-0.09859746367682873,-0.37419638571207936,0.25,-0.15384615384615385,0.05752636625122534,-0.18608251616221602,-0.07793634343309541,0.0,-0.09952746043192773,-0.013980635654169578,-0.1002196936724076,0.3714661633612446,-0.9,0.572347266881029,-0.7088766046872862
0.9012906309751438,0.6936872998763448,0.25,0.5,1.0274399906137341,-0.11539430587049632,-0.3986660603493769,0.25,-0.15384615384615385,-0.10738255033554386,-0.19281396398355383,-0.0816044630456927,0.0,-0.10263976923368885,-0.006803560509703819,-0.5587576944599886,-0.32545689402646966,-0.9,-0.5209003215434084,-0.15446114486728504
0.4557839388145321,-1.128357144141357,1.0,0.0,0.453900665496209,-0.08112874779541442,-0.3575227513197457,0.25,-0.15384615384615385,-0.10067114093957052,-0.1921679849639828,-0.07983285610831581,0.0,-0.09956541541731506,0.00358197300020065,-0.5534104333768575,-0.22049735962005837,-0.9,-0.3054662379421222,0.06183014299419807
1.0690726577437863,0.01750500076446627,0.75,0.5,-1.0996818649537639,-0.07004283194759384,-0.349854631871383,0.25,-0.15384615384615385,-0.12080536912748999,-0.1828498749141795,-0.07292728858205542,0.0,-0.09106349869055301,0.07163451279030748,0.07470621152770007,0.48177424531257057,-0.9,0.31189710610932475,2.116341541413497
-0.3764340344168255,0.4281331780093315,-0.25,0.5,0.5806106196957812,0.8188460569412948,0.5347716116273751,-0.75,0.6153846153846154,-2.220134228187893,-0.19109719763559635,-0.08078857177412116,1.0,-0.10148214217937526,0.008894709687510197,-0.35954113038612184,-0.15762720099270672,0.1,-0.18006430868167203,0.21189638631276
0.1785372848948377,1.2194101442782115,-0.5,0.5,0.5351249951113204,1.4446963970773492,0.9959049122770618,-0.75,0.8461538461538461,2.89932885906043,0.0750586217246515,0.09963068394517528,1.0,0.09833187839222682,2.2770137133909754,1.32876329043089,1.4001195980410388,0.1,1.6495176848874598,6.424752158618487
0.26836520076481907,1.1358490787875528,-0.5,0.5,-1.7157445155756716,1.3757621567145373,1.5001310870891407,-0.5,1.7692307692307692,-4.602684563758362,0.06667578282905699,0.06561019510145435,0.0,0.09584582684935666,1.7846719526376589,1.0487185226636822,0.8420041387476475,-0.9,0.6816720257234726,2.2523824752158625
0.5334608030592738,-0.2910072125885692,0.5,0.25,-0.35573650243195915,-0.05492567397329302,-0.34217988881458533,0.25,-0.15384615384615385,-0.4392922513727613,-0.19205539280654937,-0.08100699179828248,0.0,-0.10246897179944586,0.02669938585444741,-0.5113784741652675,-0.2462975838214813,-0.9,-0.43729903536977494,0.6241300113381982
0.33341300191204615,0.6308359521265712,-0.5,0.5,-1.0541962403693022,2.106827916351725,1.0743814227030057,0.5,1.3076923076923077,-3.148993288590577,-0.0578339228182345,-0.016332516456669874,1.0,-0.03568717501043762,0.5064470281373731,-0.22020145495243415,-0.21859064444911983,0.1,-0.3086816720257235,0.05494083786376745
-0.8797801147227527,-0.9429212052038299,-0.25,-1.0,0.17123999843562177,-0.006550768455530335,0.07505352537870397,-0.5,0.15384615384615385,0.6013422818792212,2.7339190396374833,1.346474390735717,1.0,1.307843397730292,7.926560895871901,1.1401790710688302,0.8653507130340345,0.1,0.6463022508038585,1.9354653022065889
-1.1120936902485654,0.22585803352642664,-0.75,-0.5,1.0274399906137348,0.3018392542202065,-0.0922430251879662,0.25,0.15384615384615385,1.1167785234899599,1.6848607301817933,1.3459838154942074,0.0,1.4374406953353323,2.549694238408321,0.7501398992725237,1.035013765229882,0.0,1.1318327974276527,1.443620083146787
0.9156309751434039,0.5324633437814648,0.25,0.5,-0.5303470933692543,-0.11606617955824299,-0.3999278795505804,0.25,-0.15384615384615385,0.014381591562826347,-0.19120683240052685,-0.08123223173188679,0.0,-0.10263976923368885,-0.00959474042683228,-0.5200004145163629,-0.31250109634665746,-0.9,-0.5209003215434084,-0.07979350358627628
-0.8255736137667297,-0.35999970839628287,-0.5,-0.5,0.18629671339818002,-0.275031494079113,0.12161118496199921,-1.25,0.0,0.6638248314682503,4.2989316076314354,1.4471489972771763,0.0,1.2645367594033476,-12.06956932854741,2.138574892743891,1.0552331747448367,0.1,0.6945337620578779,-3.4876089803082255
0.22077611680862208,-0.5111761546607038,0.75,0.0,2.561302817510094,-1.441306488925536,-0.22660320817752633,-1.5,-0.6153846153846154,-1.7132397803538482,-0.1919273223480941,-0.08164345252938714,0.0,-0.1033229589706608,0.030600765501750338,-0.4381899577758558,-0.2708830605096716,-0.9,-0.5080385852090032,1.1280693083699163
0.10109942638623379,0.4934604150210871,-0.5,0.5,0.4441537459423945,0.7734945830183922,0.8578964057517072,-0.5,1.1538461538461537,3.140939597315463,0.28314096947392664,0.06618293892735061,0.0,0.09584582684935666,0.9197673249283346,1.113878007834359,0.736722428252769,-0.9,0.6816720257234726,-2.6341541413495375
-0.1957456978967491,0.9128074833388566,-0.5,0.25,-0.06689062438891617,1.517258755353993,1.5791448361712614,-2.25,1.0769230769230769,-0.7409395973154095,0.18917510375100616,0.02781521352797756,1.8571428571428572,0.020638023304361028,0.9394560938113494,0.0769445998880806,-0.19713428720853682,0.0,-0.2829581993569132,0.12644707387272172
0.9012906309751438,0.030463665919036948,0.75,0.5,-0.620744994329132,2.8778029730410672,1.2067532761105586,1.75,1.6923076923076923,-1.9114093959731278,-0.07768795490208798,-0.025179514347550412,0.0,-0.03462443541959236,0.04383421620484584,-0.13514269725797415,-0.09075964511499941,0.0,-0.07395498392282958,0.2532139430764313
0.397499505505374,0.8397894737799748,0.0,0.5,1.4997009792180729,-0.11727091858454747,-0.402269602684621,0.25,-0.15384615384615385,0.07349489205543706,1.0086734904474142,0.9423568118387103,0.0,0.9023513113447451,-6.376118719455196,0.15907029697238684,0.4909559849783205,-0.9,0.3054662379421222,-1.7518441793311412
-0.9197480416949356,-0.4473305614809463,-0.5,-0.5,0.10729471928189514,-0.40739927990312,-0.028795729328818586,-1.25,-0.15384615384615385,-0.21214007360897957,4.65922769846391,1.4507806622504749,0.0,1.3088112498576687,1.9053709338127003,2.364577504196978,1.0848794593695612,0.1,0.8327974276527331,0.5337739975447952
-0.9184990439770546,0.0215027927311191,-0.75,-0.25,0.8909831168603479,0.11136306374401606,1.1593943507392859,-2.0,0.6153846153846154,3.718120805369156,-0.19026448040369673,-0.07931634818438976,0.0,-0.09882529320226212,-0.02253912508715897,-0.2733631785114716,0.0471134822152172,0.0,0.1639871382636656,-0.8905020786696523
0.9653441682600383,0.4825395132382186,0.25,0.5,-0.40612164807555534,-0.11606617955824299,-0.3999278795505804,0.25,-0.15384615384615385,0.023969319271359497,-0.18981178810842508,-0.07962443523876075,0.0,-0.09952746043192773,-0.02398922953520833,-0.3238512715289435,0.28577451643652174,-0.9,0.572347266881029,-1.1252958106811652
-0.7808317399617585,-0.2678552073067444,-0.5,-0.5,0.05745599572093209,-0.2907533383723859,0.09870564617938495,-1.25,0.0,0.3878134541735678,4.2989316076314354,1.4471489972771763,0.0,1.2645367594033476,-8.919379493344117,2.138574892743891,1.0552331747448367,0.1,0.6945337620578779,-2.6012771892729525
-0.3635277246653915,0.2901324369724774,-0.5,0.25,-0.37993874652903875,0.619299571680524,0.6278026322214365,-0.5,0.5384615384615384,-2.67114093959729,0.046837492523012045,-0.020480306165935203,1.0,-0.02171974038789995,-0.00823673026468439,0.025461667599328584,-0.06758034223029394,0.2,-0.0707395498392283,0.44905660377358514
0.7381548757170173,0.8054556721356949,-0.25,0.5,-1.2883134257305067,2.073812043335852,1.8099660018289976,-0.5,1.7692307692307692,-5.683892617449638,-0.08541853665631234,0.04033607942507163,0.0,0.09584582684935666,0.9639192093363055,0.7402686066032456,0.8691544474172305,-0.9,0.6816720257234726,3.026031339942439
0.681883365200765,0.07005825837595,0.75,0.5,1.276273113340499,3.603426555807507,1.238451560692553,1.75,1.6923076923076923,-3.25906040268454,-0.050099918938399594,-0.00051711901843022,0.0,-0.013009071241507571,0.12968321563563068,-0.15528819250139891,-0.070097315598907,0.0,-0.07395498392282958,0.74109370003198
-0.13766730401529584,-1.3013449758093056,0.5,-0.75,-2.3478609160509234,-0.1335348954396573,-0.4721128679705742,0.25,-0.23076923076923078,2.6055487391067983e-14,-0.19361245995934798,-0.0826964870561695,0.0,-0.10446160853228072,0.0,-0.6035254616675991,-0.3913180951789943,-0.9,-0.5980707395498392,-0.0012152222577550375
-1.1249999999999993,-0.2037019685923669,-0.75,-1.0,-0.57525936974467,0.08415217939027461,-0.2081467716295066,0.0,0.0,-0.06442953020131537,1.8342194024540919,1.4814645233827617,1.0,1.4374406953353323,-1.0617257194319056,0.7305540011191941,1.0017592808059965,0.1,0.7877813504823151,-0.5374480332587152
-0.016491395793498682,0.1695111446749335,0.0,0.0,-0.6832399491153467,-0.40429999160157876,0.21830173584820772,-1.5,0.0,1.6826462128475828,-0.1867580691068165,-0.07546198775020432,0.0,-0.09337875279918018,0.02123972037967582,-0.3669609732844203,-0.03342386350515742,-0.9,-0.1382636655948553,0.31926538443967306
0.565726577437859,-0.11327751894418951,0.75,0.5,0.5779349947202255,3.984378936759888,1.1767638736543318,1.75,1.6923076923076923,-4.853691275167761,0.18059697555390314,0.1407995790135265,0.0,0.11444376968914867,-2.6008568003305497,-0.15584778959149403,-0.15660352704688907,0.0,-0.35691318327974275,-0.5602174608250728
0.023661567877629273,1.1216816878991986,-0.5,0.5,1.20403123900047,1.408415217939027,1.540651299998099,-2.25,1.2307692307692308,4.112751677852377,0.12916242762739044,0.043831549880334074,1.0,0.020638023304361028,-0.2895109460433092,0.017067711247901563,-0.1431335419459298,0.0,-0.2829581993569132,-0.19322033898305077
-0.7894359464627145,-0.30703051014470584,-0.5,-0.5,0.31304812214012173,-0.12446460065507678,0.04343367343692675,-0.25,0.0,1.2697986577181477,2.8027208750375188,1.5314945576020784,0.0,1.4260162447337459,-3.012767902325252,1.2940682708449915,1.0769309189875704,0.1,0.7877813504823151,-0.6150943396226416
0.630258126195029,-1.5119566044494077,1.25,0.0,0.06689062438891441,-0.07004283194759384,-0.349854631871383,0.25,-0.15384615384615385,0.35704697986579853,-0.19106867992217513,-0.07816340978949228,0.0,-0.09687061145481458,0.02945723262188912,-0.5576385002797984,-0.268754568224861,-0.9,-0.3987138263665595,0.2541093700031981
0.33150095602294516,1.243205648826586,-0.25,0.5,0.38701004110729387,2.5828504241202643,1.7863430534215545,0.0,1.5384615384615385,4.170661553211918,-0.0020355310113101877,0.08747377982412884,0.0,0.14207499905112536,-0.5973094578262876,0.05174200501564807,0.01441974807850786,-0.5,0.01929260450160772,0.13378409246653583
-1.2411567877629055,-0.030194445377611363,-1.0,-1.25,0.947171241347037,0.08415217939027461,-0.06815542605398889,0.0,0.07692307692307693,-0.3704697986576915,2.7685965791576868,1.636700245568401,1.0,1.6307264584203136,-1.5008723745398482,1.2073307218802463,1.0817078909152906,0.1,0.909967845659164,-0.1662296130476493
0.66706500956023,-0.16090848474164754,0.0,0.5,-0.10989174006750498,-0.06366003191400015,-0.34625404006521154,0.25,-0.15384615384615385,0.05752636625122524,2.172223382734727,1.8752187159719882,0.0,2.3402379777583784,17.751482808384807,0.9171692677568446,1.4466714538257919,-0.9,1.4244372990353698,5.155484489926451
0.7206022944550675,0.7679044815562409,-0.25,0.5,-1.236138738707153,2.01612496850592,1.7909001605507016,-0.5,1.7692307692307692,-5.47919463087246,-0.07104903121762793,0.04126618781296668,0.0,0.09584582684935666,1.024601827786159,0.8419138220481251,0.8925861882880578,-0.9,0.6816720257234726,3.2705468500159918
-1.7584416826003815,-0.07788837521081578,-1.5,-1.25,1.2401521761704843,-1.171176618795666,0.4269632611665241,-2.0,0.3076923076923077,0.36845637583895363,-0.18491067895685054,-0.0755199918430571,0.0,-0.09430864994116978,-0.05135436159204001,-0.13968662562954665,0.08771409686265896,0.0,0.1639871382636656,-0.30716341541413505
0.1785372848948377,-0.05648586887398986,0.0,0.0,-1.0274399906137368,0.10229276895943559,-0.05340164246220782,0.0,0.07692307692307693,-0.9879194630872214,2.175798870270783,1.3927726820992852,0.0,1.3796352525904279,12.607514418035942,1.6634023503077784,1.5921634343405024,-0.9,1.4887459807073955,3.799360409338027
-0.053776290630974645,-1.6802216370170817,0.75,-0.75,-1.743470539956778e-14,-1.3126732174351217,-0.4721128679705742,-1.0,-0.6153846153846154,2.916633200696092e-14,-0.19361245995934798,-0.0826964870561695,0.0,-0.10446160853228072,0.0,-0.6035254616675991,-0.3913180951789943,-0.9,-0.5980707395498392,-0.0012152222577550375
-1.1895315487571696,0.967908619428189,-1.5,-0.5,-2.2689299792720004,-0.5870496346686821,0.26479936832875656,-1.5,0.15384615384615385,-1.9973154362415848,0.0634119875634252,-0.0023382541555188752,0.2857142857142857,-0.023598512164572816,-0.9648588945241666,0.01762730833799672,-0.15043495910748764,0.1,-0.21543408360128619,-0.4919091781259997
-1.369187380497131,0.8182355882990289,-1.5,-0.5,-2.275619041710891,-0.8976165280927183,0.11274143702262797,-1.5,-0.23076923076923078,-1.6731543624160805,0.0012848940959065051,0.005324082724684741,0.2857142857142857,-0.023598512164572816,-1.466074719861645,-0.08847229994404024,-0.14511365760151324,0.1,-0.21543408360128619,-0.6726894787336108
0.8186902485659657,0.9035579333924797,-0.25,0.5,1.7037042031856648,4.649050138573947,0.9430666556699965,1.5,1.7692307692307692,3.877852348993314,0.1511726269875955,0.15189849481779513,0.0,0.11909325539909667,3.276525746869911,0.1646894236149972,0.012212486270652982,0.3,0.0,1.0467220978573721
0.0735066262279952,0.22035353403542504,0.0,0.5,-0.5204617794201559,-0.09287495330188268,-0.367996675337279,0.25,-0.15384615384615385,-0.2320891328065328,1.885898022672713,1.1301398671921734,0.0,0.9023513113447451,-5.581068637724964,0.6186345831001678,0.6395646866176181,-0.9,0.3054662379421222,-1.2844199810643355
-1.1895315487571696,-0.1632211459437162,-0.75,-1.0,-0.5137199953068682,0.09322247417485507,-0.1914329673137285,0.0,0.0,0.5986577181208321,1.2809928727104731,1.2776467412214383,0.0,1.4374406953353323,0.3213976411494778,0.43396754336877447,0.8362361906209942,0.1,0.7781350482315113,-0.28186760473297046
-1.3423422562141483,0.7906274787202834,-1.5,-0.5,-2.107054668250824,-0.8504509952128997,0.07627203745623205,-1.5,-0.23076923076923078,-1.4677852348993021,0.016647956670186256,0.005111807662665365,0.2857142857142857,-0.023598512164572816,-1.4582708707961882,-0.07392277560156682,-0.14089001547521457,0.1,-0.21543408360128619,-0.7489606651742892
0.10109942638623379,0.005118778827515096,-0.25,0.0,0.1284299988267163,2.705467372134038,0.3943960585299875,1.75,1.1538461538461537,-0.21208053691272394,0.2496440632893614,0.049593049412576105,100.42857142857143,0.07111815386951076,-1.3984486869761839,0.631505316172356,0.38903133959184416,1.1,0.5594855305466238,0.09587464023025266
0.7393751086389712,0.5975567017199519,0.25,0.5,1.6439003590644488,-0.1120960168579216,-0.3928749659946139,0.25,-0.15384615384615385,-0.05320620435878908,-0.18520699355441342,-0.07758517020858952,0.0,-0.09952746043192773,-0.010414080392029425,-0.026173882077631338,0.44422330462434506,-0.9,0.572347266881029,-0.6741126311571668
0.6867788620030335,-0.0014187954053307497,0.0,0.5,-0.10409235588403454,-0.06034699959166296,-0.34459709501412716,0.25,-0.15384615384615385,-0.1469897841107941,2.6880969743861525,1.8624313443130844,0.0,2.3402379777583784,5.824550878046283,1.1584721069795263,1.3832930897929876,-0.9,1.4244372990353698,1.1579451810939527
-0.4538718929254294,0.29156886938167165,-0.25,0.5,0.596664369549121,0.619299571680524,0.3513024991337787,-0.75,0.38461538461538464,-1.2483221476509812,-0.19110860472096486,-0.08078767627080852,1.0,-0.10148214217937526,0.00515994389479103,-0.368494683827644,-0.1585509733293185,0.1,-0.18006430868167203,0.14435561240805891
-0.38934034416825947,-1.6802216370170817,0.5,-1.0,0.0,0.10229276895943559,-0.4721128679705742,0.5,-0.15384615384615385,2.6757237308036318e-14,0.19482161100840772,0.048239495521308726,0.0,0.033428853379891446,-1.0364001713638713,0.0523223279238949,-0.016039812212386456,0.1,0.00964630225080386,-1.260441317556765
-0.9486137667304009,-0.8215996420200448,-0.5,-1.25,-0.22933928361913736,-0.19467540102460731,0.039942834933664816,-0.25,0.15384615384615385,-0.6999041227228884,3.7925892972123756,1.4931950004920127,1.0,1.3088112498576687,1.6875659489750066,1.790679599577193,1.0997709057183056,0.1,0.8327974276527331,0.9184247795696474
0.1785372848948377,0.0489011455336663,-0.25,0.5,0.01070249990222522,2.7508188460569403,0.4493933707254638,1.75,1.1538461538461537,-0.7892617449664152,0.2866144269686312,0.058190223319890294,100.42857142857143,0.07111815386951076,-1.676488947211042,0.648852825965305,0.38362189341301733,1.1,0.5594855305466238,0.5905340582027507
-0.9361854684512422,-0.7844854232844637,-0.5,-1.0,-0.12422544529369915,-0.2121441169060216,0.014051823273975916,-0.25,0.15384615384615385,-0.47938638542662737,3.6901743723508726,1.4336596046963865,1.0,1.3088112498576687,3.543789072879787,1.751880867997264,1.0661648457281871,0.1,0.8327974276527331,1.2153775869158037
-0.298996175908221,-0.2536357998597698,-0.25,-0.25,0.01872937482889655,0.31997984378936745,0.2726874968020686,-0.5,0.38461538461538464,-0.2684563758388993,-0.03148355561702705,-0.005991359286475052,0.0,-0.006006376437545071,0.14432392376457856,0.18326804700615565,0.008965150826763352,-0.3,0.00964630225080386,0.48743204349216546
-1.3185946462715097,0.0064622150040492075,-1.0,-1.25,-0.2568599976534346,0.2836986646510455,-0.11105127010647715,0.25,0.07692307692307693,-0.15033557046977214,2.786665402381372,1.6266051247623756,1.0,1.6307264584203136,2.881957863629484,1.1843872411863459,1.09288059087363,0.1,0.909967845659164,1.0496322353693641
-0.07958891013384262,0.6337743609283063,-0.5,0.0,-0.40669499628460365,1.734945830183925,1.318945427446355,-2.25,0.8461538461538461,-3.6724832214764844,0.09441644559497578,-0.005735331821890776,1.8571428571428572,-0.00832163054617224,-0.038168134292496776,0.4434806939003918,0.4100788271914605,0.0,0.5594855305466238,-1.4023025263831164
-0.07863288718929215,0.01919474441254593,0.5,0.25,1.3139229790679743,0.8621819098009572,1.432093742751352,0.5,1.3846153846153846,4.491850431447776,-0.11986185069028314,-0.0013256424676181035,0.0,0.009896762439746461,0.1754643507110241,-0.28828576758067515,-0.14697587230809916,-0.5,-0.24758842443729903,0.10614463885970138
0.30760038240917814,-0.5970338684808892,0.5,0.0,0.3157237471156772,0.011589821113630645,0.12041368574881947,-1.0,0.07692307692307693,0.5530201342282147,0.5255016087555083,0.6160310094900403,0.0,0.7620696853531711,7.491854935896952,0.6863458310016789,1.4043608457237007,-0.9,1.4887459807073955,5.797953309881681
0.45840042266277614,-0.46355575991744763,0.5,0.25,-0.4256356046642044,-0.0714749837556855,-0.35074015147436644,0.25,-0.15384615384615385,-0.26174496644292666,-0.1916612479884224,-0.08090934846192142,0.0,-0.10246897179944586,0.011195674805282201,-0.5246517244426118,-0.2661063099157153,-0.9,-0.43729903536977494,0.09593523302980837
-1.2669694072657736,-0.015162831318244491,-1.0,-1.25,-0.11772749892449122,0.2111363063744016,-0.08058787510473946,0.0,0.07692307692307693,-0.40268456375836276,2.8639427022101946,1.5821224797817857,1.0,1.6307264584203136,3.3554339957493924,1.2353105763850027,1.0522138925005402,0.1,0.909967845659164,1.1523504956827642
0.2559751434034422,1.0858835433826988,-0.5,0.5,-1.5893212354806223,1.2905013857394805,1.524984255809476,-0.5,1.7692307692307692,-4.722147651006685,0.09278523238728198,0.07167154458380322,0.0,0.09584582684935666,1.8912406441766962,1.045607162842753,0.818100620394546,-0.9,0.6816720257234726,1.9842021106491856
0.3859283312454674,0.8063332968112621,0.0,0.5,1.145015914724337,-0.11727091858454747,-0.402269602684621,0.25,-0.15384615384615385,0.08123119648232249,1.2301400861377534,1.0049525588799764,0.0,0.9023513113447451,-7.800996872091332,0.3000501707735948,0.5771957058450873,-0.9,0.3054662379421222,-2.1967818822554572
0.33341300191204615,1.2287688510685904,-0.5,0.5,0.5565299949157737,1.589821113630637,1.1473295599762927,-0.75,1.0,4.295302013422846,0.07792750369482625,0.09905012420533342,1.0,0.09833187839222682,1.8079223348337028,1.5246222719641858,1.4004818325176513,0.1,1.6495176848874598,5.834282059481936
-0.38934034416825947,-1.6802216370170817,0.5,-1.0,0.0,0.10229276895943559,-0.4721128679705742,0.5,-0.15384615384615385,2.6757237308036318e-14,0.1575090347680833,0.05016596425397909,1.0,0.033428853379891446,-1.6442719304513085,-0.1149972020145494,-0.1977847312641312,0.1,-0.3762057877813505,-0.8571154461144874
-0.38934034416825947,-1.6802216370170817,0.5,-1.0,0.0,0.10229276895943559,-0.4721128679705742,0.5,-0.15384615384615385,2.6757237308036318e-14,0.10593760181714872,0.14098791438660255,1.0,0.13655254867726876,0.05350145234020808,-0.11891438164521538,-0.016843332479207596,0.1,-0.02572347266881029,-0.10201471058522542
-0.31190248565965556,-0.9807570317104182,0.5,-0.25,-0.35318249677347313,0.2836986646510455,0.11660808084229692,0.5,0.38461538461538464,-1.229530201342255,0.09969792612058574,0.04328793058889544,0.0,0.033428853379891446,1.6675223126473522,0.14521544487968666,-0.024830053693035745,-0.3,0.00964630225080386,0.4285897025903424
-0.053776290630974645,0.6347530016986157,-0.5,0.0,-0.9578737412492639,1.8800705467372127,1.2881861231668563,-2.25,0.8461538461538461,-3.162416107382526,0.07682101641408293,-0.0150927715334296,1.8571428571428572,-0.025477283941245682,-0.25927852308926436,0.5033575825405708,0.4076316633164094,0.0,0.5594855305466238,-1.2688839142948514
0.06238049713193183,1.3888513754454646,-0.5,0.5,-0.42007312116238626,1.8528596623834714,1.271411060547096,-0.75,1.0,2.295302013422845,0.07655865345060771,0.09935869620885526,0.0,0.09833187839222682,0.5673407594182341,1.45747062115277,1.4210088771632663,-0.9,1.6495176848874598,2.0320434921650152
-0.7249043977055443,0.16793824236523175,-0.25,-0.25,-0.8240924924714333,0.619299571680524,0.9964024351648472,-1.25,0.9230769230769231,-4.12080536912749,-0.06329221316705605,-0.04397489768965514,5.857142857142857,-0.062312597259650056,0.09478366738283922,-0.17991046446558467,-0.23576125255374833,0.2,-0.3633440514469453,0.17211384713783195
0.604445506692161,0.3426012108013463,0.75,0.5,2.1217706056163848,-0.07911312673217431,-0.35598326849497575,0.25,-0.15384615384615385,0.07516778523492611,-0.19361245995934798,-0.0826964870561695,0.0,-0.10446160853228072,0.0,-0.602965864577504,-0.3894052057893649,-0.9,-0.594855305466238,-0.0010873041253597702
0.9529158699808798,-1.6802216370170817,1.5,0.0,1.6996701968785257e-14,2.9322247417485503,-0.4721128679705742,3.5,0.7692307692307693,4.904839007555963e-14,-0.19356302925608454,-0.0826687629244379,0.0,-0.10444263103958705,1.6466854209443235e-19,-0.5550270471926878,-0.34442737046467986,-0.9,-0.5659163987138264,-0.0012152222577549506
0.3205066921606121,0.6515699043449404,-0.5,0.5,-1.2816243632916118,2.143109095490047,1.0471076134161563,0.5,1.3076923076923077,-3.648322147650977,-0.03878979379554368,-0.0057295211340470074,1.0,-0.02171974038789995,0.7434128563052286,-0.21012870733072175,-0.21649842325278662,0.1,-0.3086816720257235,0.09024624240486094
-1.2153441682600374,-0.23981005679536307,-0.75,-1.0,0.7063649935469432,0.1839254220206601,-0.17660924178893167,0.25,0.0,0.7973154362416376,1.0281548255179351,1.0921969864414096,0.0,1.4374406953353323,2.4178958986361576,0.26720761052042535,0.6790593281889135,0.0,0.77491961414791,0.754525103933483
-0.31190248565965556,-0.23823841248691088,-0.25,-0.25,0.25150874770232023,0.19299571680524055,0.38625169075104576,-0.5,0.38461538461538464,1.1543624161074098,-0.07667272430429255,-0.03994529348338821,0.0,-0.055101150036057235,-0.5261411247889941,0.11108002238388362,-0.090515280696018,-0.3,-0.1864951768488746,-0.481036136872401
-0.15702676864244713,0.06584734478198861,-0.25,0.25,-0.6689062438891508,0.5013857394809775,0.5413909825881248,-0.5,0.46153846153846156,-1.7020134228187653,0.027679292646636305,-0.02626020034280329,1.0,-0.02171974038789995,-0.07956756024445716,0.10604364857302744,-0.046673391952999764,0.2,-0.0707395498392283,0.5882315318196359
-0.8119024856596553,-0.4992689710790373,-0.5,-0.5,0.21978348013500654,-0.16847232720248587,0.029455941733774537,-0.25,0.15384615384615385,-0.16778523489930217,4.116821756818421,1.3713452915126552,1.0,1.3088112498576687,1.4276326811795699,1.9755124458538,1.0021297996659704,0.1,0.8327974276527331,0.4120060304262416
-0.5442160611854678,-0.12197477826021798,-0.5,-0.25,-0.9846299910048305,-0.042831947593852344,0.07423133649449208,-0.5,0.0,1.4389261744966713,1.8228237241709724,1.2857768976129358,1.0,1.226354044103693,-2.6631837013663913,0.7909904868494683,0.9168915047019187,0.1,0.7395498392282959,-0.5799168532139432
-0.9959369024856589,0.03608169517319311,-0.5,-0.5,0.0401343746333477,0.12043335852859663,0.38572781852725707,-1.25,0.15384615384615385,-1.2402684563758124,-0.005247259269504491,-0.029967137903832514,17.571428571428573,-0.0387615288268114,0.44373919164621106,-0.05679910464465573,-0.2086072156915011,0.7,-0.3633440514469453,0.41618164374800165
0.21886950286806928,0.6801677993013482,0.0,0.5,-1.391388739350798,-0.03772990677752581,-0.3367423310558966,0.25,-0.15384615384615385,0.20292910704799066,3.055124740043219,1.8236884592905278,0.42857142857142855,2.3402379777583784,-10.283175084297719,1.3292879127028538,1.3205098770270647,-0.4,1.4244372990353698,-3.6103968416225327
0.9529158699808798,-1.6802216370170817,1.5,0.0,-1.3959173069411458e-14,2.9322247417485503,-0.4721128679705742,3.5,0.7692307692307693,0.0,-0.1935383139044528,-0.08266708117384461,0.0,-0.10444263103958705,0.0077918615860938355,-0.5307778399552321,-0.3415829710486293,-0.9,-0.5659163987138264,3.7403901503038073
0.591539196940727,1.2209720252324616,-0.25,0.5,0.6635549939380369,3.422020660115897,1.5168360847378137,0.0,1.6153846153846154,4.209395973154392,-0.049712078035871,0.0787768825610297,0.0,0.14207499905112536,-0.8771158733539929,0.015388919977616202,-0.010970259324468632,0.0,0.01929260450160772,-0.2813559322033901
0.8186902485659657,0.1383863367802439,0.75,0.5,-1.4809584239705786,-0.03920382968002016,-0.33708255508439794,0.25,-0.15384615384615385,-0.03020134228185253,-0.19360059659056478,-0.0826805318243797,0.0,-0.10444263103958705,-1.1987479363221298e-05,-0.6023614997202014,-0.38861953499016366,-0.9,-0.594855305466238,-0.0003517748640869849
0.6413206774105439,-0.1480535304947165,0.0,0.5,-0.24845089058739753,-0.06615556275420216,-0.34759616486549383,0.25,-0.15384615384615385,-0.0687671504611759,2.563916394619563,1.8790492982614764,0.0,2.3402379777583784,14.086933003503336,1.1185146694380046,1.4166403310204645,-0.9,1.4244372990353698,3.820055420688396
0.3463193116634801,0.660295973870278,-0.25,0.5,0.6822843687669333,2.4877802973041057,1.2102639783786378,-0.25,1.3076923076923077,2.348993288590632,0.1100270419217517,0.04755356451459135,1.0,0.020638023304361028,-1.5072816801727185,-0.0668718522663681,-0.1307702012605314,0.1,-0.2829581993569132,-0.7002878157978896
0.3721319311663487,-0.42961505848831777,0.5,0.25,-0.5752593697446698,-0.08818342151675482,-0.36348357454533115,0.25,-0.15384615384615385,-0.1959731543623896,-0.192186574288287,-0.0811306664037636,0.0,-0.10246897179944586,-0.00029835504192906367,-0.5453273642977056,-0.2817617911935589,-0.9,-0.43729903536977494,-0.05391749280460509
0.36878585086042115,-0.4521868389005749,0.5,0.25,-0.5303470933692548,-0.08986310573612159,-0.36504522758829905,0.25,-0.15384615384615385,-0.18696069031636844,-0.19223938486869663,-0.08115622979164258,0.0,-0.10246897179944586,-0.0008610054621996233,-0.5469439781135359,-0.2836621469781309,-0.9,-0.43729903536977494,-0.05717940518068436
0.4831261950286809,-0.03861707900523055,0.75,0.5,-1.179950614220463,-0.029770723104056436,-0.33529399618958644,0.25,-0.15384615384615385,-0.25973154362413436,-0.19360059659056478,-0.0826805318243797,0.0,-0.10444263103958705,-7.192487617932772e-05,-0.6023614997202014,-0.38861953499016366,-0.9,-0.594855305466238,-0.003229932842980495
-1.1120936902485654,-0.357868293774201,-0.75,-1.0,-0.8347949923736615,0.11136306374401606,-0.16176932337940889,0.0,0.0,-0.7006711409395707,1.805849981142662,1.4861472806395986,1.0,1.4374406953353323,4.26015570213473,0.7148852825965304,1.0068836177772869,0.1,0.7877813504823151,0.9689158938279504
0.3743571569855613,0.7720496002434055,0.0,0.5,0.7864755777904525,-0.11727091858454747,-0.402269602684621,0.25,-0.15384615384615385,0.08896750090920778,1.2301656537428896,1.0049472960424237,0.0,0.9023513113447451,-6.732556084286647,0.28951430831870023,0.5805368042945881,-0.9,0.3054662379421222,-1.9549598995559105
0.4333328193425032,0.4841118886282705,0.0,0.5,-1.1076601902337013,-0.034639423272295744,-0.33610253995488376,0.25,-0.15384615384615385,-0.11715198094823061,2.717265982896226,1.8288442450566857,0.0,2.3402379777583784,-2.3900561432644585,1.1696391501344838,1.3435068064612756,-0.9,1.4244372990353698,-1.2122582192558058
0.6293362469270697,-0.15604111543925275,0.0,0.5,-0.3019963411450277,-0.06615556275420216,-0.34759616486549383,0.25,-0.15384615384615385,-0.0343835752305746,2.5637839909501072,1.8790785508284988,0.0,2.3402379777583784,16.305948135753887,1.0961707570549204,1.4246981338638938,-0.9,1.4244372990353698,4.371056474595177
0.335910997347808,0.6411107098389001,0.0,0.5,-1.4106099858531747,-0.042246767285169705,-0.3378575854575375,0.25,-0.15384615384615385,-0.047494046330347976,2.932241705927777,1.8343783550284436,0.0,2.3402379777583784,-4.095854880323664,1.2761792154809826,1.3364251124121036,-0.9,1.4244372990353698,-1.839278861528624
0.3220554493307841,-0.23039574767363266,0.75,0.25,-1.0475071779304113,-0.058070042831947555,-0.34353829261585744,0.25,-0.15384615384615385,-0.12080536912749024,-0.19360059659056478,-0.0826805318243797,0.0,-0.10444263103958705,-0.00011987479363221282,-0.6023614997202014,-0.38861953499016366,-0.9,-0.594855305466238,-0.005532459226095304
-1.1895315487571696,-0.22261516964585423,-0.75,-1.0,0.7652287430091881,0.20206601158982102,-0.18431600941397763,0.25,0.0,0.7436241610738522,1.2570037721805427,1.1533361142364964,0.0,1.4374406953353323,4.330532861534053,0.3908785674314493,0.7471406566247444,0.0,0.77491961414791,1.34921650143908
0.8754780114722759,-0.028822281155745044,0.75,0.5,-0.1498349986311718,2.696397077349457,1.2200884033492403,1.75,1.6923076923076923,-2.018791946308699,-0.0655280018992797,-0.026573268184926946,0.0,-0.03462443541959236,-0.033567606101322534,-0.13122551762730827,-0.09281515356107897,0.0,-0.07395498392282958,0.09677006715701952
1.0303537284894837,0.23534107549745537,0.75,0.5,1.4127299870938863,-0.07911312673217431,-0.35598326849497575,0.25,-0.15384615384615385,0.07516778523492611,-0.19361245995934798,-0.0826964870561695,0.0,-0.10446160853228072,0.0,-0.6024062674874089,-0.3886675178893162,-0.9,-0.594855305466238,6.395906619763371e-05
-0.7249043977055443,-0.37337525358893625,-0.5,-0.5,0.4976662454535283,-0.20609725371630128,0.11889438439271102,-0.75,0.0,1.7181208053691543,3.512492540835584,1.6354626504476493,0.0,1.4260162447337459,-5.791913151282848,1.6594851706771125,1.1557123682870973,0.1,0.7877813504823151,-1.2461144867284957
-1.2153441682600374,-0.04813755796820011,-1.0,-1.25,0.8776049919825648,0.06601158982111363,-0.05555441366897642,0.0,0.07692307692307693,-0.49395973154359757,2.7230651979093667,1.6464399161806293,1.0,1.6307264584203136,-3.6913871007301218,1.1849468382764408,1.0910502822446035,0.1,0.909967845659164,-0.7694915254237288
-1.008843212237093,-0.1132775189441897,-0.5,-0.5,-0.4388024959912832,0.2383471907281431,0.4199585039608981,-1.25,0.38461538461538464,-1.0926174496644023,-0.05338515952452415,-0.045884065784380985,6.428571428571429,-0.062312597259650056,-0.09405642696813711,-0.1368214885282595,-0.23235894353856057,0.3,-0.3633440514469453,0.032043492165014786
0.6947896749521989,0.7502617725207167,0.25,0.5,0.8669024920803383,-0.09725371630133534,-0.3726654203351548,0.25,-0.15384615384615385,0.07516778523492593,-0.1857929029392494,-0.07788252123663257,0.0,-0.09952746043192773,-0.012006126553341863,-0.08086177951874647,0.38294883277737096,-0.9,0.572347266881029,-0.6743204349216505
-0.38934034416825947,-1.6802216370170817,0.5,-1.0,0.0,0.10229276895943559,-0.4721128679705742,0.5,-0.15384615384615385,2.6757237308036318e-14,0.10593189827446449,0.1409891112647856,1.0,0.13655254867726876,0.8898092820574928,-0.12506994963626178,-0.014992705723703263,0.1,-0.02572347266881029,0.29517109050207885
0.4930688336520081,-0.885103428639401,1.0,0.5,0.20544977490880956,-0.08112874779541442,-0.3575227513197457,0.25,-0.15384615384615385,-0.07190795781397141,-0.1921679849639828,-0.07983285610831581,0.0,-0.09956541541731506,0.00483304723533049,-0.5534104333768575,-0.22049735962005837,-0.9,-0.3054662379421222,0.08307368998126921
-0.0924952198852766,-0.12015885076050496,0.0,-0.25,1.254868113536045,-0.09725371630133534,0.15684801606592869,-1.0,0.07692307692307693,0.504697986577208,-0.18668835914067575,-0.07488935383335323,0.0,-0.09337875279918018,-0.008678935058972215,-0.3584219362059316,0.014064283846685203,-0.9,-0.1382636655948553,-0.13271506236008976
-0.22155831739961707,1.0518968211053883,-0.75,0.0,-2.900298778651135,2.298437893675988,0.801159372264962,-0.5,0.7692307692307693,-5.20795499407814,-0.16477891286198781,-0.042392547405890935,0.0,-0.05045166432610924,0.09942644556255324,-0.4198377168438723,-0.19985805305054566,-0.9,-0.3504823151125402,0.12864049361349927
0.3205066921606121,0.7138769935099648,-0.25,0.5,0.38261437150459354,2.542202066011589,1.1655821373689204,-0.25,1.3076923076923077,1.7583892617449934,0.10622277895136091,0.04725637317715768,1.0,0.020638023304361028,-1.4469207257524457,-0.0719082260772243,-0.13179603144406962,0.1,-0.2829581993569132,-0.6484809721778069
-0.6474665391969404,0.42571456866875546,-0.25,0.25,-1.2254362388049247,0.7009322247417483,0.9808226648274034,-1.25,0.9230769230769231,-3.9999999999999747,-0.0610336102640954,-0.0439238081618406,5.857142857142857,-0.062312597259650056,0.08957843745489831,-0.1787912702853944,-0.23616071359041385,0.2,-0.3633440514469453,0.22635113527342524
0.10109942638623379,0.9807077769179998,-0.5,0.5,-0.005351249951113484,2.4424288233812033,1.199104643420616,-0.25,1.3076923076923077,0.1879194630872743,0.04663786852906347,0.03735554189469802,1.0,0.020638023304361028,-0.9991723882303121,-0.15025181869054274,-0.156516240572625,0.1,-0.2829581993569132,-0.46939558682443266
0.9271032504780119,0.01717142641449717,0.75,0.5,-1.0916549900270942,-0.09725371630133534,-0.3726654203351548,0.25,-0.15384615384615385,2.6543664739558263e-14,-0.18273010051781036,-0.07294652306420031,0.0,-0.09106349869055301,0.04269673760749129,0.08086177951874658,0.4797905622836422,-0.9,0.31189710610932475,1.2184841701311167
0.05807839388145383,0.16439430836728727,0.5,0.25,1.576707574881568,1.0805408583186358,1.4575904857641433,0.5,1.3846153846153846,4.659635666347104,-0.04653414854913888,0.07765491224744904,0.0,0.14207499905112536,0.8105676670852454,-0.20799394806109958,-0.09470523208481701,-0.5,-0.24758842443729903,0.3389099547718036
0.036567877629063855,0.5247566326917756,-0.5,0.5,-0.02408062478001063,1.5263290501385736,1.2836153631581808,-0.5,1.1538461538461537,4.620134228187949,0.41567419082770524,0.05340186751791022,137.28571428571428,0.07111815386951076,0.6934623617408368,0.5430889759373251,0.1966319142566606,1.4,0.2829581993569132,-0.9607291333546536
0.1785372848948377,-0.5742709892972041,0.75,0.0,1.161030123321882,-1.3126732174351217,-0.05340164246220782,-1.5,-0.38461538461538464,0.647171620326007,-0.1909317948977533,-0.08085113493266048,0.0,-0.10237408433597753,0.03669024933671659,-0.453553441522104,-0.27647843744856065,-0.9,-0.5080385852090032,0.5168532139430769
-0.47968451242829796,0.5513051394339357,-0.25,0.25,-1.6669143597717633,1.0728143109095487,0.705567624542544,-0.25,0.9230769230769231,-2.4671140939597045,-0.05991571589798357,-0.04356165981101118,5.857142857142857,-0.062312597259650056,0.37586608349165207,-0.19669837716843866,-0.26326418726344103,0.2,-0.40514469453376206,0.19718580108730424
-0.38934034416825947,-1.6802216370170817,0.5,-1.0,0.0,0.10229276895943559,-0.4721128679705742,0.5,-0.15384615384615385,2.6757237308036318e-14,-0.09265975444822859,0.010472833482231311,1.0,-0.007752305765362281,-1.0263093776243424,-0.3158925573587016,-0.22737644359817732,0.1,-0.36012861736334406,-0.25884234090182295
0.0881931166347998,0.9689775777151542,-0.5,0.5,0.14180812370449977,2.3335852859662376,1.1926364333302495,-0.25,1.3076923076923077,0.23087248322150242,0.015034538515667288,0.029326339958421686,1.0,0.020638023304361028,-0.8240885924197076,-0.15920537213206482,-0.1578565475184295,0.1,-0.2829581993569132,-0.435113527342501
-1.2927820267686418,0.0826306487021849,-1.0,-1.0,-1.369919987484981,0.3381204333585285,-0.11354999630704955,0.25,0.07692307692307693,-0.0644295302013154,2.255214998606197,1.5907434408386714,1.0,1.6307264584203136,7.057322128401698,0.8570229434806939,1.0761529024158971,0.1,0.909967845659164,1.8674128557723073
0.8037762906309754,-0.024628158389907725,0.75,0.5,-1.0176930710599241,-0.09859746367682873,-0.37419638571207936,0.25,-0.15384615384615385,-0.04793863854263875,-0.18310568936568392,-0.07309877459645832,0.0,-0.09106349869055301,0.01570740351482409,0.05551410391925229,0.46806158978480367,-0.9,0.31189710610932475,0.3893919320206501
1.0303537284894837,0.23534107549745537,0.75,0.5,1.8622349829873954,-0.07911312673217431,-0.35598326849497575,0.25,-0.15384615384615385,0.10738255033559715,-0.19361245995934798,-0.0826964870561695,0.0,-0.10446160853228072,0.0,-0.602965864577504,-0.3894052057893649,-0.9,-0.594855305466238,-0.0028781579788935098
0.14756214149139613,-0.630247833794796,0.75,0.0,2.2767136155645287,-1.407004283194759,-0.2516092903842461,-1.5,-0.6153846153846154,-1.5228798047589736,-0.19264856124571075,-0.0821310065105449,0.0,-0.1038733062587771,0.015536499768635588,-0.4420257414661442,-0.26530456145781656,-0.9,-0.5080385852090032,1.4387359362735126
0.4309273422562146,-0.633132382660448,0.75,0.5,0.10511383832543884,-0.06366003191400015,-0.34625404006521154,0.25,-0.15384615384615385,0.12464046021095673,-0.18879571254134309,-0.0772508914313888,0.0,-0.09764868865525486,-0.011897097574371605,-0.46288005969035617,-0.11516662485669216,-0.9,-0.2540192926045016,-0.0852757092603592
0.159764470710934,0.3035867623971877,0.0,0.25,0.1229383501051616,-0.0263405025309787,-0.3348687958630487,0.25,-0.15384615384615385,0.039366722894187495,1.9950442695372426,1.1371090620497686,0.42857142857142855,0.7994363684669982,1.1578102135154706,0.6014396906954265,0.6484468889240821,-0.4,0.3054662379421222,0.5302628136174671
0.509491942092325,1.0373827590868483,0.0,0.5,2.3709925506918132,-0.11669006226829352,-0.40112742552318514,0.25,-0.15384615384615385,0.051575362845928806,0.8124065090051301,0.8829211241276155,0.0,0.9023513113447451,-7.408006848203533,0.007034934846910302,0.39861186827676415,-0.9,0.2090032154340836,-1.8620853491204046
1.1206978967495222,0.005454738247945041,0.75,0.5,-1.2495168635849325,-0.07911312673217431,-0.35598326849497575,0.25,-0.15384615384615385,-0.1825503355704432,-0.186927907933414,-0.07634699667277801,0.0,-0.0963202641666983,0.06034230723015303,-0.08477895914941236,0.3787845651234725,-0.9,0.31189710610932475,2.3630956188039667
0.5270076481835565,-1.16214018701737,1.0,0.0,0.3772631215534808,-0.07911312673217431,-0.35598326849497575,0.25,-0.15384615384615385,-0.2899328859060135,-0.19212383531876032,-0.079779678891712,0.0,-0.09956541541731506,-0.003508335626969434,-0.5514829322887519,-0.2173780626761423,-0.9,-0.3054662379421222,-0.061464662615925876
0.10109942638623379,0.4661965606376212,-0.5,0.25,-0.9150637416403588,2.0796170319979836,1.060768519170377,0.5,1.3076923076923077,-4.20402684563756,0.0028118465433323247,-0.005575269058366127,1.0,-0.02171974038789995,0.6043634234604676,-0.22188024622271957,-0.272391129593527,0.1,-0.45980707395498394,0.32779021426287197
-0.01183078393881404,1.055543050484618,-0.75,0.5,0.14631597013070755,2.3917863441672957,1.418310117032841,-0.75,1.6153846153846154,-0.7954770936679085,-0.17427269730752384,-0.04935984301424111,0.0,-0.05045166432610924,-0.05392645770758335,-0.454999067338183,-0.22185387509875487,-0.9,-0.3504823151125402,-0.11037249203987717
0.7206022944550675,-0.9615900690948206,1.25,0.5,0.49231499550241437,-0.060972537163013325,-0.3448992655169234,0.25,-0.15384615384615385,0.30067114093962416,0.4516578416226009,0.8043860947829735,0.0,1.1202698599461038,7.266253238165433,0.07750419697817575,0.8687961604710948,-0.9,0.9678456591639871,3.5995522865366194
-0.38934034416825947,-1.6802216370170817,0.5,-1.0,0.0,0.10229276895943559,-0.4721128679705742,0.5,-0.15384615384615385,2.6757237308036318e-14,0.105920491189096,0.14099150493331805,1.0,0.13655254867726876,2.0050124788708783,-0.12562954672635693,-0.014776714732193955,0.1,-0.02572347266881029,0.8740006395906623
-0.5184034416825999,0.6101615390381547,-0.25,0.25,-1.5197549861161512,0.9004787100025193,0.8587411243339905,-1.25,0.9230769230769231,-3.32348993288588,-0.06009252572119514,-0.04350337805686369,5.857142857142857,-0.062312597259650056,0.19134680948004112,-0.19837716843872402,-0.26269452502449037,0.2,-0.40514469453376206,0.09523504956827648
0.8496653919694074,0.8623069919189402,-0.25,0.5,-1.5786187355783965,2.4877802973041057,1.859582294334552,-0.5,1.7692307692307692,-5.828187919463064,-0.14351824456363263,-0.046854332272975016,0.0,-0.057966751432800695,0.06659977145775457,1.1737548964745383,1.3679034517859199,-0.9,1.4533762057877813,0.12235369363607135
0.591539196940727,1.2209720252324616,-0.25,0.5,0.9525224912981511,3.449231544469639,1.5403441803918183,0.0,1.6153846153846154,4.958389261744993,-0.049592303639501865,0.07876035418367029,0.0,0.14207499905112536,-1.0094443261024413,0.015388919977616202,-0.010970259324468703,0.0,0.01929260450160772,-0.47783818356252006
0.2693594646271517,1.2215717011819924,-0.25,0.5,0.3296752202025094,2.3906945494247074,1.7618463403740405,0.0,1.5384615384615385,4.055608820709519,-0.0023925305348795342,0.0875353344024864,0.0,0.14207499905112536,-0.4357115762993072,0.020487471242927328,0.019605682234907988,-0.5,0.01929260450160772,0.1952304810635483
0.2817877629063102,-1.6802216370170817,1.0,-0.5,-7.008108409098816e-15,0.10229276895943559,-0.4721128679705742,0.5,-0.15384615384615385,2.546765782576625e-14,-0.19361245995934798,-0.0826964870561695,0.0,-0.10446160853228072,0.0,-0.6035254616675991,-0.3913180951789943,-0.9,-0.5980707395498392,-0.0012152222577550375
0.4735386506419014,-0.516563999884938,0.5,0.25,-0.2236058015286581,-0.07738545153511137,-0.3547173944551151,0.25,-0.15384615384615385,-0.24474854005052685,-0.1918470776999391,-0.0809814691592959,0.0,-0.10246897179944586,0.005757882133100514,-0.5314706744477309,-0.2713444713427002,-0.9,-0.43729903536977494,0.025024607627741682
0.21725621414914026,1.054796940082003,-0.5,0.5,-0.6180693693535756,0.9549004787100022,1.2476249590390518,-0.5,1.7692307692307692,-4.021476510067089,0.13044002118866105,0.06748594807198964,0.0,0.09584582684935666,1.5073536050488978,1.1351426972579741,0.7891948073110204,-0.9,0.6816720257234726,0.4407419251678929
0.5528202676864251,-0.12597728701794678,0.75,0.5,0.6715818688647067,3.8301839254220194,1.25431028996797,1.75,1.6923076923076923,-5.221476510067091,0.12931071973718078,0.12696114060338287,0.0,0.11444376968914867,-2.2537952978065685,-0.17935086737548955,-0.16565681129960533,0.0,-0.35691318327974275,-0.4734889670610811
0.7851338432122374,-0.8534449803329041,1.25,0.5,0.5868581381116142,-0.06615556275420216,-0.34759616486549383,0.25,-0.15384615384615385,0.13753430092243227,1.8514893223060767,1.8263154495188372,0.0,2.3402379777583784,17.560171298652413,0.7267167639299704,1.4250471365999655,-0.9,1.4244372990353698,5.244404920752198
-0.5700286806883359,0.6376864448674594,-0.25,0.25,-1.5946724854317362,0.7825648778029729,0.9587260174950742,-1.25,0.9230769230769231,-3.8308724832214507,-0.05882063570260872,-0.04401243786447695,5.857142857142857,-0.062312597259650056,0.09879014937445815,-0.20677112479015097,-0.26266892393502117,0.2,-0.40514469453376206,0.0948512951710906
0.18782982791587063,1.4552782290858493,-0.75,0.5,2.7933524744810914,2.7812950365331304,1.7777801261072734,-0.75,1.6153846153846154,2.9053691275168045,-0.15194237710826108,-0.04384145598965986,0.0,-0.05045166432610924,0.041704440704646836,0.37478455512031333,1.1565675321891242,-0.9,1.4533762057877813,2.9204029421170468
-1.0862810707456971,0.1017995952104257,-0.75,-0.25,1.0381424905159604,-0.15167548500881828,1.2709920333173452,-2.0,0.6153846153846154,4.885906040268484,-0.19023596269027554,-0.07931602804656648,0.0,-0.09882529320226212,-0.01410260349975411,-0.2582540570789031,0.046538400141636,0.0,0.1639871382636656,-0.6204669011832433
-0.020219885277246278,0.13206072466222923,0.0,0.25,-0.360405791340409,-0.05492567397329302,-0.34217988881458544,0.25,-0.15384615384615385,-0.3493814902464072,2.2741906851166767,1.188493286971602,0.0,0.9023513113447451,-2.8548427453478524,0.8116582727103152,0.6702114843483311,-0.9,0.3054662379421222,-0.3706311208879728
0.5786328871892931,-0.10139701435393271,0.75,0.5,0.4896393705268563,4.111363063744015,1.1332502150703794,1.75,1.6923076923076923,-4.612080536912723,0.23168360737667695,0.1527114280699003,0.0,0.11444376968914867,-2.918596928332093,-0.1390598768886401,-0.1491091314153794,0.0,-0.35691318327974275,-0.6643428205948196
-1.1120936902485654,-0.11327751894418951,-1.0,-0.75,-0.3210749970667929,-0.3421516754850087,-0.05112638491489914,-1.0,-0.07692307692307693,0.9959731543624432,-0.1828783926276007,-0.07356749400435789,0.0,-0.09362546020419782,0.06334716872386717,-0.027140458869613842,0.3520211718902552,-0.9,0.4405144694533762,1.2541733290693966
0.10109942638623379,-0.5620501691600194,0.75,0.25,-0.7384724932536227,-0.07911312673217431,-0.35598326849497575,0.25,-0.15384615384615385,0.03221476510069777,-0.19361245995934798,-0.0826964870561695,0.0,-0.10446160853228072,0.0,-0.602965864577504,-0.3894052057893649,-0.9,-0.594855305466238,0.00044771346338343517
-0.38934034416825947,-1.6802216370170817,0.5,-1.0,0.0,0.10229276895943559,-0.4721128679705742,0.5,-0.15384615384615385,2.6757237308036318e-14,0.081030230915055,0.05417247994098098,1.0,0.033428853379891446,-1.8920158345088518,-0.21404588696138768,-0.2137590898908927,0.1,-0.40836012861736337,-0.7613047649504324
-0.9443116634799229,-0.08996128592854542,-0.5,-0.5,-0.4735856206735204,0.31997984378936745,0.5504432607540414,-1.25,0.6153846153846154,-1.7557046979865505,-0.0622769825692606,-0.04535193576552522,5.857142857142857,-0.062312597259650056,-0.08087819132150259,-0.16648013430330152,-0.24210046118025294,0.3,-0.3633440514469453,-0.017460825071954088
0.16563097514340372,0.8410601735817033,-0.25,0.5,1.5277818610428182,1.0909549004787098,0.9703037118417008,-0.75,0.8461538461538461,2.9288590604027114,-0.09893365140089702,0.033802183059766226,1.0,0.04530876380612593,0.9472559470503523,0.34331281477336323,0.8263385236675925,0.1,1.0643086816720257,3.3021426287176237
0.2503286328871897,0.6894933773052798,0.0,0.5,-1.4616753870087245,-0.03772990677752581,-0.3367423310558966,0.25,-0.15384615384615385,0.09354887913561306,3.0553101051804568,1.823638831808876,0.0,2.3402379777583784,-6.280640313986218,1.3333799664241746,1.318627893857926,-0.9,1.4244372990353698,-2.5054025716796366
0.023661567877629273,0.46725157087466374,-0.5,0.25,-0.9204149915914727,1.6623834719072808,1.0280130809090615,0.0,1.3076923076923077,-4.209395973154334,0.025825641274256995,-0.010399528979674139,1.0,-0.02171974038789995,0.29951116771653835,-0.035534415221040755,-0.05134065626791821,0.1,-0.0707395498392283,0.9946274384393996
0.8496653919694074,-0.020613120264761017,0.75,0.5,-0.6207449943291328,2.56034265558075,0.8698834499785039,1.75,1.3076923076923077,-0.072483221476484,-0.05848983022692256,-0.02776939643697501,0.0,-0.03462443541959236,-0.32047860106496384,-0.12171236709569105,-0.09671499454912341,0.1,-0.07395498392282958,-0.2970898624880081
0.442274918945881,-0.4736076040226754,0.5,0.25,-0.3557365024319576,-0.08226801187463709,-0.35842370426593556,0.25,-0.15384615384615385,-0.22501790593413268,-0.1920005892007573,-0.08104589882350548,0.0,-0.10246897179944586,0.0024561302825730595,-0.5377363081190237,-0.27584206196747096,-0.9,-0.43729903536977494,-0.019701414809936646
0.6307743785850861,-0.12522024179356955,0.75,0.5,-0.884962960665347,5.026374401612495,0.20447748672168847,4.5,1.7692307692307692,-1.9751677852348708,0.5415011866933497,0.1876590766812133,1.0,0.11909325539909667,-3.686161891669911,0.17109121432568558,0.03873659679974844,0.1,0.0,-1.7597697473616896
0.617351816443595,-0.1647149921859773,0.75,0.5,0.13378124877782907,4.592088687326782,0.8705532341953607,1.75,1.6923076923076923,-3.251006711409376,0.4141114201322223,0.19555981999944472,0.0,0.11909325539909667,-4.2334555897663835,0.0036373810856184575,-0.03970737853458681,0.0,-0.22186495176848875,-1.5286856411896397
0.591539196940727,1.2209720252324616,-0.25,0.5,1.241489988658262,3.4764424288233795,1.563083902355578,0.0,1.6153846153846154,5.691275167785262,-0.047122669657224205,0.07848897518414633,0.0,0.14207499905112536,-1.1147236976388566,0.03497481813094581,-0.016157421508018483,0.0,0.01929260450160772,-0.5756955548449
0.48007561272379695,-0.5406382346250157,0.5,0.25,-0.15466804453563213,-0.079937698985318,-0.3566047693030013,0.25,-0.15384615384615385,-0.23499406925141042,-0.1919273223480941,-0.08101456542013331,0.0,-0.10246897179944586,0.0039069300330047,-0.534745892048634,-0.2736545792301305,-0.9,-0.43729903536977494,-0.000370139169655306
-0.9314053537284886,-0.6773846290784965,-1.0,-1.0,0.21404999804452624,-0.07004283194759384,-0.016264125844992126,-0.5,0.07692307692307693,-0.3463087248321883,1.6787180147108625,1.1805311785884944,1.0,1.3329506205640111,-3.9287631670806307,0.6499720201454953,0.7192134273529525,0.1,0.6913183279742765,-1.2305084745762715
0.33341300191204615,-0.6033254285839681,0.5,0.0,0.25685999765343365,-0.006550768455530335,0.1260766996413686,-1.0,0.07692307692307693,0.04295302013425514,1.621728216209896,1.221311997130353,0.0,1.1987607697271037,17.317387068192676,1.3119753777280359,1.584495160303639,-0.9,1.4887459807073955,7.371346338343464
0.8625717017208413,0.3869058987775194,0.75,0.5,2.2073906048341962,-0.07004283194759384,-0.349854631871383,0.25,-0.15384615384615385,0.13691275167787917,-0.19361245995934798,-0.0826964870561695,0.0,-0.10446160853228072,0.0,-0.602965864577504,-0.3894052057893649,-0.9,-0.594855305466238,-0.0021106491845219073
-0.9443116634799229,-0.035350255893731565,-0.75,-0.5,0.050836874535574436,-0.3693625598387502,0.16747909376936373,-1.0,0.15384615384615385,-1.0630872483221212,0.36558567897467414,0.7757918400099328,1.0,1.3084127225111017,-6.350508378534536,0.09988808058198104,0.6628641921297734,0.1,1.1318327974276527,-2.731627758234732
-0.9184990439770546,-0.10426891236185445,-0.75,-0.5,-1.3940006122649902,0.10229276895943559,-0.14778054731777393,0.0,0.0,-0.1879194630872218,1.4685424667964697,1.2771941693907432,0.5714285714285714,1.4260162447337459,-4.104600842148966,0.5559597090095132,0.8497862404778481,0.1,0.7877813504823151,-1.0196993923888724
0.20434990439770626,1.0686337214644992,-0.5,0.5,1.0916549900270938,1.2360796170319976,1.0043400009888388,-0.75,0.8461538461538461,3.052348993288618,-0.046854603151064725,0.05222493049366517,1.0,0.04530876380612593,1.3666552278206183,0.632064913262451,0.9273141372565873,0.1,1.0643086816720257,4.147169811320758
-0.38934034416825947,-1.6802216370170817,0.5,-1.0,0.0,0.10229276895943559,-0.4721128679705742,0.5,-0.15384615384615385,2.6757237308036318e-14,0.10667906236610043,0.05555103542517026,1.0,0.033428853379891446,-1.9359246394741794,-0.1944599888080581,-0.21296744453031916,0.1,-0.40836012861736337,-0.7683402622321721
0.5786328871892931,-0.04640369571461313,0.75,0.5,1.0033593658337243,3.6487780297304098,1.2836153631581808,1.75,1.6923076923076923,-4.743624161073799,0.03277255626366622,0.0756671758159167,0.0,0.10968041902303867,-1.1119319468893776,-0.2134862898712926,-0.19577288960911526,0.0,-0.35691318327974275,-0.10905020786696497
0.23016252390057423,-0.2926726322680506,0.0,0.0,-0.262211247604547,-0.024691358024691367,0.1260766996413686,-1.0,0.07692307692307693,-0.16107382550332905,1.650194597746958,1.2157210476815927,0.0,1.1987607697271037,12.54487051476805,1.3791270285394515,1.5615295750284595,-0.9,1.4887459807073955,5.114870482890953
0.8321128107074575,0.5037911786611953,0.25,0.5,0.4515117146251743,-0.058070042831947555,-0.34353829261585744,0.25,-0.15384615384615385,0.362416107382577,-0.1935234846934738,-0.08260092924923765,0.0,-0.10434774357611873,-0.00038359933962308116,-0.5918858421936205,-0.3663116625212152,-0.9,-0.5594855305466238,-0.039782539174928085
0.8625717017208413,-0.024370600372952314,0.75,0.5,0.8802806169581205,3.422020660115897,1.1583952331335199,1.75,1.6923076923076923,-1.6107382550335283,-0.08119563365289806,-0.024280967120956395,0.0,-0.03462443541959236,0.5262929661942616,-0.1586457750419697,-0.08508822177863112,0.0,-0.07395498392282958,0.767956507834986
-0.38934034416825947,-1.6802216370170817,0.5,-1.0,0.0,0.10229276895943559,-0.4721128679705742,0.5,-0.15384615384615385,2.6757237308036318e-14,-0.07137413315062985,0.016263519219667375,1.0,-0.007752305765362281,-1.1815179326507252,-0.3007834359261331,-0.2253758502183083,0.1,-0.36012861736334406,-0.28020466901183266
0.46247609942638657,0.6629557912190462,0.25,0.5,2.8380736347868254,-0.09725371630133534,-0.3726654203351548,0.25,-0.15384615384615385,0.12943432406522354,-0.18243351629822968,-0.0763888037222157,0.0,-0.09952746043192773,0.07076894066930285,0.28399552322327926,0.6419357266069365,-0.9,0.572347266881029,3.0948604321805497
0.8589579349904403,-0.33559909540064836,0.75,0.5,-1.3605553000705328,5.167871000251951,0.009221744462068327,5.0,1.7692307692307692,-0.19932885906037726,0.5449415636404856,0.1862327358327192,0.2857142857142857,0.11909325539909667,2.2272736656865155,0.23219921656407386,0.006842112351132668,0.1,0.0,0.31077710265430114
-1.3289196940726569,0.782185200000695,-1.5,-0.5,-1.9565507633757655,-0.7561199294532626,0.061669775516685614,-1.5,-0.23076923076923078,-1.4134228187919196,0.05881036932577711,0.0009025876191261547,0.2857142857142857,-0.023598512164572816,-1.2896190236350284,0.008718522663682187,-0.15098809443371228,0.1,-0.21543408360128619,-0.6522545570834668
-0.38934034416825947,-1.6802216370170817,0.5,-1.0,0.0,0.10229276895943559,-0.4721128679705742,0.5,-0.15384615384615385,2.6757237308036318e-14,0.19478168620961805,0.04825809751474451,0.0,0.033428853379891446,-0.6740612923625389,0.049524342473419226,-0.014194680910775182,-0.3,0.00964630225080386,-1.017780620402943
-1.1120936902485654,0.06454963447131626,-1.0,-0.75,-1.3485149876805282,0.24741748551272355,-0.08929596904706735,0.0,0.07692307692307693,0.021476510067140853,2.2434371829632327,1.5931783833516018,1.0,1.6307264584203136,11.402258612361734,0.9583100167879125,1.0825413692026054,0.1,0.909967845659164,2.324720179085387
1.0819789674952203,0.3942890089233194,0.25,0.5,0.577934994720226,-0.09725371630133534,-0.3726654203351548,0.25,-0.15384615384615385,2.6610011339439496e-14,-0.19287099941039626,-0.0816042287992711,0.0,-0.10263976923368885,-0.007522809271497095,-0.5671516508114156,-0.3274917665916912,-0.9,-0.5209003215434084,-0.14282059481931572
-0.8023422562141485,-0.34423542469959495,-0.5,-0.5,-0.32107499706679243,-0.01562106324011085,-0.011847834691068697,-0.25,0.0,0.8402684563758658,2.4820277805305295,1.4892118471316595,0.5714285714285714,1.4260162447337459,-9.261465286685803,1.1116396194739786,1.0590709698484038,0.1,0.7877813504823151,-2.436392708666454
-0.9486137667304009,-0.3564606643439073,-0.5,-0.5,-0.1566981701480046,-0.4008062484252959,-0.023514670757946575,-1.25,-0.15384615384615385,-0.5520227545893382,4.841517608143328,1.4504272153209354,0.0,1.3088112498576687,0.010570583304113352,2.4591494124230553,1.0813024529658566,0.1,0.8327974276527331,-0.06256256729842047
-0.9572179732313569,-0.24927617191394627,-0.75,-0.75,-0.7277699933513965,0.2111363063744016,-0.10365674982090889,0.0,0.07692307692307693,-0.25771812080534223,1.9247745496518345,1.4275478261604266,1.0,1.6307264584203136,3.135466413318579,0.8307218802462227,0.9719357280352651,0.1,0.909967845659164,0.3197313719219702
-0.38934034416825947,-1.6802216370170817,0.5,-1.0,0.0,0.10229276895943559,-0.4721128679705742,0.5,-0.15384615384615385,2.6757237308036318e-14,-0.11661463372205351,0.014686210375648871,1.0,0.03337192090181045,-0.7794472192710719,-0.25713486289871285,-0.05468673557524775,0.1,-0.02572347266881029,-0.7271506236008958
-1.2024378585086035,0.08936339995091977,-1.0,-0.75,-1.3779468624116509,0.292768959435626,-0.09745614999308906,0.0,0.07692307692307693,-0.008053691275140896,2.2585572746191636,1.589987723197252,1.0,1.6307264584203136,9.303983544044995,0.9588696138780078,1.0823299772580797,0.1,0.909967845659164,1.7801726894787344
-0.02796367112810667,0.6841266128747306,-0.5,0.0,-0.6849599937424911,1.8256487780297301,1.2923947773688433,-2.25,0.8461538461538461,-3.221476510067089,0.07715182188976909,-0.015210061875844885,1.8571428571428572,-0.025477283941245682,-0.4015086337917341,0.4888080581980974,0.4102993326946482,0.0,0.5594855305466238,-1.4124080588423416
0.7593212237093694,-0.8335291140760733,1.25,0.5,0.6501768690602532,-0.060972537163013325,-0.3448992655169234,0.25,-0.15384615384615385,0.2577181208053957,1.0515849788648095,1.3596546748413592,0.0,1.8916859604509053,13.668512897053146,0.37409065472859543,1.1665417014022408,-0.9,1.1061093247588425,4.983114806523828
-1.1637189292543013,-0.20869606529607693,-0.75,-1.0,0.8133899925692065,0.2111363063744016,-0.18373085762335312,0.25,0.0,0.7516778523490201,1.2576026441623886,1.1532262114344949,0.0,1.4374406953353323,2.983451855571424,0.4026301063234472,0.7438190294406818,0.0,0.77491961414791,1.034921650143909
0.010755258126195285,1.474736505938025,-0.5,0.5,-0.7357968682780665,1.8710002519526323,1.232561271807569,-0.25,1.0,0.6953020134228465,0.07651872865181797,0.09936799641486224,0.0,0.09833187839222682,0.3154731624597431,1.4518746502518185,1.4238720254877406,-0.9,1.6495176848874598,1.1243364246881993
-0.9701242829827909,0.2082488405023968,-0.75,-0.5,-0.14715937365561346,-0.1698160745779793,0.2949873817043749,-1.0,0.15384615384615385,-2.077852348993262,0.793311455494187,0.9223260363795645,1.0,1.3084127225111017,-7.976514054320594,0.4362059317291551,0.7724943737042532,0.0,1.1318327974276527,-2.9515190278221963
-0.38934034416825947,-1.6802216370170817,0.5,-1.0,0.0,0.10229276895943559,-0.4721128679705742,0.5,-0.15384615384615385,2.6757237308036318e-14,-0.04208073792435248,0.08660899963861822,1.0,0.11142634835085588,1.6359659391947476,-0.30190263010632334,-0.2062607029122589,0.1,-0.36012861736334406,0.4402302526383118
0.29469407265774417,0.14357261585626405,-0.25,0.5,-0.06689062438891719,2.1884605694129498,0.9512842424868194,-0.5,1.1538461538461537,1.9919463087248586,0.3225581529647372,0.05939022276012722,109.85714285714286,0.07111815386951076,-0.4560463371257851,0.355064353665361,-0.11814972101170396,1.6,-0.17041800643086816,0.2984969619443556
-0.22155831739961707,-0.5100838073121282,-0.25,-0.25,-0.5056931203801983,0.37440161249685044,0.2060283121060938,0.0,0.38461538461538464,-0.9825503355704431,-0.015205644796194582,0.002872337275337556,0.0,-0.006006376437545071,0.5871041170617317,0.19110240626748742,0.0064584109546123765,-0.3,0.00964630225080386,0.32088263511352727
0.10109942638623379,0.4934604150210871,-0.5,0.5,0.31572374711567786,1.0274628369866463,1.2164982972091036,-0.5,1.1538461538461537,4.987919463087277,0.3662529934687307,0.07149040830278545,13.142857142857142,0.09584582684935666,0.95093477127271,1.1888640179071068,0.7009889142522505,1.4,0.6816720257234726,-3.747809401982731
-0.260277246653919,-0.8725494806922465,0.5,-0.25,-0.5137199953068682,0.3925422020660115,0.18686505332458306,0.5,0.38461538461538464,-1.6322147651006442,0.014971799546140608,0.011216973340579223,0.0,-0.006006376437545071,1.047143616757621,0.17319529938444328,-0.016718279332835994,-0.3,0.00964630225080386,0.2510393348257118
0.9916347992351818,0.561432383547615,0.25,0.5,0.8214168674958764,-0.1063240110859158,-0.3840532391514685,0.25,-0.15384615384615385,-0.05100671140936922,-0.19287099941039626,-0.0816042287992711,0.0,-0.10263976923368885,-0.006830199352733199,-0.560436485730274,-0.32519407140852147,-0.9,-0.5209003215434084,-0.16456667732651128
-0.8703154875717011,-0.4493637224910057,-0.5,-0.5,-0.3012087048400536,-0.4008062484252959,-0.023514670757946575,-1.25,-0.15384615384615385,-0.7337011295174838,4.962800781670525,1.3699554327800791,0.0,1.2645367594033476,1.7176625830406396,2.521712367095691,1.0070873773062754,0.1,0.7234726688102894,0.45809909244290486
-0.8152485659655825,-0.31696330691840774,-0.5,-0.5,0.34515562184680076,-0.09725371630133534,0.03319547488020916,-0.25,0.0,1.1865771812080803,2.4819764486463716,1.4892255901883222,0.0,1.4260162447337459,-1.7659528376409148,1.129546726357023,1.050610821253399,0.1,0.7877813504823151,-0.3874000639590669
-0.053776290630974645,-1.6802216370170817,0.75,-0.75,5.701829724870018e-15,-1.3126732174351217,-0.4721128679705742,-1.0,-0.6153846153846154,1.8794177803007147e-14,-0.19361245995934798,-0.0826964870561695,0.0,-0.10446160853228072,0.0,-0.6035254616675991,-0.3913180951789943,-0.9,-0.5980707395498392,-0.0012152222577550375
0.5258343472970626,-0.23087063791129994,0.5,0.25,-0.5691784038911305,-0.06921825969445015,-0.3493580380740503,0.25,-0.15384615384615385,-0.8566198901769106,-0.19191384124720404,-0.08094261527267857,0.0,-0.10246897179944586,0.039171813246453566,-0.5030014753014193,-0.24115398328779517,-0.9,-0.43729903536977494,0.9409890397418382
0.6710420650095607,-0.10176489968028005,0.75,0.5,-0.9451645226153707,4.998075081884605,0.1814487256024637,4.5,1.7692307692307692,-2.228859060402657,0.544045879297352,0.18661551121639583,1.0,0.11909325539909667,-2.975262409253117,0.19146054840514834,0.030462782459423923,0.1,0.0,-1.5767188999040622
-0.9055927342256207,-0.9429212052038299,-0.25,-1.0,0.1712399984356224,-0.11539430587049632,-0.047008734943778926,-0.5,0.0,0.12885906040271125,2.191455094939033,1.2801462917437898,1.0,1.307843397730292,6.237173420866034,0.8598209289311696,0.8184568556289488,0.1,0.6463022508038585,1.5891909178126011
0.04947418738049784,0.45985557721740994,-0.5,0.25,-0.8829562419336795,1.843789367598891,1.0664765041751714,0.0,1.3076923076923077,-4.348993288590577,0.020812227254806512,-0.008775493170434554,1.0,-0.02171974038789995,0.44016159502736507,-0.10156687185226629,-0.09697445082529384,0.1,-0.0707395498392283,0.7802366485449318
-0.9314053537284886,0.054132996468942485,-0.5,-0.5,0.1926449982400735,0.24741748551272355,0.38964909762564076,-1.25,0.15384615384615385,-0.19328859060400005,-0.04326707480267524,-0.046372162743910365,17.571428571428573,-0.062312597259650056,-0.13882566656331424,-0.13122551762730827,-0.23111158171861307,0.7,-0.3633440514469453,0.1016309561880397
0.5800669216061191,0.6327106769616407,0.25,0.5,1.5183964644567343,-0.10733182161753585,-0.3854908818665817,0.25,-0.15384615384615385,-0.03241423733036986,-0.1839817112735195,-0.07718285241523609,0.0,-0.09952746043192773,0.006247963315165021,0.08111048933656663,0.5160899556580046,-0.9,0.572347266881029,-0.11357922261022295
-0.20865200764818306,0.03970711191667587,-0.25,0.25,-0.561881244866886,0.5376669186192994,0.5779881389776823,-0.5,0.46153846153846156,-0.7999999999999731,0.041476162399822644,-0.031678820913908584,73.71428571428571,-0.02171974038789995,-0.33503140101191453,0.16703973139339676,-0.04885361940921208,1.4,-0.0707395498392283,0.5267029101375125
0.5770841300191211,1.3741415489192073,-0.75,0.5,1.890329045230737,2.743562610229276,2.1111691250992415,-0.75,1.7692307692307692,2.9899328859060663,-0.1694052559571721,-0.0588586153128695,0.0,-0.07303488063157096,0.003835993396230817,0.3433575825405708,1.1615572373631085,-0.9,1.4533762057877813,0.17953309881675714
-1.1379063097514333,0.7982486114018262,-1.5,-0.5,-1.7552099839651327,-0.5235575711766186,0.27276293872323165,-1.5,0.15384615384615385,-2.037583892617424,0.07249773105942593,-0.0049121354311864,0.2857142857142857,-0.023598512164572816,-0.8318271763197429,0.04784555120313376,-0.15537452933286827,0.1,-0.21543408360128619,-0.4537895746722103
-0.38934034416825947,-1.6802216370170817,0.5,-1.0,0.0,0.10229276895943559,-0.4721128679705742,0.5,-0.15384615384615385,2.6757237308036318e-14,0.10593189827446449,0.1409891112647856,1.0,0.13655254867726876,0.33227428075837356,-0.11947397873531053,-0.01662197778853329,0.1,-0.02572347266881029,0.04291653341861209
-0.9184990439770546,-0.9452288804474626,-0.25,-1.0,0.1632131235089517,-0.08818342151675482,-0.03953985244974264,-0.5,0.0,0.07785234899331524,2.191455094939033,1.2801462917437896,1.0,1.307843397730292,8.463994226221049,0.8603805260212646,0.818176559087639,0.1,0.6463022508038585,2.181835625199873
-0.053776290630974645,-1.6802216370170817,0.75,-0.75,-9.593393579452822e-16,-0.07004283194759384,-0.349854631871383,0.25,-0.15384615384615385,-0.029530201342255157,-0.19361245995934798,-0.0826964870561695,0.0,-0.10446160853228072,0.0,-0.602965864577504,-0.3894052057893649,-0.9,-0.594855305466238,-0.0005756315957787018
-0.2650573613766725,-0.534475346389446,0.5,0.25,0.5972377177581715,0.45166708658772137,0.971586900429302,0.5,1.3846153846153846,2.3969319271332963,-0.11976848158411882,-0.0013387994509820407,0.0,0.009896762439746461,0.36496166337502534,-0.2785860846856929,-0.14727601027038414,-0.5,-0.24758842443729903,0.24434190689387372
-0.44303059273422507,-0.2654601300256036,0.0,-0.25,-0.4153907774551637,-0.08636936255983874,0.06235250780616647,-0.5,0.0,0.9724832214765368,2.0463873118989446,1.4056731326545475,1.0,1.3796352525904279,-8.302354388516296,0.9072971460548405,1.0016139942661229,0.1,0.7395498392282959,-1.6334186120882639
0.13981835564053574,0.217819863999018,-0.25,0.5,-0.22207687297119802,2.5694129503653302,0.573913392856552,1.5,1.1538461538461537,0.010738255033583197,0.3324937243206903,0.059125890386107334,109.85714285714286,0.07111815386951076,-1.0142792761122745,0.6550083939563514,0.3820061883351618,1.7,0.5594855305466238,1.7048289094979225
-0.07958891013384262,0.5823018015903664,-0.5,0.0,-1.241489988658263,1.9344923154446958,1.281661973795905,-2.25,0.8461538461538461,-3.07114093959729,0.07890280949383198,-0.014624065019891292,1.8571428571428572,-0.025477283941245682,-0.34998644748860885,0.5123111359820929,0.40577113858751895,0.0,0.5594855305466238,-1.1066837224176542
-0.0924952198852766,1.1945016212249902,-0.5,0.5,0.8428218673003285,1.408415217939027,1.505502950019677,-2.25,1.0769230769230769,0.4402684563758661,0.16908152287441444,0.03410223220054242,1.8571428571428572,0.020638023304361028,0.5072595128497692,0.09205372132064917,-0.1792660449226454,0.0,-0.2829581993569132,0.2596098496961945
-0.09404397705544856,0.07532563075123674,0.0,0.0,-0.8428218673003313,-0.208999748047367,-0.03303935824471258,-0.5,-0.07692307692307693,-0.28389261744963784,3.4163216855109346,1.5145211631643483,1.0,1.3796352525904279,-5.603247541353707,2.3791270285394512,1.5496276060935559,0.1,1.4887459807073955,-5.720978573712828
-1.1508126195028674,-0.19300241075209337,-1.0,-1.25,0.6608793689624799,0.08415217939027461,-0.04018984983498809,0.0,0.07692307692307693,-0.6067114093959466,2.179774239521701,1.4430286359231383,1.0,1.3329506205640111,-4.990129262131638,0.9057078903189703,0.9435932695617072,0.1,0.7106109324758842,-1.2687559961624568
-0.8797801147227527,0.12327811672086784,-0.75,-0.5,-8.431158626906351e-16,-0.2605190224237843,0.17307737962207895,-0.5,0.15384615384615385,-1.2241610738254765,0.08803988487399095,-0.01247196504828177,13.142857142857142,-0.023598512164572816,0.2462441371949886,0.09541130386122,-0.17387077769523332,0.8,-0.21543408360128619,0.24809721778062055
-0.053776290630974645,-1.6802216370170817,0.75,-0.75,-5.654761413902169e-15,-1.3126732174351217,-0.4721128679705742,-1.0,-0.6153846153846154,2.6450806606224804e-14,-0.19361245995934798,-0.0826964870561695,0.0,-0.10446160853228072,0.0,-0.5914008580488713,-0.3727829087748466,-0.9,-0.5819935691318328,0.266042304353785
0.40762428298279196,-0.4220443046346285,0.5,0.25,-0.50700184998781,-0.08440413202317963,-0.3601752105211697,0.25,-0.15384615384615385,-0.2150860811204872,-0.1920677504823652,-0.08107561050738679,0.0,-0.10246897179944586,0.0013144531719149592,-0.5404775228502143,-0.2779166800613408,-0.9,-0.43729903536977494,-0.03440163512743153
0.38503824091778266,-0.42464424490585806,0.5,0.25,-0.5244224952090936,-0.11539430587049632,-0.3986660603493769,0.25,-0.15384615384615385,-0.05369127516775863,-0.1886903026228454,-0.07772770226036271,0.0,-0.09764868865525486,0.030157834193561835,-0.45187465025181855,-0.14615372524153578,-0.9,-0.2540192926045016,0.32152222577550393
0.3721319311663487,-0.3169633069184075,0.5,0.5,0.532449370135764,-0.09725371630133534,-0.3726654203351548,0.25,-0.15384615384615385,0.010738255033583947,-0.18880437347653029,-0.07771283432877948,0.0,-0.09764868865525486,0.013258152175722744,-0.46530498041410173,-0.1465564414331906,-0.9,-0.2540192926045016,0.13297089862488018
-0.3764340344168255,0.4281331780093315,-0.25,0.5,0.15786187355783934,0.7825648778029729,0.5226440894222253,-0.75,0.6153846153846154,-2.0751677852348736,-0.19109149409291212,-0.08078923294667847,1.0,-0.10148214217937526,0.007581414726161729,-0.3584219362059316,-0.15781642695658313,0.1,-0.18006430868167203,0.17326511032938927
-1.1637189292543013,-0.1307208540266268,-0.75,-1.0,-0.7491749931558482,0.0750818846056941,-0.2264500394071668,0.0,-0.07692307692307693,0.15838926174499288,1.8342308095394602,1.4814621986935081,1.0,1.4374406953353323,-2.954852393695086,0.7305540011191941,1.0017592808059965,0.1,0.7877813504823151,-1.0741925167892568
0.21467495219885346,-0.3078720021818732,0.25,0.0,0.529592687831031,-0.970723104056437,0.1886796898586651,-1.5,-0.23076923076923078,2.450169046778048,-0.19108407948742262,-0.08101376386348465,0.0,-0.10237408433597753,0.00821953519194711,-0.4842193620593171,-0.28994624781391637,-0.9,-0.5080385852090032,-0.012468170746662044
-0.260277246653919,-0.22261516964585423,-0.25,-0.25,0.3157237471156784,0.6102292768959435,0.6427716090435767,-0.5,0.46153846153846156,-0.628187919463061,0.020618306803542204,-0.029168010956341434,17.571428571428573,-0.02171974038789995,-0.5002321860586184,0.16703973139339676,-0.045536047996013955,0.6,-0.0707395498392283,-0.012599936040933858
0.21114269900372368,-0.2728232313895519,0.25,0.0,0.590397774211631,-0.9899616766784683,0.19834682888410324,-1.5,-0.23076923076923078,2.645001766160396,-0.19096661652677288,-0.08098266581965786,0.0,-0.10237408433597753,0.011646782581319213,-0.4779400936588812,-0.2891000810244103,-0.9,-0.5080385852090032,0.039482941443791775
-0.18283938814531508,0.054132996468942485,-0.25,0.25,-0.6207449943291342,0.5195263290501384,0.5600695897735358,-0.5,0.46153846153846156,-1.2456375838925915,0.03326306093451122,-0.02864986868075958,1.0,-0.02171974038789995,-0.21997291019941365,0.15137101287073315,-0.045625796970027534,1.4,-0.0707395498392283,0.5960345378957471
-0.38934034416825947,-1.6802216370170817,0.5,-1.0,0.0,0.10229276895943559,-0.4721128679705742,0.5,-0.15384615384615385,2.6757237308036318e-14,0.030308625824072812,0.13142066176547393,1.0,0.13655254867726876,2.3407764480661006,-0.25545607162842743,-0.159070949537552,0.1,-0.29260450160771706,0.6475855452510398
-0.2303889503874406,0.9580098843268501,-0.75,0.0,-1.7162725994524295,2.4605694129503646,1.4375041301805567,-0.75,1.6153846153846154,-1.281172730483905,-0.16933157819314995,-0.04547674682606528,0.0,-0.05045166432610924,-0.004483737895155767,-0.4488410449739344,-0.2097528585870616,-0.9,-0.3504823151125402,-0.1226532913672094
0.10109942638623379,-0.5620501691600194,0.75,0.25,0.7384724932536217,-0.09725371630133534,-0.3726654203351548,0.25,-0.15384615384615385,-0.12885906040265774,-0.19361245995934798,-0.0826964870561695,0.0,-0.10446160853228072,0.0,-0.6024062674874089,-0.3886675178893162,-0.9,-0.594855305466238,-0.0019827310521266404
0.11400573613766776,0.5339825234872445,-0.5,0.5,0.5378006200868761,1.3177122700932222,1.399940460013909,-0.5,1.1538461538461537,5.948993288590632,0.4270185372266666,0.06469886828762084,96.28571428571429,0.09584582684935666,0.7513831981396193,0.9146614437604923,0.5513871002126985,1.4,0.6816720257234726,-2.950111928365846
0.36878585086042115,-0.5483078006376078,0.5,0.5,0.06689062438891524,-0.07239438985470728,-0.35132427931690635,0.25,-0.15384615384615385,0.24928092042188693,-0.19022920293598308,-0.07790325709068492,0.0,-0.09764868865525486,-0.013357477004732294,-0.5124562167091544,-0.1648695105329906,-0.9,-0.2540192926045016,-0.17184887386358452
-0.9830305927342249,0.12453359877597299,-0.75,-0.5,-0.19799624819118847,-0.28772990677752575,0.25690296771626847,-1.0,0.15384615384615385,-1.6348993288590339,0.3673651842921583,0.7756165414653982,1.0,1.3084127225111017,-5.327054684882943,0.1541689983212088,0.6587443758063483,0.1,1.1318327974276527,-2.5209465941797267
1.0819789674952203,0.08776268950395466,0.75,0.5,-0.577934994720227,-0.07911312673217431,-0.35598326849497575,0.25,-0.15384615384615385,-0.08590604026842963,-0.19000211744022152,-0.078314594879602,0.0,-0.09770562113333586,0.03684951156254226,-0.30749860100727466,0.19344477615614297,-0.9,0.17041800643086816,1.5774224496322364
-0.053776290630974645,-1.6802216370170817,0.75,-0.75,-9.593393579452822e-16,-0.060972537163013325,-0.3448992655169234,0.25,-0.15384615384615385,-0.08590604026842975,-0.19361245995934798,-0.0826964870561695,0.0,-0.10446160853228072,0.0,-0.602965864577504,-0.3894052057893649,-0.9,-0.594855305466238,-0.0013431403901503045
0.3563575525812621,-0.5548211279149025,0.5,0.5,0.1003359365833738,-0.06366003191400015,-0.34625404006521154,0.25,-0.15384615384615385,0.27804410354748604,-0.19022920293598308,-0.07790325709068492,0.0,-0.09764868865525486,-0.016287749737964166,-0.5129950879810979,-0.16477662845881863,-0.9,-0.2540192926045016,-0.20725478550870316
-0.38934034416825947,-1.6802216370170817,0.5,-1.0,0.0,0.10229276895943559,-0.4721128679705742,0.5,-0.15384615384615385,2.6757237308036318e-14,0.10593189827446449,0.1409891112647856,1.0,0.13655254867726876,1.1686487075832315,-0.12506994963626178,-0.014992705723703263,0.1,-0.02572347266881029,0.44074192516789273
0.3489005736137669,-0.2585503868104934,0.75,0.25,-0.8488420234953327,-0.03920382968002016,-0.33708255508439794,0.25,-0.15384615384615385,-0.16308724832212076,-0.19360059659056478,-0.0826805318243797,0.0,-0.10444263103958705,-9.589983490577033e-05,-0.6023614997202014,-0.38861953499016366,-0.9,-0.594855305466238,-0.004381196034537897
0.5141013384321225,-1.150253560473594,1.0,0.0,0.406694996284603,-0.07911312673217431,-0.35598326849497575,0.25,-0.15384615384615385,-0.2577181208053423,-0.19212383531876032,-0.079779678891712,0.0,-0.09956541541731506,-0.0021177880208357596,-0.5514829322887519,-0.2173780626761423,-0.9,-0.3054662379421222,-0.03767188999040613
-0.8548001603651383,-0.5110072101272034,-0.5,-0.5,0.25876961709163193,-0.3541478718130023,-0.013371415974929959,-1.25,-0.15384615384615385,-0.28179800822686235,4.944847869153004,1.3883011114005384,1.0,1.3088112498576687,8.98609004934959,2.524152932469267,1.032070950927078,0.1,0.8327974276527331,2.4190603175258176
0.23984225621414956,0.6833331345525268,0.0,0.5,-1.4057329531585385,-0.03772990677752581,-0.3367423310558966,0.25,-0.15384615384615385,0.148238993091802,3.0553240075657495,1.8236351053756925,0.42857142857142855,2.3402379777583784,-8.282987363247369,1.335653329602686,1.3174457777044706,-0.4,1.4244372990353698,-3.0790559613694732
0.3891682600382414,-0.42512347624122265,0.5,0.25,-0.5478342137452165,-0.08636936255983874,-0.3618610791774102,0.25,-0.15384615384615385,-0.20536912751675185,-0.19212953886144454,-0.0811038279839908,0.0,-0.10246897179944586,0.0004135680380311334,-0.5429994404029098,-0.27988726268518593,-0.9,-0.43729903536977494,-0.04553885513271511
0.29469407265774417,0.14357261585626405,-0.25,0.5,0.07759312429114112,2.0433358528596615,1.0932693345511435,-0.5,1.1538461538461537,2.6255033557047245,0.3537280137341309,0.05946508429052208,109.85714285714286,0.07111815386951076,-0.4580735530803207,0.37297146054840513,-0.10700918631856968,1.6,-0.17041800643086816,0.12887751838823164
-0.7696462715105157,-0.23835011728122457,-0.5,-0.5,0.05223272338266534,-0.38508440413202305,-0.01126273535675922,-1.25,-0.15384615384615385,-0.5904547185164459,4.827736328073478,1.4140506294069084,0.0,1.2645367594033476,-7.471308387378914,2.4630292855810483,1.039864140008118,0.1,0.7234726688102894,-2.123234037890949
-1.3185946462715097,0.0064622150040492075,-1.0,-1.25,-0.5030174954046419,0.3018392542202065,-0.10795197207714888,0.25,0.07692307692307693,-0.1771812080536644,2.785433437161575,1.6269409425157322,1.0,1.6307264584203136,5.64937669388554,1.1329043088975936,1.1076949216632694,0.1,0.909967845659164,1.4694595458906305
0.7980401529636714,0.022500774106951272,0.75,0.5,-0.7063649935469424,2.6056941295036524,0.8366012536175181,1.75,1.3076923076923077,-0.4939597315435969,-0.05834153811713221,-0.027825071800473444,0.0,-0.03462443541959236,-0.4428894125535735,-0.12395075545607157,-0.0957329203170947,0.1,-0.07395498392282958,-0.4237288135593225
-0.38934034416825947,-1.6802216370170817,0.5,-1.0,0.0,0.10229276895943559,-0.4721128679705742,0.5,-0.15384615384615385,2.6757237308036318e-14,0.05052198109703368,0.05576108196545904,1.0,0.033428853379891446,-1.9895273194178993,-0.21292669278119744,-0.2018079975695706,0.1,-0.36012861736334406,-0.4402302526383119
0.6307743785850861,1.3353954155300234,-0.25,0.5,2.552546226680996,4.196261022927688,1.6326281432542686,0.0,1.7692307692307692,6.390604026845664,0.02453709691103258,0.08998091764652555,0.0,0.07829164610771625,1.989478037558295,0.18040290990486857,0.07733200774727066,0.3,0.01929260450160772,0.22328110009593902
0.9126481835564059,0.35033105943639536,0.25,0.5,0.1866248420450715,-0.058070042831947555,-0.34353829261585744,0.25,-0.15384615384615385,0.3140939597315702,-0.1935234846934738,-0.08260092924923765,0.0,-0.10434774357611873,-0.000473505434847241,-0.5918858421936205,-0.3663116625212152,-0.9,-0.5594855305466238,-0.045538855132715085
-1.0475621414913951,0.07780575428108621,-0.75,-0.25,0.9712518661270457,-0.07911312673217431,1.2429133397004788,-2.0,0.6153846153846154,4.5959731543624445,-0.19022455560490703,-0.07931735117646944,0.0,-0.09882529320226212,-0.01643083838052198,-0.2593732512590934,0.04675896812562625,0.0,0.1639871382636656,-0.7048928685641195
-0.8797801147227527,0.13953182260255717,-0.75,-0.5,0.03745874965779235,-0.03376165280927183,0.24163555994647537,-0.75,0.15384615384615385,-1.8335570469798388,0.7933171590368713,0.9223251638448217,0.0,1.3084127225111017,-6.134675144541885,0.43956351426972584,0.7713674848181032,0.0,1.1318327974276527,-2.1512631915574043
-1.008843212237093,0.40300547859870217,-1.0,-0.5,-0.5137199953068688,-0.27865961199294526,0.1902671302524554,-0.5,0.15384615384615385,-1.7610738255033294,0.08029447390878754,-0.008645671873455708,0.2857142857142857,-0.023598512164572816,-0.17764911639433356,0.05456071628427542,-0.16294762094924106,0.1,-0.21543408360128619,0.010297409657818822
-0.9701242829827909,-0.13474601340905032,-0.75,-0.75,0.4254243711134991,-0.42378432854623316,0.07546415687616137,-1.0,-0.07692307692307693,-0.6281879194630605,-0.05900314906850452,0.13170476335731454,1.0,0.254535620753786,-1.5175909124250893,-0.19557918298824833,0.013254166841800929,0.1,0.04180064308681672,-1.163095618803966
0.13413957934990503,-0.037125388958229734,0.0,0.0,-1.0956684274904294,-0.03920382968002016,-0.031105712797918003,-0.5,-0.07692307692307693,-1.063087248322121,2.2690983340664763,1.4101165366847872,0.0,1.3796352525904279,7.983307625264163,1.7075209848908783,1.62189422759073,-0.9,1.4887459807073955,1.8727534377998087
-0.0021510516252386995,-1.0071615067463857,0.75,0.25,0.26756249755565836,-0.09725371630133534,-0.3726654203351548,0.25,-0.15384615384615385,-0.08590604026842982,-0.19361245995934798,-0.0826964870561695,0.0,-0.10446160853228072,0.0,-0.6024062674874089,-0.3886675178893162,-0.9,-0.594855305466238,-0.0009593859929645022
-0.8926864244741867,-1.026798445303009,-0.25,-1.0,-0.002675624975557827,-0.1063240110859158,-0.04424187269924627,-0.5,0.0,0.24429530201344946,1.528264262243189,1.1082696705866248,1.0,1.3329506205640111,0.09989566136017675,0.5867375489647454,0.6630810425941885,0.1,0.6913183279742765,-0.24362008314678643
0.2688814531548762,-0.2144796285047276,0.75,0.25,-1.2227606138293667,-0.07004283194759384,-0.349854631871383,0.25,-0.15384615384615385,0.09395973154365085,-0.19360675641666375,-0.08268517710142916,0.0,-0.10444263103958705,-6.659710757345161e-05,-0.6018466703973138,-0.3881401646487906,-0.9,-0.594855305466238,-0.004157339302846181
0.00836520076481882,0.9932736679777006,-0.25,0.5,-0.20544977490881156,1.753086419753086,1.677351981583059,0.0,1.3846153846153846,3.6193672099712644,-0.0011842244551063695,0.08733756052964822,0.0,0.14207499905112536,0.2047718349795982,-0.03771062612696634,0.033151612858417834,-0.5,0.01929260450160772,0.6201014208049713
-0.053776290630974645,-1.6802216370170817,0.75,-0.75,-9.593393579452822e-16,-0.08818342151675482,-0.36348357454533115,0.25,-0.15384615384615385,-0.11006711409393312,-0.19361245995934798,-0.0826964870561695,0.0,-0.10446160853228072,0.0,-0.6024062674874089,-0.3886675178893162,-0.9,-0.594855305466238,6.395906619763371e-05
0.010755258126195285,1.474736505938025,-0.5,0.5,-1.3190831129494065,1.8256487780297301,1.299006300571401,-0.25,1.0,-0.4080536912751421,0.07647880385302827,0.09937729476883231,0.0,0.09833187839222682,0.0636428598814931,1.4462786793508673,1.426722614069957,-0.9,1.6495176848874598,0.21918771985929056
-0.9443116634799229,0.27542056176823104,-1.0,-0.5,-0.27023812253121704,-0.2695893172083647,0.18181468371201948,-0.5,0.15384615384615385,-1.4953020134227926,0.08442383881218021,-0.010619054308824918,1.0,-0.023598512164572816,0.029718293283576898,0.06015668718522666,-0.1680748063057292,0.1,-0.21543408360128619,0.21266389510713168
0.7132272603113909,0.6291218217731727,0.25,0.5,1.707535211673394,-0.1110751178778389,-0.39120362145998394,0.25,-0.15384615384615385,-0.05098927917717191,-0.18513862511418544,-0.07746643353197695,0.0,-0.09952746043192773,-0.010898486919770196,-0.006994963626189079,0.4616715628884502,-0.9,0.572347266881029,-0.6270837573044159
-0.9572179732313569,-0.9615900690948208,-0.25,-1.0,0.10702499902226384,-0.07911312673217431,-0.024348294116341908,-0.5,0.0,0.2577181208053959,1.6482154684355252,1.1829962366332751,1.0,1.307843397730292,7.4945907450760725,0.580581980973699,0.737129193196024,0.1,0.6463022508038585,1.8952990086344754
0.04947418738049784,-0.20869606529607712,0.0,-0.25,1.305704988071622,-0.07911312673217431,0.15038222704894588,-1.0,0.07692307692307693,0.5369127516778792,-0.18669406268335997,-0.07488856709482751,0.0,-0.09337875279918018,-0.02800008790818201,-0.3589815332960268,0.01421752325231388,-0.9,-0.1382636655948553,-0.4649184521905982
0.41361649822452906,0.9168499098662108,0.0,0.5,2.0197343950337663,-0.11669006226829352,-0.40112742552318514,0.25,-0.15384615384615385,0.06876715046122948,0.8124382858857994,0.8829159179787429,0.0,0.9023513113447451,-5.788101428103451,0.012231193540650763,0.3968364812161127,-0.9,0.2090032154340836,-1.4074403613214637
0.20434990439770626,-0.25880532651490246,0.0,0.0,-0.14983499863117114,-0.024691358024691367,0.12607669964136847,-1.0,0.07692307692307693,0.0429530201342549,1.6312360218645308,1.2193626205925474,0.0,1.1987607697271037,14.028121294643965,1.3293228875209846,1.5770866902600067,-0.9,1.4887459807073955,5.713911096897989
-0.8591300191204583,-0.472033395897541,-0.5,-0.5,0.379557789914051,-0.2671705719324766,0.13043162246220727,-1.25,0.0,0.8821882628722711,4.133116313534198,1.4385411318144736,0.0,1.2645367594033476,-11.716428987239157,2.0590374930050364,1.0483867564530922,0.1,0.6945337620578779,-3.3963787358515525
-0.1699330783938811,0.887350589175492,-0.25,0.5,1.7685881088429138,0.72814310909549,0.7218684759173646,-0.75,0.8461538461538461,1.3503355704698252,-0.19000782098290575,-0.080414995844803,1.0,-0.10148214217937526,0.010026860516258876,-0.2923894795747061,-0.13312139004579834,0.1,-0.18006430868167203,0.30143907898944705
1.1206978967495222,0.022833304607362725,0.75,0.5,-1.1157356148071056,-0.07004283194759384,-0.349854631871383,0.25,-0.15384615384615385,-0.17986577181205393,-0.18287268908491647,-0.07292339476420891,0.0,-0.09106349869055301,0.09144315646695494,0.06855064353665367,0.4837331926963007,-0.9,0.31189710610932475,2.6984969619443575
0.7132272603113909,0.6682565471128241,0.25,0.5,0.7796217601190799,-0.09984522909692976,-0.3756626444804483,0.25,-0.15384615384615385,0.042979469038278546,-0.1863514427263993,-0.07798938079289394,0.0,-0.09952746043192773,-0.015457910409850622,-0.11819489967223595,0.3604381093406674,-0.9,0.572347266881029,-0.7313095382501995
0.8883843212237099,0.6728431684948015,0.25,0.5,0.7946606177403114,-0.11539430587049632,-0.3986660603493769,0.25,-0.15384615384615385,-0.0966442953019867,-0.19254589747739437,-0.08151000218617745,0.0,-0.10263976923368885,-0.009187736960833384,-0.552042529378847,-0.3236158617139689,-0.9,-0.5209003215434084,-0.1723696834026224
-0.7765296367112805,0.16302944251604734,-0.5,-0.5,0.6635549939380359,-0.22423784328546226,0.34795179362725653,-1.25,0.15384615384615385,-0.9449664429529937,0.07827541979856516,-0.011344970720049828,17.571428571428573,-0.023598512164572816,1.0312748579650188,0.0008393956351427847,-0.2124155816040772,0.7,-0.36012861736334406,0.39379597057882976
0.6307743785850861,1.3353954155300234,-0.25,0.5,2.263578729320884,3.9604333585285953,1.6541751302372105,0.0,1.7692307692307692,6.5778523489933125,-0.017334663209369192,0.05667486250318622,0.0,0.07829164610771625,0.3908697458568749,0.11929490766648018,0.054874172811150874,0.3,0.01929260450160772,-0.10310201471058522
-0.9572179732313569,-0.24927617191394627,-0.75,-0.75,-0.6421499941335854,0.17485512723607952,-0.034503006317578966,-0.25,0.07692307692307693,0.4080536912751943,1.8069393577953528,1.4339962453529078,1.0,1.6307264584203136,5.49512447332391,0.751259093452714,0.9774132258775974,0.1,0.909967845659164,0.9580428525743537
0.04947418738049784,-0.7476021632748636,0.75,0.25,0.5137199953068684,-0.09725371630133534,-0.3726654203351548,0.25,-0.15384615384615385,-0.10738255033554389,-0.19361245995934798,-0.0826964870561695,0.0,-0.10446160853228072,0.0,-0.6024062674874089,-0.3886675178893162,-0.9,-0.594855305466238,-0.0014710585225455714
-0.9055927342256207,0.005118778827515291,-0.5,-0.5,0.36923624662680954,-0.1063240110859158,0.36295774002425274,-1.25,0.15384615384615385,-1.0765100671140673,0.05201630928030562,-0.013482268286102843,17.571428571428573,-0.023598512164572816,0.8363797545934641,-0.014269725797425787,-0.21051088341411364,0.7,-0.36012861736334406,0.4502078669651427
0.4930688336520081,-0.885103428639401,1.0,0.5,0.20544977490880956,-0.08112874779541442,-0.3575227513197457,0.25,-0.15384615384615385,-0.07190795781397141,-0.1921679849639828,-0.07983285610831581,0.0,-0.09956541541731506,0.00483304723533049,-0.5534104333768575,-0.22049735962005837,-0.9,-0.3054662379421222,0.08307368998126921
-0.8539674952198847,-0.2025518816971623,-0.75,-0.5,-1.3271099878760755,0.06601158982111363,-0.08462729774301858,-0.25,0.0,0.34899328859063095,1.9238962040784606,1.4054471062746667,0.5714285714285714,1.4260162447337459,-8.87067079556048,0.8033016228315613,0.9792065874456944,0.1,0.7877813504823151,-2.420402942117047
0.4806405353728496,-0.6908911109590321,1.0,0.5,-0.02866741045239193,-0.06366003191400015,-0.34625404006521154,0.25,-0.15384615384615385,0.047938638542692154,-0.18879571254134309,-0.0772508914313888,0.0,-0.09764868865525486,-0.020240763766074057,-0.46288005969035617,-0.11516662485669212,-0.9,-0.2540192926045016,-0.20451368267166173
-0.8327642720568144,-0.5097307906666367,-0.5,-0.5,0.13065089936061486,-0.16722456178238487,0.025953944449747458,-0.25,0.15384615384615385,-0.1289384071147283,4.281647456082467,1.3791594056619607,1.0,1.3088112498576687,4.377394910313758,2.075145894955632,1.0192275938819533,0.1,0.8327974276527331,1.277422607166882
-0.14412045889101313,1.0605879719861233,-0.5,0.5,0.3986681213579326,1.46283698664651,1.5436641711251566,-2.25,1.0769230769230769,-0.16644295302010761,0.18067682515148253,0.03097987953913334,1.8571428571428572,0.020638023304361028,0.6915496928113274,0.06855064353665367,-0.19655288655744543,0.0,-0.2829581993569132,0.11327150623600926
-1.2669694072657736,-0.015162831318244491,-1.0,-1.25,0.7812824928625275,0.10229276895943559,-0.08231393050260769,0.0,0.07692307692307693,-0.3758389261744702,2.834923077032761,1.5874577804031311,1.0,1.6307264584203136,-6.874798103732988,1.2448237269166198,1.0470703779914265,0.1,0.909967845659164,-1.5123121202430463
0.0804493307839394,-0.0017224823017536446,0.0,0.0,-0.7344590557902879,-0.14296800201562102,0.0051640567884304045,-0.5,-0.07692307692307693,-1.0449664429529935,2.8508482807739997,1.4661510154610806,0.0,1.3796352525904279,6.724520398551338,2.0631113598209287,1.5985314921480176,-0.9,1.4887459807073955,0.30876239206907574
-0.4280592734225614,0.29615843743283343,-0.25,0.5,0.6180693693535754,0.6827916351725875,0.5135075331389383,-0.75,0.8461538461538461,-0.24697986577178505,-0.19102875512338544,-0.08079075599074878,1.0,-0.10148214217937526,0.004723066869109187,-0.3421936205931728,-0.14624209880162925,0.1,-0.18006430868167203,0.2537256156060122
0.11400573613766776,1.1834495068162167,-0.75,0.5,0.7411481182291775,2.5694129503653302,1.4906720481056481,-0.75,1.6153846153846154,0.6496644295302272,-0.16062887261636474,-0.04519867250634752,0.0,-0.05045166432610924,0.11229071502174821,0.16200335758254059,1.0940358722080665,-0.9,1.4533762057877813,3.317492804605055
0.7851338432122374,-0.8534449803329041,1.25,0.5,0.5868581381116142,-0.06615556275420216,-0.34759616486549383,0.25,-0.15384615384615385,0.13753430092243227,1.8514893223060767,1.8263154495188372,0.0,2.3402379777583784,17.560171298652413,0.7267167639299704,1.4250471365999655,-0.9,1.4244372990353698,5.244404920752198
0.26081500956022985,0.69532294334499,0.0,0.5,-1.5147489780973646,-0.03772990677752581,-0.3367423310558966,0.25,-0.15384615384615385,0.0388587651794244,2.8345865680143905,1.8164680042390098,0.0,2.3402379777583784,-6.522876380428681,1.2219851706771123,1.3216363765584433,-0.9,1.4244372990353698,-2.4755712238595433
-0.3506214149139575,-1.1754265393140595,0.5,-0.25,-0.20067187316674617,0.16578483245149905,-0.10107319414742595,0.5,0.38461538461538464,-0.46979865771809437,0.1337480759455226,0.047350904688384904,0.0,0.033428853379891446,1.8445800467264335,0.13066592053721324,-0.023555073087289297,-0.3,0.00964630225080386,0.36411896386312753
1.0066061185468453,0.26341194222031916,-0.25,0.5,0.6862978062302673,4.98864197530864,0.21428753317142932,4.75,1.7692307692307692,1.763758389261774,0.26244509448987874,0.17327446399229027,0.0,0.11909325539909667,3.8816177426872325,0.15363178511471742,0.009293732793224716,0.3,0.0,1.268340262232172
-0.9314053537284886,0.05413299646894229,-0.5,-0.5,-0.19264499824007572,0.26555807508188456,0.36798934173865316,-1.25,0.15384615384615385,-1.0738255033556776,-0.029778196354438083,-0.04196615616183702,17.571428571428573,-0.059446995862906596,0.04152729239850147,-0.10380526021264681,-0.21945203591489854,0.7,-0.3633440514469453,0.2951710905020789
-0.053776290630974645,-1.6802216370170817,0.75,-0.75,-9.593393579452822e-16,-0.07911312673217431,-0.35598326849497575,0.25,-0.15384615384615385,-0.02147651006708747,-0.19361245995934798,-0.0826964870561695,0.0,-0.10446160853228072,0.0,-0.602965864577504,-0.3894052057893649,-0.9,-0.594855305466238,-0.001854812919731373
-0.020219885277246278,0.5488271088624794,0.0,0.0,-5.928941707199293,2.743562610229276,-0.1506764295837823,2.75,0.7692307692307693,-1.52287980475897,-0.14848717095014605,-0.03282779309298102,0.0,-0.05045166432610924,1.2322002688845237,-0.3634583100167878,-0.1610600467770301,-0.9,-0.3504823151125402,1.960293048812397
0.8858030592734231,0.12146868559993793,0.75,0.5,-1.450857642995569,-0.04863693625598383,-0.3398107214187774,0.25,-0.15384615384615385,-0.048322147650980043,-0.19360059659056478,-0.0826805318243797,0.0,-0.10444263103958705,-5.2451037753356344e-21,-0.6023614997202014,-0.38861953499016366,-0.9,-0.594855305466238,0.00022385673169171701
-0.38934034416825947,-1.6802216370170817,0.5,-1.0,0.0,0.10229276895943559,-0.4721128679705742,0.5,-0.15384615384615385,2.6757237308036318e-14,-0.12279157044908981,0.01461206715067192,1.0,0.03337192090181045,-0.7725078006619183,-0.3505875769445998,-0.25208497481400377,0.1,-0.41479099678456594,-0.2355612408058847
0.19144359464627167,0.37261176030854104,-0.5,0.5,0.33980437189568796,1.997984378936759,1.099181122757766,-0.5,1.1538461538461537,2.7140939597315707,0.3600931673697471,0.05786407086000061,109.85714285714286,0.07111815386951076,-0.2469074443864208,0.37241186345831007,-0.10717526191493368,1.6,-0.17041800643086816,0.04637032299328363
-0.8023422562141485,0.058046550824840934,-0.25,-0.25,-0.6689062438891515,0.510456034265558,0.8443498781365547,-1.25,0.9230769230769231,-3.2778523489932625,-0.0664063474726533,-0.043867546746676644,5.857142857142857,-0.062312597259650056,0.08684529216008381,-0.17767207610520416,-0.23627017939731404,0.2,-0.3633440514469453,0.1375759513911099
-1.1544263862332689,0.41271443864637153,-1.5,-0.25,1.9565507633757635,-0.3221970269589316,1.3277285896035753,-2.0,0.6153846153846154,5.623489932885934,-0.19014835627464555,-0.07925363690994601,0.0,-0.09882529320226212,-0.00980575811911501,-0.24386121992165632,0.05354879811706606,0.0,0.1639871382636656,-0.490502078669652
-0.38934034416825947,-1.6802216370170817,0.5,-1.0,0.0,0.10229276895943559,-0.4721128679705742,0.5,-0.15384615384615385,2.6757237308036318e-14,-0.11665455852084324,-3.463632327199969e-05,0.0,0.009896762439746461,0.725325081888279,-0.2582540570789031,-0.13743940385700112,-0.5,-0.24758842443729903,0.3783178765590025
-1.2927820267686418,-0.002964435231488311,-1.0,-1.25,-0.2943187473112265,0.256487780297304,-0.10595149573474591,0.25,0.07692307692307693,-0.17986577181205393,2.7866711059240563,1.6266035612058143,1.0,1.6307264584203136,0.09906985722626667,1.1843872411863459,1.09288059087363,0.1,0.909967845659164,0.3120562839782542
0.33341300191204615,-0.6033254285839681,0.5,0.0,0.29966999726233934,-0.006550768455530335,0.1260766996413686,-1.0,0.07692307692307693,0.4724832214765368,0.8490863994034095,0.8265929132875381,0.0,0.9722833719209019,10.598993603538094,0.866536094012311,1.4502819871806976,-0.9,1.4887459807073955,6.251295171090506
0.7335086042065014,0.3923773946791749,0.75,0.5,2.218093104736423,-0.07004283194759384,-0.349854631871383,0.25,-0.15384615384615385,0.07785234899331536,-0.19361245995934798,-0.0826964870561695,0.0,-0.10446160853228072,0.0,-0.602965864577504,-0.3894052057893649,-0.9,-0.594855305466238,-0.0015989766549408383
-0.015057361376672686,-0.13914908681127353,0.0,-0.25,1.4047031121672153,-0.07004283194759384,0.15155462015357365,-1.0,0.07692307692307693,0.5020134228188189,-0.18669406268335997,-0.07488856709482751,0.0,-0.09337875279918018,-0.021537504589254252,-0.3589815332960268,0.01421752325231381,-0.9,-0.1382636655948553,-0.3531180044771351
0.6844646271510517,0.12146868559993831,0.75,0.5,-1.4508576429955684,-0.03920382968002016,-0.33708255508439794,0.25,-0.15384615384615385,-0.15100671140936936,-0.19360059659056478,-0.0826805318243797,0.0,-0.10444263103958705,-3.596243808966388e-05,-0.6023614997202014,-0.38861953499016366,-0.9,-0.594855305466238,-0.0015030380556443888
0.16563097514340372,0.2297161979596092,-0.25,0.5,-0.16856437346006736,2.6238347190728133,0.5121382983017364,1.75,1.1538461538461537,-0.4885906040268181,0.3308625111129965,0.05984739032638448,100.42857142857143,0.07111815386951076,-1.3877718386900078,0.6516508114157806,0.38387541497168304,1.1,0.5594855305466238,1.2832107451231218
0.8162045889101345,0.6071425386768836,0.25,0.5,0.46345646898034065,-0.09859746367682873,-0.37419638571207936,0.25,-0.15384615384615385,2.6738564478430607e-14,-0.18608251616221602,-0.07793634343309541,0.0,-0.09952746043192773,-0.03354591447199862,-0.1002196936724076,0.3714661633612446,-0.9,0.572347266881029,-1.3489241171364628
-0.38934034416825947,-1.6802216370170817,0.5,-1.0,0.0,0.10229276895943559,-0.4721128679705742,0.5,-0.15384615384615385,2.6757237308036318e-14,-0.11932952003975368,-0.002085334133124251,1.0,-0.007752305765362281,-0.7833205070475439,-0.3337996642417458,-0.232543205611484,0.1,-0.36012861736334406,-0.21330348576910796
-0.009034416826003491,0.10915091077565199,0.0,0.25,-0.5292915969443692,-0.06278659611992941,-0.34580357605833467,0.25,-0.15384615384615385,-0.3301655082828534,2.052063933861719,1.1614031136365832,0.0,0.9023513113447451,-2.170897576977561,0.7039917925760119,0.6581181138502485,-0.9,0.3054662379421222,-0.28356284013826366
0.23704588910133903,0.5417559028417387,0.0,0.5,0.13928726235377883,-0.10209120685311159,-0.3784168642264319,0.25,-0.15384615384615385,-0.09083918746404643,1.814391226430407,1.119475590134851,0.0,0.9023513113447451,-8.541852965430035,0.56819623204626,0.6380195064469745,-0.9,0.3054662379421222,-2.1166581352339433
-0.8764494541417372,-0.550512140345725,-0.5,-0.5,0.034712997414730995,-0.20960833556839695,0.08086428985733544,-1.25,0.15384615384615385,-0.4052825286858363,4.522373215593201,1.3602949850002304,1.0,1.3088112498576687,5.36413430556435,2.2984006354134694,1.0272650297834411,0.1,0.8327974276527331,1.7697107399651324
0.21467495219885346,0.6281293124754724,0.25,0.5,1.7075352116733922,-0.08636936255983874,-0.3618610791774102,0.25,-0.15384615384615385,0.5710799267846516,-0.1796433432170975,-0.07588961026515594,0.0,-0.09952746043192773,0.27342350656656556,0.547341913822048,0.7255644867243637,-0.9,0.572347266881029,12.169206616856126
0.19144359464627167,0.2082488405023972,-0.25,0.5,-0.2648868725801039,2.687326782564877,0.48416578948973577,1.75,1.1538461538461537,-0.6738255033556793,0.3263795265631807,0.06103130257084843,100.42857142857143,0.07111815386951076,-1.612268024435811,0.6589255735870174,0.38125319603327484,1.1,0.5594855305466238,1.010361368724017
-1.1766252390057352,0.0855192570249188,-0.75,-0.5,0.7839581178380831,0.26555807508188456,-0.13221466969589118,0.25,0.15384615384615385,0.9449664429530471,1.2602719021386148,1.1527392039380198,0.0,1.4374406953353323,-1.0508677270131284,0.45523223279238956,0.7338168412505612,0.0,0.77491961414791,0.1691717300927406
0.14959586302798566,0.5987909355351172,0.0,0.5,-1.1639907616339777,-0.033486795391557266,-0.33588921204071087,0.25,-0.15384615384615385,0.3096848867674243,3.3391864211784124,1.8034057941382076,0.42857142857142855,2.3402379777583784,-10.402781066925018,1.3328839599124993,1.3042292499765353,-0.4,1.4244372990353698,-3.2089665394895923
-0.31190248565965556,0.3400802092498707,-0.5,0.25,-0.2622112476045476,0.5376669186192994,0.5667982187342409,-0.5,0.46153846153846156,-2.324832214765074,0.04099706481434614,-0.020531191532642972,1.0,-0.02171974038789995,-0.005018758026735179,0.06687185226636831,-0.04057032947538634,0.2,-0.0707395498392283,0.6642149024624247
-0.3764340344168255,0.4281331780093315,-0.25,0.5,1.0033593658337259,0.8551272360796168,0.5449884137098311,-0.75,0.6153846153846154,-2.343624161073799,-0.19104586575143817,-0.0807921109795415,1.0,-0.10148214217937526,0.00967522778827105,-0.35562395075545594,-0.1580155303433323,0.1,-0.18006430868167203,0.23453789574672226
0.3592256214149141,0.8569561716162998,-0.25,0.5,-2.295686229027566,2.1340388007054663,1.3273339187487605,-0.25,1.3076923076923077,-4.848322147650978,-0.06642916164339026,-0.039086518177114365,0.0,-0.05079325919459521,-0.14170532549479042,-0.11947397873531053,-0.09245424151635472,0.1,-0.07395498392282958,-0.5040614007035502
-1.4228776290630967,0.5733525409353135,-1.5,-0.25,2.257558573125882,-0.6523557571176617,1.2553606272902642,-2.0,0.6153846153846154,5.212751677852376,-0.18993481563654743,-0.07925616470749261,0.0,-0.09882529320226212,-0.005310453357907033,-0.2264017907106882,0.052510260856901254,0.0,0.1639871382636656,-0.27492804605052806
0.4108508604206506,0.15317241421228947,0.75,0.5,1.7766149837695833,-0.07911312673217431,-0.35598326849497575,0.25,-0.15384615384615385,0.1718120805369395,-0.19361245995934798,-0.0826964870561695,0.0,-0.10446160853228072,0.0,-0.602965864577504,-0.3894052057893649,-0.9,-0.594855305466238,-0.00031979533098816775
0.7464149139579355,0.6610216782784635,0.25,0.5,-0.04280999960890719,-0.11539430587049632,-0.3986660603493769,0.25,-0.15384615384615385,-0.04295302013420147,-0.19184436172723235,-0.08133412237559724,0.0,-0.10263976923368885,-0.011726418701533358,-0.530218242865137,-0.3181976636847488,-0.9,-0.5209003215434084,-0.16712503997441658
-0.38934034416825947,-1.6802216370170817,0.5,-1.0,0.0,0.10229276895943559,-0.4721128679705742,0.5,-0.15384615384615385,2.6757237308036318e-14,0.1566592069081309,0.050608589130871,0.0,0.033428853379891446,1.9557732414153712,0.1468942361499721,-0.026120506789358088,-0.3,0.00964630225080386,0.30745123121202456
0.21725621414914026,-0.183892253722805,0.0,0.0,-0.714391868473613,0.03880070546737214,0.049501685282373406,-1.0,0.07692307692307693,-0.6577181208053421,2.175730427758572,1.3927899626135831,0.0,1.3796352525904279,14.819955575923698,1.6583659764969219,1.5947369345814557,-0.9,1.4887459807073955,4.791365526063323
0.06238049713193183,0.5431701320827922,-0.5,0.5,0.52709812018465,1.8075081884605686,1.205011921680739,-0.5,1.1538461538461537,3.7637583892617728,0.3920672276576192,0.057740363440343605,109.85714285714286,0.07111815386951076,-0.12640930182731994,0.4681029658645776,0.03692807038669656,1.6,0.1607717041800643,-0.4265430124720181
0.4831261950286809,1.2480153965297238,-0.75,0.5,2.2334779483458713,2.611499118165784,1.837760779173932,-0.75,1.6153846153846154,1.2805369127517054,-0.15286771987335282,-0.04371498722872681,0.0,-0.05045166432610924,-0.1084747007577894,0.3439395635142698,1.1631528904660244,-0.9,1.4533762057877813,1.3420211064918455
-0.053776290630974645,0.22340056947612807,0.0,0.25,0.32732506653138205,-0.05492567397329302,-0.34217988881458544,0.25,-0.15384615384615385,-0.24456704317247716,2.2736123458884943,1.1886694889716392,0.42857142857142855,0.9023513113447451,2.3302467801284528,0.7646148106696511,0.6892404273931356,-0.4,0.3054662379421222,0.7546806262012336
0.3049301114261228,0.6623120308258093,0.0,0.5,0.2737243432505978,-0.10913893015699253,-0.38817170989246136,0.25,-0.15384615384615385,0.050285978774780866,1.4444528659109654,1.0527250837891806,0.0,0.9023513113447451,-6.686165720183427,0.4059105030584876,0.6112846135492503,-0.9,0.3054662379421222,-1.8570883501554085
0.0881931166347998,0.5462242430954057,-0.5,0.5,0.5592056198913299,1.9526329050138567,1.1032883409320733,-0.5,1.1538461538461537,2.775838926174523,0.3603612338759066,0.057804082780238006,109.85714285714286,0.07111815386951076,-0.06013985202313005,0.3768886401790711,-0.10978340441792533,1.6,-0.17041800643086816,0.20754716981132104
-0.053776290630974645,-1.6802216370170817,0.75,-0.75,-3.4567735073319917e-15,-1.3126732174351217,-0.4721128679705742,-1.0,-0.6153846153846154,2.808997500774665e-14,-0.19295573775884792,-0.08205851230728335,0.0,-0.1038733062587771,0.02588011169666882,-0.5349348469102245,-0.29521370174577266,-0.9,-0.5080385852090032,1.2548951528164836
0.33150095602294516,-0.5707983968657865,0.5,0.5,0.18156026619848303,-0.06366003191400015,-0.34625404006521154,0.25,-0.15384615384615385,0.20134228187922143,-0.19021272603489528,-0.07790497084018014,0.0,-0.09764868865525486,-0.021962774690473294,-0.5124562167091544,-0.1648695105329906,-0.9,-0.2540192926045016,-0.28103613687240175
0.9787284894837478,0.42032991090324046,0.25,0.5,0.5137199953068671,-0.09725371630133534,-0.3726654203351548,0.25,-0.15384615384615385,0.23624161073828168,-0.1935212032764001,-0.0826012682523381,0.0,-0.10434774357611873,-0.00019712743841741675,-0.5928931169557916,-0.36671087165032257,-0.9,-0.5594855305466238,-0.011576590981771672
0.9394933078393887,0.6868166841791548,-0.25,0.5,-0.547834213745215,2.8661929957168044,1.5601120327841953,0.75,1.7692307692307692,-2.1140939597315187,-0.1673054396825408,-0.05890764077376018,0.0,-0.07303488063157096,-0.13853330526106686,0.5144599888080582,1.179693932678703,-0.9,1.4533762057877813,-2.0565078349856116
0.4333328193425032,0.4841118886282705,0.0,0.5,-1.1076601902337013,-0.034639423272295744,-0.33610253995488376,0.25,-0.15384615384615385,-0.11715198094823061,2.717265982896226,1.8288442450566857,0.0,2.3402379777583784,-2.3900561432644585,1.1696391501344838,1.3435068064612756,-0.9,1.4244372990353698,-1.2122582192558058
0.21725621414914026,0.9110598645250975,-0.25,0.5,-2.3893331031720453,1.9798437893675982,1.2618450368693699,-0.25,1.3076923076923077,-5.038926174496616,-0.07603392752365722,-0.04175848337476629,0.0,-0.05079325919459521,-0.016310963586889847,-0.1390598768886401,-0.0918136125049147,0.1,-0.07395498392282958,-0.5236328749600265
-0.38934034416825947,-1.6802216370170817,0.5,-1.0,0.0,0.10229276895943559,-0.4721128679705742,0.5,-0.15384615384615385,2.6757237308036318e-14,0.10592619473178022,0.14099030811369065,1.0,0.13655254867726876,0.6110417814079331,-0.12562954672635693,-0.014776714732193955,0.1,-0.02572347266881029,0.15305404541093703
-0.07958891013384262,-0.09031740738661892,0.0,-0.25,1.4769449865072424,-0.060972537163013325,0.15254492642427217,-1.0,0.07692307692307693,0.47248322147653676,-0.18669406268335997,-0.07488856709482751,0.0,-0.09337875279918018,-0.015074921270326508,-0.3589815332960268,0.01421752325231388,-0.9,-0.1382636655948553,-0.24131755676367142
0.4682122370936906,-0.435200765150014,0.5,0.25,-0.4199820008071801,-0.06802721088435373,-0.34865754318426007,0.25,-0.15384615384615385,-0.26741745797574584,-0.19155284732337097,-0.08086996443747815,0.0,-0.10246897179944586,0.015181666330799959,-0.5202698501523346,-0.26333967584749485,-0.9,-0.43729903536977494,0.1528508813183093
0.3721319311663487,1.2974514528795782,-0.75,0.5,2.346523103563138,2.6238347190728133,1.782417019222627,-0.75,1.6153846153846154,1.685906040268484,-0.15434927212101207,-0.0443592963142371,0.0,-0.05045166432610924,-0.042451660251621094,0.3192501398992725,1.1354054599275931,-0.9,1.4533762057877813,1.6899904061400708
1.0066061185468453,0.5971433307755702,-0.25,0.5,0.006020156195001023,3.0359889140841507,1.6169767081123843,0.75,1.7692307692307692,-0.7973154362415856,-0.16722832778544983,-0.05892020684704155,0.0,-0.07303488063157096,-0.08697515651985212,0.5266815892557359,1.1765822286397019,-0.9,1.4533762057877813,-1.0747681483850344
0.11400573613766776,0.12359206915665859,0.5,0.5,4.695721832101828,-0.1335348954396573,-0.4721128679705742,0.25,-0.23076923076923078,2.6762984872816058e-14,-0.1935383139044528,-0.08263073350435268,0.0,-0.10440467605419972,0.0033393692511830718,-0.5526021264689422,-0.31347031228157385,-0.9,-0.5305466237942122,1.1212663895107133
0.0953632887189298,0.5452412266027321,0.25,0.5,0.2608734351167702,-0.08112874779541442,-0.3575227513197457,0.25,-0.15384615384615385,0.9161073825503625,-0.1823752134174574,-0.07639226225717287,0.0,-0.0996603028807834,0.2682997672811644,0.08676863769197292,0.2368095671402164,-0.9,-0.09967845659163987,7.849920051167252
-0.31190248565965556,-0.9807570317104182,0.5,-0.25,-0.32107499706679277,0.3381204333585285,0.17655177333502636,0.5,0.38461538461538464,-1.5248322147650728,0.08480027262934034,0.042276310670023326,0.0,0.033428853379891446,1.6169191664287408,0.16368214885282603,-0.01689629725797878,-0.3,0.00964630225080386,0.27291333546530244
0.7980401529636714,-0.01244436615192279,0.75,0.5,0.8990099917870175,3.494583018392541,1.1693863120772605,1.75,1.6923076923076923,-1.7181208053690977,-0.08348845781196416,-0.023786547811111346,0.0,-0.03462443541959236,0.601419831305721,-0.16200335758254047,-0.08386326877446691,0.0,-0.07395498392282958,0.8774544291653348
0.9529158699808798,0.44924531247747734,0.25,0.5,0.36923624662681087,-0.08818342151675482,-0.36348357454533115,0.25,-0.15384615384615385,0.2818791946308993,-0.1935212032764001,-0.0826012682523381,0.0,-0.10434774357611873,-0.00028237173611143473,-0.5928931169557916,-0.36671087165032257,-0.9,-0.5594855305466238,-0.016437480012791807
0.9797609942638627,0.13703872046046495,0.75,0.5,0.0963224991200365,-0.058070042831947555,-0.34353829261585744,0.25,-0.15384615384615385,0.21744966442955693,-0.1935234846934738,-0.08260092924923765,0.0,-0.10434774357611873,-0.0006533176252955604,-0.5913038612199215,-0.3663623598519388,-0.9,-0.5594855305466238,-0.05388551327150625
-0.286089866156787,-0.22884428561461836,-0.25,-0.25,0.23010374789786622,0.3381204333585285,0.503882550901445,-0.5,0.46153846153846156,0.3060402684564024,-0.04683178898032776,-0.0395248737064344,0.0,-0.055101150036057235,-0.5211596611425,0.1592053721320649,-0.03120987218837713,0.0,-0.0707395498392283,-0.7084745762711868
-1.234961759082217,0.629720730071947,-1.5,-0.25,2.3478609160509163,-0.38822877299067765,1.3343350189028722,-2.0,0.6153846153846154,5.708053691275196,-0.1901424245902539,-0.07925427511618499,0.0,-0.09882529320226212,-0.007426243465515592,-0.24327923894795736,0.05342209475242572,0.0,0.1639871382636656,-0.38803965462104306
-0.824330783938814,-0.33700818313787256,-0.5,-0.5,0.04300111567858861,-0.06366003191400015,0.012978847586669468,-0.25,0.0,1.0162991371045333,2.382891547743181,1.4728009560334874,0.0,1.4260162447337459,-4.922277845606403,1.0702087089887873,1.0386913688860029,0.1,0.7877813504823151,-1.3089497007629416
-0.20865200764818306,0.4106025810758833,-0.5,0.25,-0.73312124330251,0.9549004787100022,0.8072467555202231,-0.5,0.7692307692307693,-3.5060402684563496,0.017344473302786125,-0.01790667945564779,1.0,-0.02171974038789995,0.18344306475322397,-0.0019585898153328886,-0.05882798356001416,0.2,-0.0707395498392283,0.7692356891589387
-0.9443116634799229,-0.95453296131585,-0.25,-1.0,0.131105623802274,-0.07004283194759384,-0.0292696266992477,-0.5,0.0,0.15302013422821475,1.6482382826062623,1.1829910190237831,1.0,1.307843397730292,5.775484976786627,0.5783435926133184,0.7378345707171948,0.1,0.6463022508038585,1.5473616885193489
-0.22155831739961707,-0.7641425400372348,0.5,-0.25,-0.6608793689624817,0.3925422020660115,0.18686505332458306,0.5,0.38461538461538464,-1.4604026845637317,-0.0030000634519123364,0.005020193488669669,0.0,-0.006006376437545071,0.8611751896852117,0.21516508114157806,-0.0005539795809691118,-0.3,0.00964630225080386,0.10687559961624563
0.7980401529636714,0.3964715562349352,0.75,0.5,2.2261199796630935,-0.060972537163013325,-0.34489926551692335,0.25,-0.15384615384615385,0.10738255033559718,-0.19361245995934798,-0.0826964870561695,0.0,-0.10446160853228072,0.0,-0.602965864577504,-0.3894052057893649,-0.9,-0.594855305466238,-0.001854812919731373
0.5528202676864251,0.5041151461041166,-0.25,0.5,-1.4047031121672162,2.3517258755353985,1.1098377099403207,-0.25,1.3076923076923077,-2.2335570469798394,-0.07726589274345393,-0.03972932547523252,0.0,-0.05079325919459521,-0.2522139019178733,-0.1149972020145494,-0.09215369176740425,0.1,-0.07395498392282958,-0.3421170450911422
-0.015057361376672686,0.9031809498300191,-0.25,0.5,-2.3786306032698206,1.6805240614764418,1.0601818825675153,-0.25,1.3076923076923077,-4.085906040268431,-0.08936881031941978,-0.0502455927278789,0.0,-0.06728470034539037,0.21172818828182025,-0.22747621712367086,-0.2572192279099056,0.1,-0.40514469453376206,0.11953949472337712
0.3122935859551545,0.6632753255822939,0.25,0.5,2.4190082165373115,-0.09065713827618585,-0.365804066842947,0.25,-0.15384615384615385,0.3569249542404176,-0.18065712200402786,-0.07608302048986693,0.0,-0.09952746043192773,0.17843363032154885,0.44404029099048686,0.6967543258084934,-0.9,0.572347266881029,7.798331249818299
-0.8797801147227527,-0.084629001989195,-0.75,-0.75,0.5244224952090933,-0.44192491811539414,0.04506601485579513,-1.0,-0.07692307692307693,-0.4026845637583627,-0.18140687861506574,-0.06535954423876342,1.0,-0.07531217975481079,-0.11920349478787254,-0.3102965864577503,-0.18283737134868583,0.1,-0.2958199356913183,-0.37422449632235416
-0.9197480416949356,-0.4473305614809463,-0.5,-0.5,0.10729471928189514,-0.40739927990312,-0.028795729328818586,-1.25,-0.15384615384615385,-0.21214007360897957,4.65922769846391,1.4507806622504749,0.0,1.3088112498576687,1.9053709338127003,2.364577504196978,1.0848794593695612,0.1,0.8327974276527331,0.5337739975447952
-1.610793499043976,0.4897242229756424,-1.5,-0.5,-0.9150637416403588,-1.142877299067775,0.2858230756359349,-2.0,-0.23076923076923078,-1.8785234899328587,-0.11793603049113918,-0.028098399881070803,0.2857142857142857,-0.047206513075492465,-0.7111032695659686,-0.04656966983771676,0.07912061547593051,0.1,0.1639871382636656,-0.03517748640869884
-0.9830305927342249,0.07490445102560998,-0.5,-0.5,-0.27826499745788663,0.17485512723607952,0.4020789985823197,-1.25,0.15384615384615385,-1.3530201342281616,-0.013819683923923286,-0.03586837693050369,17.571428571428573,-0.05494933009450791,0.24022642255465168,-0.07302742025741461,-0.2101118289985891,0.7,-0.3633440514469453,0.39968020466901194
0.14959586302798566,0.5987909355351172,0.0,0.5,-1.1639907616339777,-0.033486795391557266,-0.33588921204071087,0.25,-0.15384615384615385,0.3096848867674243,3.3391864211784124,1.8034057941382076,0.42857142857142855,2.3402379777583784,-10.402781066925018,1.3328839599124993,1.3042292499765353,-0.4,1.4244372990353698,-3.2089665394895923
-0.7472753346080299,-0.2525794607019537,-0.5,-0.5,-0.017410907794225324,-0.3221970269589316,0.04794377965452545,-1.25,0.0,-0.18517218983058317,4.770984937656714,1.393449233017161,0.0,1.2645367594033476,-7.28207969186773,2.3830069016974442,0.9916640331681247,0.1,0.6945337620578779,-2.0167710062667834
-0.11830783938814457,0.5573869861240316,-0.5,0.0,-1.3297856128516314,1.9707734945830178,1.2490620479134535,-2.25,0.8461538461538461,-2.394630872483196,0.063126810429213,-0.01872898533511058,1.8571428571428572,-0.025477283941245682,-0.45200788852253065,0.5162283156127588,0.4058604673411497,0.0,0.5594855305466238,-1.1244643428205958
-0.040869980879540656,0.7280266358018731,-0.5,0.25,-0.056188124486689354,1.7621567145376664,1.3312331172109535,-2.25,0.8461538461538461,-3.3208053691274895,0.10396417604840026,-0.004619259555649614,1.8571428571428572,-0.00832163054617224,0.01564765639545815,0.45019585898153325,0.41086524745484054,0.0,0.5594855305466238,-1.3104573073233137
-0.7378107074569783,-0.3625871690919958,-0.5,-0.5,-0.5538543699402175,0.17485512723607952,-0.034503006317578966,-0.25,0.07692307692307693,0.9020134228188186,1.7618756670471405,1.303366169035925,1.0,1.226354044103693,1.4421177423542466,0.7344711807498602,0.896071698850615,0.1,0.7395498392282959,0.2990086344739371
0.643164435946463,-1.447066768581527,1.25,0.0,-0.1284299988267167,-0.1063240110859158,-0.3840532391514685,0.25,-0.15384615384615385,0.18523489932888584,-0.19214094594681302,-0.07977851873316119,0.0,-0.09956541541731506,-0.015807489453634496,-0.5514829322887519,-0.2173780626761423,-0.9,-0.3054662379421222,-0.2699712184202114
0.20434990439770626,0.18865680455734218,-0.25,0.5,-0.26756249755566164,2.4242882338120424,0.7064738446048652,1.0,1.1538461538461537,0.9020134228188184,0.3386934752184635,0.05657774203310699,109.85714285714286,0.07111815386951076,-0.6471454053656537,0.639899272523783,0.3847373345818216,1.6,0.5594855305466238,2.171346338343462
-0.9734703632887182,-0.8351609279594894,-0.5,-1.25,-0.2388950871032678,-0.14226925338036445,0.060884193559948355,-0.25,0.15384615384615385,-0.743048897411287,3.2074286319796745,1.4653101139175542,1.0,1.3088112498576687,4.05641079455392,1.4334079462786793,1.029109723077041,0.1,0.8327974276527331,1.266544839873911
0.39364244741873866,-0.48952716424669657,0.5,0.5,0.234117185361204,-0.09859746367682873,-0.37419638571207936,0.25,-0.15384615384615385,-0.05752636625117162,-0.18954815769102001,-0.07785829484027512,0.0,-0.09764868865525486,0.004899644342903941,-0.49790669236668106,-0.16348204233998767,-0.9,-0.2540192926045016,0.08444424139978994
0.16563097514340372,1.3209398233799305,-0.75,0.5,1.6936706095273284,2.7417485512723596,1.6519532741577334,-0.75,1.6153846153846154,2.3006711409396234,-0.15436638274906478,-0.04435909979022131,0.0,-0.05045166432610924,0.11859346528249971,0.3220481253497482,1.1351210373225338,-0.9,1.4533762057877813,3.5339302846178473
-1.0862810707456971,-0.33074027196633554,-0.75,-1.0,-1.0060349908092825,0.11136306374401606,-0.17133197431122293,0.0,0.0,-0.6953020134227922,1.8303295863434375,1.3920923249582087,1.0,1.4260162447337459,-5.210373888529952,0.7299944040290991,0.9426019335042809,0.1,0.7877813504823151,-1.4079309242085079
0.38503824091778266,0.8506992501096746,-0.25,0.5,-2.2582274793697725,2.143109095490047,1.3206074591560448,-0.25,1.3076923076923077,-4.2711409395972915,-0.07554912639549646,-0.04074018553058231,0.0,-0.05079325919459521,-0.18777720451410426,-0.12115277000559589,-0.0920834927971988,0.1,-0.07395498392282958,-0.4394627438439402
0.4882887189292546,0.710800200958322,-0.25,0.5,-1.851532483085169,2.251952632905013,1.2429461039108134,-0.25,1.3076923076923077,-3.186577181208029,-0.07645598968229127,-0.03983686986057395,0.0,-0.05079325919459521,-0.2860558881023981,-0.1149972020145494,-0.09215369176740425,0.1,-0.07395498392282958,-0.4257755036776465
-0.286089866156787,-0.9217213914803989,0.5,-0.25,-0.42274874613794283,0.36533131771227,0.18250176302073057,0.5,0.38461538461538464,-1.5865771812080274,0.05303153987810105,0.03163286934338324,0.0,0.033428853379891446,1.3788478262751656,0.16983771684387244,-0.01694575084418873,-0.3,0.00964630225080386,0.27585545251039345
-0.23446462715105104,0.2187146742165652,-0.5,0.25,-0.44950499589351045,0.5195263290501384,0.5543922156587715,-0.5,0.46153846153846156,-2.0187919463086983,0.023709626938402464,-0.0244471064533445,1.0,-0.02171974038789995,0.07597664420409647,0.08030218242865142,-0.04018996126648899,0.2,-0.0707395498392283,0.673936680524465
0.630258126195029,-1.5119566044494077,1.25,0.0,-0.06689062438891538,-0.09725371630133534,-0.3726654203351548,0.25,-0.15384615384615385,0.23624161073828168,-0.19214094594681302,-0.07977851873316119,0.0,-0.09956541541731506,-0.01718205375395052,-0.552042529378847,-0.2173111784357537,-0.9,-0.3054662379421222,-0.29031020147105874
-1.0346558317399612,0.05151904677920784,-1.0,-0.75,-0.7491749931558489,-0.41471403376165267,-0.1133933159973376,-1.0,-0.15384615384615385,0.7060402684564027,-0.1827985430300213,-0.07358161328435463,0.0,-0.09362546020419782,0.08250582463059775,-0.01594851706771115,0.3484288545663631,-0.9,0.4405144694533762,1.7197953309881684
-0.1880019120458887,-1.251571626819743,0.5,-0.75,-2.347860916050924,-0.1335348954396573,-0.4721128679705742,0.25,-0.23076923076923078,2.5875430611097593e-14,-0.19361245995934798,-0.0826964870561695,0.0,-0.10446160853228072,0.0,-0.6035254616675991,-0.3913180951789943,-0.9,-0.5980707395498392,-0.0012152222577550375
-0.6990917782026763,-0.4687134025298288,-0.5,-0.5,-0.3424799968712465,0.17485512723607952,-0.034503006317578966,-0.25,0.07692307692307693,0.9449664429530471,1.3768865358606683,1.1536004056885403,1.0,1.226354044103693,-1.5871289482689845,0.534695019585898,0.7818870187659399,0.1,0.7395498392282959,-0.38880716341541455
-0.9597992351816437,-0.37947307521825085,-0.5,-0.5,0.0609381772797769,-0.4008062484252959,-0.023514670757946575,-1.25,-0.15384615384615385,-0.37034437966119266,4.660220617783979,1.4912465529305818,0.0,1.3088112498576687,5.101041427397685,2.363122551762731,1.122925675989436,0.1,0.8327974276527331,1.414601591577609
0.9787284894837478,0.3050205318258165,0.75,0.5,2.0227724815207906,-0.07911312673217431,-0.35598326849497575,0.25,-0.15384615384615385,0.1395973154362684,-0.19361245995934798,-0.0826964870561695,0.0,-0.10446160853228072,0.0,-0.602965864577504,-0.3894052057893649,-0.9,-0.594855305466238,-0.002622321714102976
-0.02796367112810667,0.42032991090324007,-0.5,0.25,-0.8026874926669811,1.4537666918619296,0.9673399458665372,-0.5,1.3076923076923077,-4.024161073825477,0.03206531697081997,-0.01233129897180519,1.0,-0.02171974038789995,0.1683574879456857,-0.009792949076664751,-0.05492421773860116,0.1,-0.0707395498392283,0.9485769107771036
1.0303537284894837,0.23534107549745537,0.75,0.5,0.06421499941335776,-0.07911312673217431,-0.35598326849497575,0.25,-0.15384615384615385,-0.021476510067087395,-0.19215805657486576,-0.08069795052779737,0.0,-0.10199453448210423,0.016289652512466266,-0.552042529378847,-0.26842779199870165,-0.9,-0.4180064308681672,0.2776463063639273
0.16098470363288783,-0.022282302969242967,0.0,0.0,-1.1558699894404532,0.00796170319979846,-0.06702192931204519,-0.5,-0.07692307692307693,-0.9120805369127252,2.2690508805913434,1.4101288466765272,0.0,1.3796352525904279,10.4711591236087,1.7011191941801902,1.6252026786455243,-0.9,1.4887459807073955,2.974512312120244
0.7464149139579355,0.08776268950395466,0.75,0.5,1.3057049880716207,3.585285966238346,1.220619623350183,1.75,1.6923076923076923,-2.5342281879194366,-0.07431716117569977,-0.014075697242225495,0.0,-0.03145519413975026,0.38039202292234386,-0.17431449356463338,-0.08151669660303199,0.0,-0.07395498392282958,0.9263191557403269
0.36878585086042115,-0.42931012996133183,0.5,0.5,0.40134374633349035,-0.09859746367682873,-0.37419638571207936,0.25,-0.15384615384615385,-0.038350910834105786,-0.18897146615294647,-0.07779436154621128,0.0,-0.09764868865525486,0.00192655918337485,-0.470963128769508,-0.15033849409017672,-0.9,-0.2540192926045016,-0.019260815934944477
-0.15702676864244713,-0.020613120264761017,0.0,0.0,0.38528999648015044,-0.24237843285462324,0.04201478537780717,-1.0,0.0,-0.4295302013422554,-0.18782906767752455,-0.07532026671592744,0.0,-0.09337875279918018,0.0010815370269928533,-0.4003917179630665,-0.024339750582062825,-0.9,-0.1382636655948553,-0.00211064918452185
-0.40224665391969344,0.2984492293631389,-0.25,0.5,0.6287718692558021,0.7462836986646508,0.6476498962875045,-0.75,0.8461538461538461,0.71677852348996,-0.19103445866606966,-0.08079006476709504,1.0,-0.10148214217937526,0.0033511664530960833,-0.34275321768326794,-0.14612656274444072,0.1,-0.18006430868167203,0.2042212983690439
0.36878585086042115,-0.4992689710790373,0.5,0.5,0.2866741045239214,-0.11606617955824299,-0.3999278795505804,0.25,-0.15384615384615385,0.04314477468842557,-0.1896250498960965,-0.07785083190133824,0.0,-0.09764868865525486,-0.001208261808832621,-0.498984434910568,-0.1632819709168158,-0.9,-0.2540192926045016,0.0012974553428663255
-0.8797801147227527,-0.012444366151922596,-0.75,-0.75,0.6421499941335843,-0.46913580246913567,0.012418084029606407,-1.0,-0.07692307692307693,-0.09932885906037608,-0.19012189183659065,-0.07982723735639433,1.0,-0.0998690553004137,-0.02188647343293914,-0.3170117515388919,-0.18219807345076638,0.1,-0.2958199356913183,-0.45148704828909536
-0.8281548757170165,0.0826306487021849,-0.5,-0.5,0.49231499550241414,-0.18795666414714027,0.35232550284187875,-1.25,0.15384615384615385,-0.9879194630872214,0.07562327245039167,-0.01189237897438605,17.571428571428573,-0.023598512164572816,0.9441471940688235,-0.012590934527140425,-0.21135840635473155,0.7,-0.36012861736334406,0.4076111288775187
-0.2906450343043519,1.066523021556413,-0.75,0.0,-2.9540080152928194,2.0998918085752813,1.073025869048314,-0.75,0.7692307692307693,-6.543624161073796,-0.16647500386771488,-0.04350345578707571,0.0,-0.05045166432610924,0.053148899005144974,-0.43064287830409154,-0.20323893252926659,-0.9,-0.3504823151125402,0.014374800127918202
0.8109464627151054,0.6622306860095957,0.25,0.5,-0.04013437463334856,-0.11539430587049632,-0.3986660603493769,0.25,-0.15384615384615385,-0.05369127516775863,-0.19223220262976093,-0.08149942571691274,0.0,-0.10263976923368885,-0.008487135389160672,-0.5419697817571347,-0.32491685766341555,-0.9,-0.5209003215434084,-0.12811000959386004
0.33341300191204615,1.22876885106859,-0.5,0.5,-0.04280999960890636,1.8075081884605686,1.1997769761956885,-0.75,1.0,4.638926174496672,0.0766898349323453,0.09932821085452516,1.0,0.09833187839222682,1.3213718585549739,1.4731393396754335,1.4130259728935224,0.1,1.6495176848874598,4.730348576910781
0.39794455066921663,0.9101856129814762,-0.5,0.5,-1.3565418626071966,1.3902746283698662,1.4621800785288495,-0.5,1.7692307692307692,-4.139597315436213,0.04103128607045161,0.06472219171909592,0.0,0.09584582684935666,1.7392180947766271,0.9415221040850587,0.8536536302706303,-0.9,0.6816720257234726,2.8154141349536315
-0.7507170172084122,-0.33074027196633554,-0.5,-0.5,0.3638849966756973,-0.1698160745779793,0.08280356579636723,-0.75,0.0,1.4711409395973423,3.1167693423173644,1.5597161840636724,0.0,1.4260162447337459,-3.881785567398316,1.4720201454952433,1.1042561457527729,0.1,0.7877813504823151,-0.8376718899904066
0.3463193116634801,-0.442358107167276,0.5,0.5,0.14715937365561188,-0.09725371630133534,-0.3726654203351548,0.25,-0.15384615384615385,0.032214765100697845,-0.18874733804968782,-0.0777202113315501,0.0,-0.09764868865525486,0.017083490034741803,-0.46474538332400656,-0.14669671105885124,-0.9,-0.2540192926045016,0.19296450271826035
-0.9830305927342249,0.18865680455734218,-0.75,-0.5,0.13378124877782932,-0.23330813807004278,0.28146295113654507,-1.0,0.15384615384615385,-1.9248322147650747,0.36885380893274605,0.7754663184991382,1.0,1.3084127225111017,-4.297508687830529,0.16592053721320657,0.6563875416817626,0.0,1.1318327974276527,-2.0285897025903434
0.07528680688336581,0.558146055051777,0.0,0.0,-1.677043511464942,2.7871000251952625,-0.17528112891205558,2.75,0.7692307692307693,-0.1725790987535668,-0.15884366375619638,-0.038320540402378596,0.0,-0.05045166432610924,0.3642481229367384,-0.4009513150531616,-0.183088860265614,-0.9,-0.3504823151125402,0.5312440038375447
-0.9830305927342249,-0.43551524945284126,-1.0,-1.0,0.5351249951113197,-0.060972537163013325,0.0038768473482520193,-0.5,0.07692307692307693,-0.7946308724831952,1.6938666240802147,1.1773547507128523,1.0,1.3329506205640111,-2.357641499588004,0.6583659764969221,0.7157156013426331,0.1,0.6913183279742765,-0.7785737128237934
-0.4667782026768634,0.5742786435620246,-0.25,0.25,-1.4234324869961135,1.0183925422020659,0.7349741125708563,-0.25,0.9230769230769231,-2.7463087248321876,-0.05991571589798357,-0.04356165981101118,5.857142857142857,-0.062312597259650056,0.2680160636029016,-0.19725797425853375,-0.26292459455342304,0.2,-0.40514469453376206,0.12107451231212028
-0.286089866156787,-0.22884428561461836,-0.25,-0.25,0.35853374672458416,0.5376669186192994,0.6427716090435767,-0.5,0.46153846153846156,-0.6281879194630604,0.0009753057990057325,-0.025230574967094795,0.0,-0.02171974038789995,-0.642440985686664,0.1435366536094013,-0.031772838444036666,0.0,-0.0707395498392283,-0.41989126958746426
0.5054971319311665,0.18730967078352004,0.0,0.0,-7.602597251974407,2.853615520282186,-0.34217988881458533,3.25,0.7692307692307693,-0.8974113135186688,-0.19190710069675904,-0.08149900192353476,0.0,-0.10339886894143546,0.06968150504135345,-0.4725797425853384,-0.2608640875856352,-0.9,-0.4790996784565916,1.8802777650874876
0.8783460803059279,0.6080606058122617,0.25,0.5,0.07166852613098175,-0.09859746367682873,-0.37419638571207936,0.25,-0.15384615384615385,-0.05752636625117162,-0.18608251616221602,-0.07793639725722949,0.0,-0.09952746043192773,-0.05274966613442891,-0.11153599038322028,0.3738538494759741,-0.9,0.572347266881029,-1.9218146100781237
0.15272466539196972,1.2225330657878448,-0.5,0.5,0.5779349947202249,1.2814310909549,0.990382568765541,-0.75,0.8461538461538461,2.856375838926202,-0.021063183132913204,0.05743627007625654,1.0,0.04530876380612593,1.5316881881562372,0.806659205372132,0.9932654429941817,0.1,1.0643086816720257,4.64656220019188
-0.38934034416825947,-1.6802216370170817,0.5,-1.0,0.0,0.10229276895943559,-0.4721128679705742,0.5,-0.15384615384615385,2.6757237308036318e-14,0.10549272548777767,0.14107742168262405,1.0,0.13655254867726876,-1.6061410905390532,-0.12506994963626178,-0.023409238839034573,0.1,-0.02572347266881029,-0.4623600895426932
0.11400573613766776,0.3005944407188989,0.0,0.25,0.26393353406242037,-0.022990677752582504,-0.3345675647607575,0.25,-0.15384615384615385,-0.10794101438718781,1.892658257268274,1.1397638133824715,0.42857142857142855,0.9023513113447451,3.069335098317016,0.5267907106883044,0.6469150919753988,-0.4,0.3054662379421222,0.932265942172377
-1.2024378585086035,-0.20063705679727212,-0.75,-1.0,-0.24883312272676517,0.10229276895943559,-0.17603932105467862,0.0,0.0,0.810738255033584,1.2664944672071248,1.279784925548078,0.0,1.4374406953353323,-0.871004922763054,0.41494124230554,0.8406187903665592,0.1,0.7781350482315113,-0.5589382795011196
-0.053776290630974645,0.14895792028909802,0.0,0.0,-0.8456886083455695,-0.6488620139413788,0.2553456562783672,-1.5,0.0,2.0757430488974387,-0.1867415922057287,-0.07546401258606544,0.0,-0.09337875279918018,0.046175580229678194,-0.3410951522311342,-0.03454282815427106,-0.9,-0.1382636655948553,0.6532230800858881
0.6441969407265778,-0.19698523663906,0.75,0.5,-1.661563109820652,5.06410682791635,0.08178579872398782,4.75,1.7692307692307692,-1.268456375838901,0.5447280230023877,0.18632445972060793,1.0,0.11909325539909667,-1.4955459378761249,0.19728035814213768,0.02770065325117817,0.1,0.0,-1.1026862807803015
0.08858421693029758,0.45250610407029596,0.0,0.5,-0.6434645558695683,-0.0263405025309787,-0.3348687958630487,0.25,-0.15384615384615385,0.27556706025915173,3.024726261817541,1.7622470596212136,0.42857142857142855,2.3402379777583784,-7.674759698366461,1.03043021145987,1.1106327176821549,-0.4,1.4244372990353698,-1.8393789044530207
0.6710420650095607,1.1918400586814748,-0.75,0.5,2.269598885515887,2.800161249685058,2.09474199264609,-0.75,1.7692307692307692,3.3402684563758647,-0.16947050448547984,-0.05884875232537595,0.0,-0.07303488063157096,0.026989809786292736,0.30785674314493566,1.1667350013198872,-0.9,1.4533762057877813,0.41957147425647595
-0.9572179732313569,-0.24927617191394627,-0.75,-0.75,-0.6849599937424908,0.19299571680524055,-0.06704412425158233,-0.25,0.07692307692307693,0.08053691275170465,1.8069393577953528,1.433996245352908,1.0,1.6307264584203136,3.6273473220874943,0.751259093452714,0.977413225877597,0.1,0.909967845659164,0.41183242724656305
0.5278680688336521,0.31418271907387096,0.0,0.5,-0.8078661216519325,-0.03134290753338371,-0.3355286453277395,0.25,-0.15384615384615385,-0.061141760793099464,2.814265605902787,1.8486011766235997,0.0,2.3402379777583784,0.526830383369439,1.2238947957470618,1.360095856508038,-0.9,1.4244372990353698,-0.4207411639198307
0.49750751160885026,-0.3325140964290803,0.5,0.25,-0.5676147269573677,-0.04931072958283839,-0.34004296026568265,0.25,-0.15384615384615385,-0.2243528283796473,-0.1919812467516542,-0.08113066080203404,0.0,-0.10246897179944586,0.018220968632096362,-0.520385322567751,-0.2562106203385551,-0.9,-0.43729903536977494,0.3063365160582943
0.591539196940727,-0.24611385763701418,0.75,0.5,-0.14983499863117047,4.691861929957167,0.8279855304542606,1.75,1.6923076923076923,-3.0067114093959435,0.43225438941080263,0.19163765744718453,0.0,0.11909325539909667,-3.8787247643342404,0.02658086177951879,-0.04418184598085422,0.0,-0.22186495176848875,-1.4620402942117057
0.023661567877629273,0.5080002563948421,-0.5,0.5,0.1498349986311697,1.6079617031997981,1.272925165663979,-0.5,1.1538461538461537,4.520805369127545,0.42201653029258457,0.05119036414853006,137.28571428571428,0.07111815386951076,0.41391434299051627,0.5637940682708449,0.18745534866652613,1.6,0.2829581993569132,-1.2136232811000958
-1.1766252390057352,-0.2052368127373776,-1.0,-1.25,0.7464993681802915,0.03880070546737214,0.0147319985854248,-0.5,0.07692307692307693,-1.049664429530175,2.1797685359790164,1.4430300307649373,1.0,1.3329506205640111,-9.422148123954718,0.9051482932288751,0.9438589668262194,0.1,0.7106109324758842,-2.505340582027503
-0.11830783938814457,0.8996714863835547,-0.5,0.25,0.46823437072240537,1.9163517258755345,1.469023869741894,-2.25,1.0769230769230769,-0.0751677852348725,0.16701684042271805,0.020088358451594086,1.8571428571428572,0.006006376437545071,0.8610393315857617,0.23531057638500283,0.23656353837792127,0.0,0.5594855305466238,-0.9527982091461471
0.2559751434034422,-0.33074027196633554,0.0,0.0,-0.3852899964801525,-0.024691358024691367,0.1260766996413686,-1.0,0.07692307692307693,-0.365100671140913,2.096228746282894,1.4037334155536334,0.0,1.3796352525904279,16.030635050038686,1.6119194180190262,1.6125275757110902,-0.9,1.4887459807073955,5.538791173648868
-1.3423422562141483,0.7906274787202834,-1.5,-0.5,-2.058893418690805,-0.8032854623330812,0.08288197764443044,-1.5,-0.23076923076923078,-1.5281879194630603,0.04573693692666029,0.002889208085593158,0.2857142857142857,-0.023598512164572816,-1.3722007689682592,-0.021544487968662495,-0.14839879614348775,0.1,-0.21543408360128619,-0.6741285577230579
0.6307743785850861,0.7253159838181603,-0.25,0.5,-1.0475071779304101,1.7059208868732676,1.581650398678258,-0.5,1.7692307692307692,-4.421476510067088,-0.055884680070467256,0.04545246070569003,0.0,0.09584582684935666,1.2545916089356952,0.754818130945719,0.8797602994573712,-0.9,0.6816720257234726,3.907035497281742
-0.9610420650095594,-0.8277371188041139,-0.5,-1.25,-0.2102276766508757,-0.1510036113210716,0.0632253339408017,-0.25,0.15384615384615385,-0.8005752636624855,3.2074176473789495,1.4653139084907143,1.0,1.3088112498576687,1.1117673568949478,1.4323302037347923,1.0297749912977714,0.1,0.8327974276527331,0.4711681666590537
0.5399139579349911,0.2958719017191932,0.75,0.5,2.033474981423017,-0.07911312673217431,-0.35598326849497575,0.25,-0.15384615384615385,0.1073825503355971,-0.19361245995934798,-0.0826964870561695,0.0,-0.10446160853228072,0.0,-0.602965864577504,-0.3894052057893649,-0.9,-0.594855305466238,-0.000831467860569236
-0.02796367112810667,0.7577058432733559,-0.5,0.25,0.9418199913959234,1.8982111363063736,1.4483022963907979,-2.25,1.0769230769230769,-1.417449664429504,0.1329895047685182,0.012823202156226243,1.8571428571428572,0.006006376437545071,0.5646289251978434,0.40822607722439835,0.4164392636649409,0.0,0.5594855305466238,-1.7140390150303808
-1.1766252390057352,-0.1465156325788672,-0.75,-1.0,-0.6341231192069159,0.08415217939027461,-0.2081467716295066,0.0,0.0,0.38120805369130206,1.740966479566702,1.4886458178893525,1.0,1.4374406953353323,-3.672007342426248,0.6678791270285395,1.0089424429893232,0.1,0.7877813504823151,-1.2307643108410624
0.617351816443595,1.3305170887135551,-0.25,0.5,2.191336854980856,3.809503653313176,1.677825282999699,0.0,1.7692307692307692,6.734899328859086,0.040807707197229225,0.11123855919775794,0.0,0.14207499905112536,-0.6138668307111992,0.1338444320089536,0.05825855325234366,0.3,0.01929260450160772,-0.21333546530220665
-0.0662045889101331,0.1409023561989548,0.0,0.0,-0.9125792327344837,-0.718736877467036,0.21284622328206784,-1.5,-0.15384615384615385,1.9031639501438438,-0.188504620622125,-0.07618262706478858,0.0,-0.09337875279918018,0.030748835953913655,-0.418153744119049,-0.12963042270657413,-0.9,-0.16720257234726688,0.3071588469094067
0.591539196940727,-1.2653195078290016,1.0,0.0,0.14983499863116903,-0.11539430587049632,-0.3986660603493769,0.25,-0.15384615384615385,-0.12885906040265793,-0.19212383531876032,-0.079779678891712,0.0,-0.09956541541731506,-0.010461073657637782,-0.5509233351986569,-0.21744581444387537,-0.9,-0.3054662379421222,-0.17723057243364265
-0.9055927342256207,0.23415826420065994,-0.75,-0.5,0.4869637455513014,0.10229276895943559,0.24907594324411983,-0.75,0.15384615384615385,-1.9221476510066853,0.7933399732076082,0.9223216526009412,0.0,1.3084127225111017,-2.4511251914310064,0.4423614997202015,0.7703771585268372,0.0,1.1318327974276527,-0.529900863447394
0.6592973231357556,0.6934338419882679,0.25,0.5,2.9463352672011527,-0.10405643738977069,-0.3809569883622211,0.25,-0.15384615384615385,2.7072235742656287e-14,-0.1836305473190854,-0.07688130305361793,0.0,-0.09952746043192773,0.017222305829263287,0.14395635142697263,0.5619945812148077,-0.9,0.572347266881029,0.5325137794164677
-0.86161567877629,-0.6083516406608955,-0.5,-0.5,0.14811495400402439,-0.18594104308390016,0.021708431174682404,-0.25,0.15384615384615385,-0.34515819750716414,3.908345019654646,1.4097919805325771,1.0,1.3088112498576687,-0.9143402314934489,1.8601939936578995,1.038554309756274,0.1,0.8327974276527331,-0.09464114395358421
-0.38934034416825947,-1.6802216370170817,0.5,-1.0,0.0,0.10229276895943559,-0.4721128679705742,0.5,-0.15384615384615385,2.6757237308036318e-14,-0.1728230468752785,-0.051737731191017794,0.0,-0.052842828405511064,0.20072634611068613,-0.3332400671516507,-0.23591187194106056,0.1,-0.3536977491961415,0.18874320434921663
0.6293362469270697,-0.15604111543925275,0.0,0.5,-0.3019963411450277,-0.06615556275420216,-0.34759616486549383,0.25,-0.15384615384615385,-0.0343835752305746,2.5637839909501072,1.8790785508284988,0.0,2.3402379777583784,16.305948135753887,1.0961707570549204,1.4246981338638938,-0.9,1.4244372990353698,4.371056474595177
1.1336042065009562,0.022500774106951272,0.75,0.5,-1.1130599898315483,-0.07911312673217431,-0.35598326849497575,0.25,-0.15384615384615385,-0.21476510067111415,-0.18290120679833768,-0.07291864348636655,0.0,-0.09106349869055301,0.10111572037092308,0.060716284275321816,0.4860998090416705,-0.9,0.31189710610932475,2.957403261912378
0.8754780114722759,0.6513270473384639,0.25,0.5,-0.06421499941335912,-0.11539430587049632,-0.3986660603493769,0.25,-0.15384615384615385,-0.06442953020131557,-0.19236908765418279,-0.0815078673102702,0.0,-0.10263976923368885,-0.00805025836347883,-0.5442081701175152,-0.32442492485017693,-0.9,-0.5209003215434084,-0.14243684042212998
0.591539196940727,-0.09031740738661931,0.75,0.5,0.40669499628460365,4.238347190728143,1.0743450871816804,1.75,1.6923076923076923,-4.295302013422791,0.2892779814021732,0.17279128968289728,0.0,0.11909325539909667,-3.4268127756466185,-0.108841634023503,-0.12330160706956415,0.0,-0.3022508038585209,-0.877454429165335
-0.38934034416825947,-1.6802216370170817,0.5,-1.0,0.0,0.10229276895943559,-0.4721128679705742,0.5,-0.15384615384615385,2.6757237308036318e-14,0.10549272548777767,0.14107742168262405,1.0,0.13655254867726876,-1.8845702778821398,-0.12451035254616673,-0.023641048875710793,0.1,-0.02572347266881029,-0.6113847137831792
-0.053776290630974645,-1.6802216370170817,0.75,-0.75,-2.5079148945051737e-15,-1.3126732174351217,-0.4721128679705742,-1.0,-0.6153846153846154,2.6355266292330036e-14,-0.1928153898692249,-0.0820818144271476,0.0,-0.1038733062587771,0.02216970141757651,-0.4962227196418577,-0.27736739305183694,-0.9,-0.5080385852090032,1.499881218877062
-0.8521873145645145,-0.5218498767377066,-0.5,-0.5,0.06553963148253665,-0.17419483757743193,0.01918613425810574,-0.25,0.15384615384615385,-0.14312163189735155,4.636946767729838,1.343834623231869,1.0,1.3088112498576687,4.217995684723948,2.2988537907878737,1.0094113962032458,0.1,0.8327974276527331,1.4281517562749972
-0.9150573613766723,-0.408573318758268,-0.5,-0.5,-0.24897598145738503,-0.4008062484252959,-0.023514670757946575,-1.25,-0.15384615384615385,-0.6428619420534111,5.141003410005582,1.429048599787673,0.0,1.3088112498576687,-0.4740416045304496,2.62064913262451,1.065895806280486,0.1,0.8327974276527331,-0.16519659231217942
0.15595124282982836,0.5904057179193483,0.0,0.0,-7.7330339695327925,2.784832451499117,-0.19864522914551472,2.75,0.7692307692307693,-1.9630872483221222,-0.19022027794789384,-0.08043157783096226,0.0,-0.10231715185789654,0.06929191196204877,-0.48712926692781183,-0.2766034087415629,-0.9,-0.4790996784565916,0.5867513362876332
-0.260277246653919,0.10433989761512158,0.0,0.0,-1.0648987402715298,-0.21516754850088177,-0.026739073293090544,-0.5,-0.07692307692307693,0.42147651006714076,3.5515618082226554,1.587986839922424,1.0,1.3796352525904279,-7.467922599319354,1.9012311135982092,1.4344684410379165,0.1,1.4887459807073955,-3.4038375439718616
0.9012906309751438,0.030463665919036948,0.75,0.5,-0.2247524979467555,3.0047871000251942,1.2300211903051843,1.75,1.6923076923076923,-2.0456375838925926,-0.07836097293882878,-0.024985122366079443,0.0,-0.03462443541959236,0.14266432384384803,-0.14857302742025733,-0.08811818749804966,0.0,-0.07395498392282958,0.3112887751838824
-0.31190248565965556,-0.9807570317104182,0.5,-0.25,-0.3852899964801514,0.22927689594356251,0.04201478537780711,0.5,0.38461538461538464,-0.9020134228187657,0.11277044595287304,0.04466237255216385,0.0,0.033428853379891446,1.746618365370189,0.13458310016787922,-0.023924393819804223,-0.3,0.00964630225080386,0.39801726894787354
0.9931835564053537,0.6323706590918416,-0.25,0.5,-0.3913101526751546,2.8473267825648767,1.5888584734969358,0.75,1.7692307692307692,-0.652348993288565,-0.16722832778544983,-0.05892020684704155,0.0,-0.07303488063157096,-0.11363531062365617,0.5266815892557359,1.1765822286397019,-0.9,1.4533762057877813,-1.6337064278861548
0.2559751434034422,0.8985737996030644,-0.25,0.5,1.6267799851384144,1.190728143109095,1.0162802401929525,-0.75,0.8461538461538461,3.221476510067142,-0.08420710419017892,0.03558671540030448,1.0,0.04530876380612593,1.0317383738337302,0.5016787912702855,0.8959711912595377,0.1,1.0643086816720257,3.8408058842340935
-0.38934034416825947,-1.6802216370170817,0.5,-1.0,0.0,0.10229276895943559,-0.4721128679705742,0.5,-0.15384615384615385,2.6757237308036318e-14,0.02062401034622643,0.12192413995495745,1.0,0.13655254867726876,-2.172371010202962,-0.17767207610520416,-0.02229143831029278,0.1,-0.02572347266881029,-0.9893827950111941
-0.9830305927342249,-0.23823841248691108,-0.75,-0.75,-0.7652287430091886,0.2111363063744016,-0.10365674982090889,0.0,0.07692307692307693,-0.18255033557044315,2.2759644868914766,1.573702205986899,1.0,1.6307264584203136,7.048803026400899,0.998041410184667,1.0788935972333984,0.1,0.909967845659164,1.2055644387591942
-0.8032026768642441,-0.33068618935798255,-0.5,-0.5,-0.12361744533898252,-0.4008062484252959,-0.023514670757946575,-1.25,-0.15384615384615385,-0.7057506102977691,4.827691840440542,1.4140740960377178,0.0,1.2645367594033476,-3.9507165072690564,2.460119380712553,1.0425946314064567,0.1,0.7234726688102894,-1.136016246598842
-0.9572179732313569,0.06584734478198861,-0.5,-0.5,-0.2408062478000957,0.22020660115898205,0.3868406650915692,-1.25,0.15384615384615385,-1.2268456375838657,-0.02189590036481282,-0.03884224647912784,17.571428571428573,-0.05623979959767716,0.141071321030691,-0.08869613878007823,-0.2155303252449975,0.7,-0.3633440514469453,0.3393028461784461
-0.7765296367112805,0.030463665919036948,-0.5,-0.5,0.5565299949157715,-0.3149407911312672,0.2702693074164014,-1.25,0.15384615384615385,-0.2577181208053427,0.08761211917267263,-0.012307869998231956,17.571428571428573,-0.023598512164572816,0.9220635931974668,0.01762730833799672,-0.21257436963780438,0.7,-0.36012861736334406,0.29120562839782566
-0.27318355640535297,-0.22533712620853338,-0.25,-0.25,0.3344531219445753,0.5739480977576215,0.6435777439840565,-0.5,0.46153846153846156,-0.6389261744966175,0.01269038247244298,-0.026795783936547062,3.0,-0.02171974038789995,-0.5974639631158583,0.1541689983212088,-0.03851490702314102,0.4,-0.0707395498392283,-0.19897665494083744
0.4607552581261954,-0.3297410260944663,0.5,0.25,-0.7826203053503067,-0.05492567397329302,-0.34217988881458533,0.25,-0.15384615384615385,-0.2523969319271059,-0.19208999429883378,-0.08117517221916322,0.0,-0.10246897179944586,0.012661775077402484,-0.525927998507741,-0.2600240659789139,-0.9,-0.43729903536977494,0.19521905980172696
0.21787080032777997,-0.34042713223454957,0.25,0.0,0.4777033032657702,-0.9533167764460279,0.1791411004542282,-1.5,-0.23076923076923078,2.2741218513030854,-0.19119741702847667,-0.0810420598090318,0.0,-0.10237408433597753,0.00547454171178801,-0.4892077704053081,-0.2912205235002869,-0.9,-0.5080385852090032,-0.04592011761823082
0.21725621414914026,1.0655419924932779,-0.5,0.5,-1.5010256112872555,1.1997984378936757,1.5804866999878882,-0.5,1.7692307692307692,-5.259060402684538,0.09826633690684047,0.0704498854073129,0.0,0.09584582684935666,1.6877118917793195,1.1144376049244544,0.8008667640237587,-0.9,0.6816720257234726,1.6901183242724669
0.9126481835564059,0.6190904740880961,-0.25,0.5,1.2160715513904734,4.818846056941294,0.6576317836519541,1.5,1.7692307692307692,2.875167785234924,0.20709061574733875,0.16404276762301231,0.0,0.11909325539909667,3.612313025052785,0.15712367095691107,0.010172414853798998,0.3,0.0,1.1615606012152226
0.39364244741873866,1.2557518354643273,-0.25,0.5,0.4204553533017522,2.7837406567565286,1.8022069050836138,0.0,1.6153846153846154,4.2425695110259145,-0.02280191868232107,0.08554547153772234,0.0,0.14207499905112536,-0.5107903012158636,0.007015689444340863,-0.003989341502304053,-0.5,0.01929260450160772,0.28180364566677346
0.5770841300191211,1.2825324833709641,-0.25,0.5,1.9565507633757644,3.6397077349458287,1.6614800222192632,0.0,1.7692307692307692,6.638255033557074,-0.01405444174080678,0.08574554601781528,0.0,0.14207499905112536,-1.1547538870591063,0.08146614437604927,-0.021867649291617212,0.3,0.01929260450160772,-0.8761752478413821
0.5399139579349911,-0.34423542469959517,0.5,0.25,-0.21500557839293954,-0.042831947593852344,-0.3380179569343338,0.25,-0.15384615384615385,-0.17257909875356883,-0.19201546800775968,-0.08107234605170968,0.0,-0.10246897179944586,0.02187714983787886,-0.5162283156127587,-0.25151427608764787,-0.9,-0.43729903536977494,0.4366759559596148
1.100564053537285,-0.2144307970066317,-0.25,0.5,0.11438296770504353,5.026374401612495,0.19997104018119485,4.75,1.7692307692307692,1.6429530201342537,0.33071878183735354,0.1882311911112822,0.0,0.11909325539909667,4.252390479391666,0.18971460548405156,0.002946836597620883,0.4,0.0,1.1943716021746085
0.7381548757170173,-0.2611375977811114,0.75,0.5,-1.5170793611405953,5.045240614764423,0.10331275435623737,4.75,1.7692307692307692,-0.8214765100670872,0.5447814081619121,0.18630150177781798,0.2857142857142857,0.11909325539909667,-0.006077652037153304,0.22172355903749302,0.013871687097867158,0.1,0.0,-0.6085065558042858
-0.38934034416825947,-1.6802216370170817,0.5,-1.0,0.0,0.10229276895943559,-0.4721128679705742,0.5,-0.15384615384615385,2.6757237308036318e-14,-0.05088700782882526,0.020562420001420723,1.0,-0.007752305765362281,-1.307519660179696,-0.2733631785114716,-0.21161885904035238,0.1,-0.36012861736334406,-0.36501439078989467
0.0881931166347998,0.49267874928935584,-0.5,0.5,0.32375062204234817,1.1816578483245146,1.337205919990606,-0.5,1.1538461538461537,5.581208053691303,0.40122711720851517,0.06754958135155457,96.28571428571429,0.09584582684935666,0.8490731632969639,1.1032456631225516,0.6997889151925162,1.4,0.6816720257234726,-3.7328429804924883
0.14756214149139613,-0.630247833794796,0.75,0.0,2.2767136155645287,-1.407004283194759,-0.2516092903842461,-1.5,-0.6153846153846154,-1.5228798047589736,-0.19264856124571075,-0.0821310065105449,0.0,-0.1038733062587771,0.015536499768635588,-0.4420257414661442,-0.26530456145781656,-0.9,-0.5080385852090032,1.4387359362735126
0.3721319311663487,0.5380706029623734,-0.25,0.5,0.2595356226289893,2.270093222474174,1.3174702589236016,-0.25,1.3076923076923077,3.492617449664457,0.14625594505206976,0.04410476341647213,1.0,0.020638023304361028,-1.1588189745053907,-0.008114157806379389,-0.13172723473046505,0.1,-0.2829581993569132,-0.6599936040933806
-1.0475621414913951,0.5103280151099515,-1.0,-0.5,-0.8749293670070087,-0.3693625598387502,0.24092665552267678,-1.5,0.15384615384615385,-1.927516778523463,0.077454109652034,-0.007273023953733237,0.2857142857142857,-0.023598512164572816,-0.3921504082355124,0.06015668718522666,-0.16536383043757516,0.1,-0.21543408360128619,-0.08564118963863121
0.3812141491395796,-0.44706644922240474,0.5,0.25,-0.5351249951113184,-0.10733182161753585,-0.3854908818665817,0.25,-0.15384615384615385,-0.0958772770853041,-0.18887260474641954,-0.07780666795858653,0.0,-0.09764868865525486,0.032960811312603304,-0.45695247569897807,-0.15008630318644794,-0.9,-0.2540192926045016,0.37705696925396337
0.20988118000546369,-0.5745113486068225,0.75,0.0,1.2212316852719078,-1.2621387179210304,-0.015881900638531888,-1.5,-0.38461538461538464,1.1907957813998358,-0.1911232709735815,-0.0808973058355765,0.0,-0.10237408433597753,0.0253278313974347,-0.46426572867535365,-0.2775490333961766,-0.9,-0.5080385852090032,0.3030471926538446
-0.7497609942638618,-0.399443315337745,-0.5,-0.5,0.43956696027001296,-0.25581590660955733,0.17915416315417382,-1.25,0.0,1.8216682646213125,3.413444818581002,1.5900778045017951,0.0,1.4260162447337459,-10.019981986433791,1.6225517627308337,1.112415125373123,0.1,0.7877813504823151,-2.533308967974783
0.2688814531548762,-0.40806676950502374,0.0,0.0,0.04013437463334827,-0.01562106324011085,0.1261706290707945,-1.0,0.07692307692307693,0.040268456375865444,1.6311561722669514,1.2193802120418469,0.0,1.1987607697271037,15.731733911827524,1.3231673195299385,1.5797885150928492,-0.9,1.4887459807073955,6.559577870163101
-1.0862810707456971,0.6081828059032842,-1.0,-0.5,-1.2200849888538114,-0.4600655076845551,0.27329081837914637,-1.5,0.15384615384615385,-2.040268456375813,0.07573734330407654,-0.006396481634685573,0.2857142857142857,-0.023598512164572816,-0.6221848094471231,0.05344152210408511,-0.16009288715865233,0.1,-0.21543408360128619,-0.26114486728493774
-0.38934034416825947,-1.6802216370170817,0.5,-1.0,0.0,0.10229276895943559,-0.4721128679705742,0.5,-0.15384615384615385,2.6757237308036318e-14,0.10594330535983294,0.14098671747914088,1.0,0.13655254867726876,-0.2252767038465632,-0.11947397873531053,-0.016611821664945202,0.1,-0.02572347266881029,-0.25359769747361716
-0.8327642720568144,-0.5097307906666367,-0.5,-0.5,0.13065089936061486,-0.16722456178238487,0.025953944449747458,-0.25,0.15384615384615385,-0.1289384071147283,4.281647456082467,1.3791594056619607,1.0,1.3088112498576687,4.377394910313758,2.075145894955632,1.0192275938819533,0.1,0.8327974276527331,1.277422607166882
0.17692399617590868,-0.45373949982211625,0.25,0.0,0.517910496187705,-1.1505416981607453,0.08530259401734297,-1.5,-0.23076923076923078,2.0439202526648503,-0.19102661629487885,-0.08095992482906757,0.0,-0.10237408433597753,0.018161912667586374,-0.4725797425853384,-0.2836096820261091,-0.9,-0.5080385852090032,0.13414285445550153
0.9012906309751438,0.030463665919036948,0.75,0.5,0.17123999843562063,3.131771227009321,1.2401589078543096,1.75,1.6923076923076923,-2.104697986577155,-0.08039143413441965,-0.024506756375939718,0.0,-0.03462443541959236,0.22374763425667668,-0.15640738668158918,-0.08584241651013443,0.0,-0.07395498392282958,0.39776143268308306
-0.7584608030592727,-0.2630450905993143,-0.5,-0.5,0.04352726948555429,-0.30647518266565876,0.0742240226007647,-1.25,0.0,0.1048144470739566,4.495285190204831,1.4135878828786397,0.0,1.2645367594033476,-7.766171844446258,2.2360567058384624,1.017945367202811,0.1,0.6945337620578779,-2.2001471271956636
-0.1957456978967491,0.8553933887093962,-0.25,0.5,-2.325118103758688,1.3993449231544466,0.8525198721075591,-0.25,1.0,-3.1973154362415834,-0.08356830740954359,-0.046287379011579116,0.0,-0.06548183853949216,0.25391612398745045,-0.2257974258533855,-0.2565458401044587,0.1,-0.40514469453376206,0.2506555804285259
0.617351816443595,-1.6802216370170817,1.25,-0.25,-6.336378724111102e-16,-0.08818342151675482,-0.36348357454533115,0.25,-0.15384615384615385,0.2818791946308993,-0.19361245995934798,-0.0826964870561695,0.0,-0.10446160853228072,0.0,-0.602965864577504,-0.3894052057893649,-0.9,-0.594855305466238,0.00044771346338343517
0.002151051625239296,0.54577204661353,0.0,0.0,-3.064806790183014,2.7750062988158217,-0.16739302139354464,2.75,0.7692307692307693,-0.4392922513727603,-0.15598333710004797,-0.03668998956351139,0.0,-0.05045166432610924,0.5455665323829691,-0.3840701361686251,-0.17861845215997818,-0.9,-0.3504823151125402,0.9132540628543193
-0.40224665391969344,0.4281331780093315,-0.25,0.5,1.0033593658337259,0.8551272360796168,0.5449884137098311,-0.75,0.6153846153846154,-1.1999999999999733,-0.1910857905502279,-0.08078543667101253,0.0,-0.10148214217937526,0.011569249527660013,-0.35618354784555106,-0.15789291273400724,0.0,-0.18006430868167203,0.2845538855132716
0.668977055449331,0.37454176325732863,0.75,0.5,2.1833099800541875,-0.07911312673217431,-0.35598326849497575,0.25,-0.15384615384615385,0.0429530201342548,-0.19361245995934798,-0.0826964870561695,0.0,-0.10446160853228072,0.0,-0.602965864577504,-0.3894052057893649,-0.9,-0.594855305466238,-0.0013431403901503045
0.02722192918836991,0.06452493621497923,0.0,0.25,-0.8211730297518,-0.08474296487432774,-0.36046069018741833,0.25,-0.15384615384615385,-0.26690250272751664,1.8859133632357947,1.1301357305455082,0.0,0.9023513113447451,-4.020289671632068,0.6211431217799046,0.6382137015956434,-0.9,0.3054662379421222,-0.84832942384854
0.8321128107074575,0.8663105940716891,-0.25,0.5,0.36722952789514157,2.9416578483245135,1.894425791526092,-0.75,1.7692307692307692,-0.4892617449664179,-0.16796385665000993,-0.058838494671482805,0.0,-0.07303488063157096,-0.04405998039951987,0.44636821488528255,1.1786430645600379,-0.9,1.4533762057877813,-0.5129517109050218
0.7722275334608034,0.039707111916676065,0.75,0.5,1.1077087398804324,3.539934492315443,1.196042107876246,1.75,1.6923076923076923,-2.1395973154362165,-0.0926483473628601,-0.02414402579041947,0.0,-0.03462443541959236,0.5878073825177074,-0.17543368774482362,-0.08152992550011151,0.0,-0.07395498392282958,0.9299008634473943
-0.38934034416825947,-1.6802216370170817,0.5,-1.0,0.0,0.10229276895943559,-0.4721128679705742,0.5,-0.15384615384615385,2.6757237308036318e-14,-0.18938043128763893,-0.07688131877443254,0.0,-0.09455535734618742,0.03058139179772899,-0.34722999440402896,-0.2366998244399304,0.1,-0.3536977491961415,0.2410617204988809
-0.18283938814531508,-0.6773846290784965,0.5,-0.25,-0.7919849927647549,0.3925422020660115,0.18686505332458306,0.5,0.38461538461538464,-1.2885906040268198,-0.016962335942941737,0.0022717535502027896,0.0,-0.006006376437545071,0.7602352856782824,0.20005595970900958,0.004475314820341692,-0.3,0.00964630225080386,0.23492165014390803
0.617351816443595,-1.3370269632099236,1.0,0.0,0.021404999804452745,-0.12446460065507678,-0.41910720028155307,0.25,-0.15384615384615385,0.06711409395975822,-0.19212383531876032,-0.079779678891712,0.0,-0.09956541541731506,-0.013242168869905117,-0.5509233351986569,-0.21744581444387537,-0.9,-0.3054662379421222,-0.22532779021426302
0.30760038240917814,-0.5970338684808892,0.5,0.0,0.3157237471156772,0.011589821113630645,0.12041368574881947,-1.0,0.07692307692307693,0.5530201342282147,0.5255016087555083,0.6160310094900403,0.0,0.7620696853531711,7.491854935896952,0.6863458310016789,1.4043608457237007,-0.9,1.4887459807073955,5.797953309881681
-0.053776290630974645,-1.6802216370170817,0.75,-0.75,-9.593393579452822e-16,-0.060972537163013325,-0.3448992655169234,0.25,-0.15384615384615385,-0.0429530201342016,-0.19361245995934798,-0.0826964870561695,0.0,-0.10446160853228072,0.0,-0.602965864577504,-0.3894052057893649,-0.9,-0.594855305466238,-0.0010873041253597702
-0.27318355640535297,0.7458310483007536,-0.25,0.5,1.5598893607494995,0.637440161249685,0.6318820732069429,-0.75,0.8461538461538461,0.8563758389262017,-0.190036338696327,-0.08041071078667032,1.0,-0.10148214217937526,0.012064732008006496,-0.29686625629546715,-0.13227020970927117,0.1,-0.18006430868167203,0.34953629677006753
0.10109942638623379,0.4934604150210875,-0.5,0.5,0.37993874652903653,0.9004787100025193,1.0550391997707151,-0.5,1.1538461538461537,4.102013422818819,0.33591014638855243,0.07605030108915918,0.7142857142857143,0.09584582684935666,1.0905809142013287,1.168718522663682,0.7130257361499508,-0.1,0.6816720257234726,-3.1059162136232827
0.33341300191204615,0.861415970819584,-0.25,0.5,-2.3224424787831306,2.124968505920886,1.3339731037128153,-0.25,1.3076923076923077,-5.420134228187893,-0.06808318902182103,-0.03941857018136176,0.0,-0.05079325919459521,-0.08990875910846266,-0.12562954672635693,-0.09223614155591123,0.1,-0.07395498392282958,-0.5144227694275666
-0.053776290630974645,-1.6802216370170817,0.75,-0.75,-9.593393579452822e-16,-0.07911312673217431,-0.35598326849497575,0.25,-0.15384615384615385,-0.150335570469772,-0.19361245995934798,-0.0826964870561695,0.0,-0.10446160853228072,0.0,-0.602965864577504,-0.3894052057893649,-0.9,-0.594855305466238,-0.0028781579788935098
-0.6474665391969404,-0.3008588335342466,-0.5,-0.25,-0.5993399945246788,0.1295036533131771,0.019327144018053685,-0.5,0.07692307692307693,1.1838926174496915,1.575843215315153,1.2478038281044588,1.0,1.226354044103693,-5.196055510401663,0.6561275881365417,0.8883383396322329,0.1,0.7395498392282959,-1.440422129836906
-0.38934034416825947,-1.6802216370170817,0.5,-1.0,0.0,0.10229276895943559,-0.4721128679705742,0.5,-0.15384615384615385,2.6757237308036318e-14,-0.1483491452171873,-0.022787426413006462,1.0,-0.025097734087372377,-0.48564741950003276,-0.34946838276440956,-0.25031543829733854,0.1,-0.36012861736334406,-0.047009913655260825
0.10109942638623379,0.9696187457003558,-0.5,0.5,0.8776049919825644,1.6714537666918614,1.4282123961506852,-2.25,1.2307692307692308,3.7503355704698262,0.12392657544325442,0.045454202543919846,1.0,0.020638023304361028,-0.5238848147844055,-0.0008393956351426812,-0.1353849324079036,0.0,-0.2829581993569132,-0.2999040614007037
-0.8797801147227527,-1.027665629748429,-0.25,-1.0,-0.12842999882671755,-0.07911312673217431,-0.03759569426960187,-0.5,0.0,0.10738255033559718,1.8197038863226909,1.1786324833750683,1.0,1.3329506205640111,-4.02972171827768,0.7227196418578624,0.7202580941321124,0.1,0.6913183279742765,-1.2149024624240492
-0.8539674952198847,0.037071204239074264,-0.75,-0.5,0.35853374672458493,-0.28772990677752575,0.22409998112879492,-1.25,0.15384615384615385,-0.6791946308724566,0.0894999918011574,-0.013293556319023795,35.857142857142854,-0.023598512164572816,0.47954712444630443,0.07526580861779524,-0.16806005503391327,0.8,-0.21543408360128619,0.3102654301247204
-0.31190248565965556,-0.23823841248691088,-0.25,-0.25,0.2194012479956403,0.2111363063744016,0.3765077061913893,-0.5,0.38461538461538464,0.955704697986604,-0.0845550202939178,-0.03964104348900141,0.0,-0.055101150036057235,-0.5359761856354414,0.08142137660884173,-0.09011581719296997,-0.3,-0.1864951768488746,-0.4850015989766552
0.4366634799235186,0.7854209528250234,-0.25,0.5,-2.065582481129699,2.19753086419753,1.2833593047864356,-0.25,1.3076923076923077,-3.7449664429529945,-0.07943894250615091,-0.04088957605779932,0.0,-0.05079325919459521,-0.19732989362444006,-0.12059317291550074,-0.09210477088485752,0.1,-0.07395498392282958,-0.42833386632555204
-0.31190248565965556,-0.23823841248691088,-0.25,-0.25,0.18729374828896136,0.22927689594356251,0.366114410191088,-0.5,0.38461538461538464,0.7463087248322418,-0.0817716914640067,-0.03906262391625427,0.0,-0.055101150036057235,-0.48248006106383917,0.11555679910464466,-0.014610188827949816,-0.3,0.00964630225080386,0.24835305404541078
-0.08062141491395745,0.03294897456107192,0.0,0.0,-0.8067009301303165,-0.15240110859158473,-0.004874163986860521,-0.5,-0.07692307692307693,-0.809395973154336,2.8509728461462234,1.466112509176072,0.0,1.3796352525904279,-2.5030276472183783,2.081152770005596,1.5874811725989963,-0.9,1.4887459807073955,-3.5491205628397844
0.20434990439770626,-0.3008588335342468,0.75,0.25,-1.1237624897337726,-0.07911312673217431,-0.35598326849497575,0.25,-0.15384615384615385,0.0966442953020401,-0.19361245995934798,-0.0826964870561695,0.0,-0.10446160853228072,0.0,-0.6024062674874089,-0.3886675178893162,-0.9,-0.594855305466238,-0.0019827310521266404
0.19789674952198896,-0.5435916533937533,0.75,0.0,1.7239538194779482,-1.371630133534895,-0.11405968081723718,-1.5,-0.38461538461538464,-0.24710189139716693,-0.1907084061426204,-0.08080253237023252,0.0,-0.10237408433597753,0.053099084724814304,-0.44105577317664607,-0.2758273729773508,-0.9,-0.5080385852090032,0.8334505916213628
-0.14037346573737064,0.16544971795660152,0.0,0.25,0.4512689663915055,-0.027032079259421787,-0.33494498437609244,0.25,-0.15384615384615385,-0.28179800822686235,2.1798840787146845,1.1721501866259465,0.42857142857142855,0.9023513113447451,3.204924629306611,0.6909128653176164,0.6832382939849438,-0.4,0.3054662379421222,0.8394390170935764
0.1699330783938817,-0.3122178386738723,0.25,0.0,0.3553693852983864,-1.0375409423028468,0.17266113092875665,-1.5,-0.23076923076923078,2.5526211897687623,-0.19081962522496318,-0.0809541351078632,0.0,-0.10237408433597753,0.016428042539101864,-0.470963128769508,-0.28837779409458847,-0.9,-0.5080385852090032,0.10999038633850189
-0.38934034416825947,-1.6802216370170817,0.5,-1.0,0.0,0.10229276895943559,-0.4721128679705742,0.5,-0.15384615384615385,2.6757237308036318e-14,0.1870590894151516,0.05083914552042578,1.0,0.033428853379891446,-1.6622931077606844,-0.05288192501398985,-0.13939354012472513,0.1,-0.2057877813504823,-1.0619123760793105
-0.9184990439770546,0.18653462866139384,-0.75,-0.5,-0.0989981240955946,-0.1063240110859158,0.2820592525703912,-1.0,0.15384615384615385,-2.0107382550335307,0.793357083835661,0.9223190003433901,1.0,1.3084127225111017,-7.056115388812465,0.44012311135982085,0.7711638463858942,0.0,1.1318327974276527,-2.5650783498560936
0.36878585086042115,-0.5483078006376078,0.5,0.5,0.10033593658337252,-0.08112874779541442,-0.3575227513197457,0.25,-0.15384615384615385,0.21572387344202118,-0.19022920293598308,-0.07790325709068492,0.0,-0.09764868865525486,-0.010427204271500425,-0.5124562167091544,-0.1648695105329906,-0.9,-0.2540192926045016,-0.13324500890858432
-1.5839483747609933,0.5344239904572599,-1.5,-0.5,-1.1558699894404534,-1.142877299067775,0.2858230756359349,-2.0,-0.23076923076923078,-2.222818791946282,-0.09814199967632395,-0.019481470181988064,0.2857142857142857,-0.040981895471970245,-0.8758471984547187,-0.030274202574146567,0.07561182117388066,0.1,0.1639871382636656,0.07160217460825063
0.6307743785850861,1.3353954155300234,-0.25,0.5,2.4080624780009408,4.0830637440161235,1.6519444276114998,0.0,1.7692307692307692,6.5597315436241885,-0.010163256779908128,0.06295957073510489,0.0,0.07829164610771625,1.193221708335684,0.14373810856183553,0.05949950623607554,0.3,0.01929260450160772,-0.013303485769107963
0.023661567877629273,0.5080002563948421,-0.5,0.5,0.2568599976534337,1.6805240614764418,1.2656971664114942,-0.5,1.1538461538461537,4.445637583892645,0.4078717444356594,0.05625636624707654,109.85714285714286,0.07111815386951076,0.12374275364007851,0.4479574706211528,0.04052624887088042,1.6,0.1607717041800643,-0.5866965142308926
-0.38934034416825947,-1.6802216370170817,0.5,-1.0,0.0,0.10229276895943559,-0.4721128679705742,0.5,-0.15384615384615385,2.6757237308036318e-14,-0.17248083431422384,-0.05176559199167931,0.0,-0.052842828405511064,0.14940927889888717,-0.33771684387241174,-0.2335693082598487,-0.5,-0.3536977491961415,0.012216181643748077
-0.8281548757170165,-1.048835268550985,-0.25,-1.0,-1.6299116302983978e-16,0.06601158982111363,-0.002780679343732672,0.0,0.15384615384615385,0.12885906040271158,2.808937736563345,1.329958229131322,1.0,1.307843397730292,3.335140525129613,1.189983212087297,0.8474192712543896,0.1,0.6463022508038585,0.7720498880716344
1.0948852772466542,0.038719120212974995,0.75,0.5,-0.9819543660292708,-0.07911312673217431,-0.35598326849497575,0.25,-0.15384615384615385,-0.11812080536910076,-0.19000211744022152,-0.078314594879602,0.0,-0.09770562113333586,0.03347703403502266,-0.2907106883044207,0.19248283501651778,-0.9,0.17041800643086816,1.5446754077390485
0.5399139579349911,-0.1395165775879797,0.75,0.5,0.7705799929603006,3.675988914084151,1.3103913706779364,1.75,1.6923076923076923,-5.49798657718118,0.07133991189452439,0.09581389010651244,0.0,0.10968041902303867,-1.6344848195223138,-0.20005595970900944,-0.1832235105337039,0.0,-0.35691318327974275,-0.29350815478094044
-1.0346558317399612,0.11824742420539154,-0.75,-0.5,0.1819424983378483,0.3018392542202065,-0.04175384900162362,-0.25,0.15384615384615385,0.2845637583892883,1.7071558785345033,1.3413049691726724,0.0,1.4374406953353323,-3.7638047955054934,0.8480693900391718,1.0260230181253167,0.0,1.1318327974276527,-0.02782219379597029
-0.41618546845124227,-0.11657909653798551,0.0,-0.25,-0.3250884345301283,-0.19956664147140332,-0.014070089785047351,-0.5,-0.07692307692307693,0.3322147651006978,2.483166892075427,1.5084730717423553,1.0,1.3796352525904279,-4.479409363572353,1.1988696138780077,1.104799938304934,0.1,0.7717041800643086,-0.6298049248480979
-0.898900573613766,-1.033712020154458,-0.25,-1.25,0.07166852613098025,-0.037456958091878705,0.07018811755527322,-0.25,0.15384615384615385,-0.6855225311600882,3.0140447362123397,1.3637783468085076,1.0,1.307843397730292,4.8407106596376925,1.3240170780741571,0.9148821353129727,0.1,0.6463022508038585,1.355859107314178
-0.38934034416825947,-1.6802216370170817,0.5,-1.0,0.0,0.10229276895943559,-0.4721128679705742,0.5,-0.15384615384615385,2.6757237308036318e-14,0.1947360578681441,0.048279347294049466,0.0,0.033428853379891446,-0.31183163261762686,0.08589815332960277,-0.015268366600749787,-0.3,0.00964630225080386,-1.006907579149345
0.7491805517618139,0.6387568750772075,0.25,0.5,0.678956313070736,-0.09984522909692976,-0.3756626444804483,0.25,-0.15384615384615385,0.025787681422977778,-0.1863514427263993,-0.07798938079289394,0.0,-0.09952746043192773,-0.021305005228971944,-0.11819489967223595,0.3604381093406674,-0.9,0.572347266881029,-0.922588105189034
-0.9055927342256207,-1.027665629748429,-0.25,-1.0,-0.05351249951113307,-0.060972537163013325,0.003876847348251958,-0.5,0.0,0.48322147651009384,1.5504681539129512,1.2478203917182509,1.0,1.3329506205640111,3.615186690244581,0.5330162283156127,0.7650318157698688,0.1,0.6913183279742765,0.8715701950751524
-0.9830305927342249,0.09160196509257644,-0.75,-0.25,1.0060349908092825,0.029730410682791624,1.2127671442419858,-2.0,0.6153846153846154,4.187919463087276,-0.19019603789148584,-0.0793209833631104,0.0,-0.09882529320226212,-0.021180544092660555,-0.25993284834918845,0.04687305176183532,0.0,0.1639871382636656,-0.8828269907259361
-1.3289196940726569,0.6148245852354863,-1.5,-0.25,2.323780291270907,-0.5202922650541696,1.3020162192144649,-2.0,0.6153846153846154,5.502684563758418,-0.1901246295370791,-0.07925595881228349,0.0,-0.09882529320226212,-0.005334428316633473,-0.24153329602686058,0.053066349406496495,0.0,0.1639871382636656,-0.2921969939238892
0.8883843212237099,0.0014187954053307497,0.75,0.5,-0.38796562145570723,2.7871000251952625,1.21676449271248,1.75,1.6923076923076923,-1.9919463087248048,-0.07185893427879057,-0.025853324536336524,0.0,-0.03462443541959236,0.004579217116750529,-0.12786793508673744,-0.09339529087207799,0.0,-0.07395498392282958,0.14716981132075482
-0.9055927342256207,0.12327811672086784,-1.0,-0.75,-0.9097124916892453,-0.5235575711766186,-0.11402044856081602,-1.0,-0.23076923076923078,0.6845637583892885,-0.18477196879876975,-0.07389362152732178,1.0,-0.09362546020419782,0.08258041339108,-0.053441522104085,0.3319055912151805,0.1,0.4405144694533762,1.9079629037416068
0.26836520076481907,1.405661512722169,-0.75,0.5,2.6669291943860416,2.724696397077348,1.795860490643729,-0.75,1.6153846153846154,2.5671140939597583,-0.15213812269318433,-0.04381316646573472,0.0,-0.05045166432610924,0.005616134081669175,0.3573251259093454,1.1599879046518808,-0.9,1.4533762057877813,2.599200511672531
-0.053776290630974645,-1.6802216370170817,0.75,-0.75,-9.593393579452822e-16,-0.07911312673217431,-0.35598326849497575,0.25,-0.15384615384615385,-0.08590604026842963,-0.19361245995934798,-0.0826964870561695,0.0,-0.10446160853228072,0.0,-0.602965864577504,-0.3894052057893649,-0.9,-0.594855305466238,-0.0023664854493124416
-0.6603728489483743,-0.14503949556303497,-0.25,-0.25,0.4468293709179522,0.6918619299571679,0.7053767525003645,-0.75,0.6153846153846154,0.8778523489933155,-0.19115993660512307,-0.0807833668405203,0.0,-0.10148214217937526,0.014678002509188737,-0.3589815332960268,-0.15753421062342424,0.0,-0.18006430868167203,0.40697153821554244
-0.8797801147227527,-0.01244436615192279,-0.75,-0.5,-1.2200849888538112,0.17485512723607952,-0.03450300631757902,-0.25,0.07692307692307693,0.4939597315436511,1.8293086522029578,1.2918739736176004,1.0,1.226354044103693,-3.332732373719749,0.7820369334079462,0.8800774735559806,0.1,0.7395498392282959,-1.0808442596738101
-0.9830305927342249,0.2658418485109859,-0.75,-0.5,0.5351249951113197,0.13857394809775755,0.23140634156753048,-0.75,0.15384615384615385,-1.7718120805368867,0.7933456767502924,0.922320772624354,0.0,1.3084127225111017,-1.5302337073268333,0.4434806939003918,0.7699779431190816,0.0,1.1318327974276527,-0.1246562200191878
-0.9314053537284886,-0.12488467222571104,-0.75,-0.5,-1.2414899886582635,0.11136306374401606,-0.16176932337940889,0.0,0.0,-0.3999999999999734,1.8303524005141745,1.392087406881587,0.5714285714285714,1.4260162447337459,-1.4316220382006712,0.7406267487409065,0.9386452126658987,0.1,0.7877813504823151,-0.41464662615925857
-0.31190248565965556,-0.23823841248691088,-0.25,-0.25,0.15518624858228217,0.26555807508188456,0.3288166272351712,-0.5,0.38461538461538464,0.3812080536913019,-0.05846131251350135,-0.016230922082439057,0.0,-0.006006376437545071,-0.16225719289195747,0.15249020705092337,0.010119142083900044,-0.3,0.00964630225080386,0.5031659737767832
0.020793499043977277,0.15411781645565098,0.5,0.25,1.5480401644291764,1.019400352733686,1.4628757288494536,0.5,1.3846153846153846,4.726749760306836,-0.11784068415684434,-0.0015037280294574575,0.0,0.009896762439746461,0.07229591720723706,-0.243559452009368,-0.11065719404624658,-0.5,-0.24758842443729903,0.22149938325186203
-1.060468451242829,-0.07049593030452639,-1.0,-0.75,-1.0809524901248684,0.22927689594356251,-0.09580995716491655,0.0,0.07692307692307693,-0.037583892617422905,1.8288295546174813,1.465282847420373,1.0,1.6307264584203136,8.449201676686835,0.7361499720201455,0.9664554828188986,0.1,0.909967845659164,1.601087304125361
0.07841560924734986,0.4406061043899207,0.0,0.25,0.38450930777571907,-0.0263405025309787,-0.3348687958630487,0.25,-0.15384615384615385,0.11810016868250887,2.195463302769042,1.1623078446492932,0.42857142857142855,0.7994363684669982,1.9512571455357666,0.712545149310678,0.6562026749680165,-0.4,0.3054662379421222,0.6948334242555353
0.19144359464627167,1.3851590341032163,-0.75,0.5,2.1538781053230633,2.823381204333584,1.7146006033648793,-0.75,1.6153846153846154,3.0174496644295568,-0.15364203282816577,-0.0444489284560946,0.0,-0.05045166432610924,0.09039092216729441,0.33939563514269727,1.1313517117563836,-0.9,1.4533762057877813,3.2099136552606353
-1.060468451242829,0.1357938793342641,-0.75,-0.5,-0.36388499667569824,0.3018392542202065,0.03319547488020916,-0.75,0.15384615384615385,-0.5208053691274905,1.3472224103599149,1.216216018365254,0.0,1.4374406953353323,-3.8290193471257217,0.7255176273083379,0.9364454793172565,0.0,1.1318327974276527,-0.14563479373201202
-0.3764340344168255,0.7157684404812953,-0.25,0.5,-2.1431756054208386,1.1997984378936757,0.7218684759173644,-0.25,0.9230769230769231,-2.5046979865771544,-0.07156805360189414,-0.04197562918326361,0.0,-0.062312597259650056,0.46530067119419166,-0.22411863458310008,-0.25858176452879195,0.1,-0.40514469453376206,0.2559002238567319
-0.38934034416825947,-1.6802216370170817,0.5,-1.0,0.0,0.10229276895943559,-0.4721128679705742,0.5,-0.15384615384615385,2.6757237308036318e-14,-0.17278882561917303,-0.051740644074693636,0.0,-0.052842828405511064,0.16429506438370517,-0.3354784555120312,-0.2344737628117218,-0.5,-0.3536977491961415,0.07438439398784784
0.15750478011472324,0.22709323461894057,0.5,0.25,1.7104888236593994,1.2552280171327788,1.471581045167048,0.5,1.3846153846153846,4.784276126558035,0.006697226565232349,0.0880484496040261,0.0,0.14207499905112536,1.1286164251110296,-0.16811747393728357,-0.09339987760782524,-0.5,-0.24758842443729903,0.3519301932477504
0.3656787762906314,-0.4735808316070146,0.5,0.25,-0.4904763271078808,-0.09142281251124784,-0.36654869686188746,0.25,-0.15384615384615385,-0.17836479650871798,-0.19038710657140798,-0.07859064161108802,0.0,-0.09764868865525486,0.01936450330140069,-0.5177871932208807,-0.24331740364902343,-0.9,-0.40514469453376206,0.10374223551114484
-0.9610420650095594,-0.8277371188041139,-0.5,-1.25,-0.26756249755566114,-0.1335348954396573,0.058336298182517676,-0.25,0.15384615384615385,-0.680728667305822,3.208351338440592,1.4649924469485431,1.0,1.3088112498576687,6.990798277646578,1.4441853717175483,1.0229370300210352,0.1,0.8327974276527331,2.002759376855957
-0.8281548757170165,-0.1307208540266268,-0.75,-0.5,-0.9953324909070566,0.17485512723607952,-0.03450300631757902,-0.25,0.07692307692307693,0.6765100671141207,1.8074754908076716,1.2961820985869792,1.0,1.226354044103693,-1.7193881400255586,0.7602126468942361,0.8875243885094521,0.1,0.7395498392282959,-0.6552606331947555
-0.38934034416825947,-1.6802216370170817,0.5,-1.0,0.0,0.10229276895943559,-0.4721128679705742,0.5,-0.15384615384615385,2.6757237308036318e-14,0.03647985900842485,0.1307596210250212,1.0,0.13655254867726876,2.204774498863901,-0.16144376049244538,-0.01793933408503056,0.1,-0.02572347266881029,1.0922289734569883
0.18741037284894882,0.6577305818801622,0.0,0.5,-1.3239709344544184,-0.03772990677752581,-0.3367423310558966,0.25,-0.15384615384615385,0.25761922100417955,3.0553101051804568,1.8236397248823262,0.42857142857142855,2.3402379777583784,-12.247209767215367,1.3083729714605483,1.3282299645701174,-0.4,1.4244372990353698,-4.019120595663349
0.9271032504780119,0.3634886255229042,0.75,0.5,2.1619049802497345,-0.07911312673217431,-0.35598326849497575,0.25,-0.15384615384615385,0.17181208053693947,-0.19361245995934798,-0.0826964870561695,0.0,-0.10446160853228072,0.0,-0.602965864577504,-0.3894052057893649,-0.9,-0.594855305466238,-0.0023664854493124416
0.8907743785850863,0.554189267013443,0.25,0.5,0.37267633588109694,-0.09859746367682873,-0.37419638571207936,0.25,-0.15384615384615385,-0.01917545541703926,-0.1860715315614908,-0.07793902541275445,0.0,-0.09952746043192773,-0.039943993735305224,-0.1002196936724076,0.3714661633612446,-0.9,0.572347266881029,-1.562273287952854
-0.15702676864244713,0.5275797451750905,-0.5,0.0,-0.9204149915914716,2.052406147644242,1.2002138475506523,-2.25,0.8461538461538461,-1.4630872483221224,0.1212573174670282,0.011959553520210709,3.4285714285714284,0.0561638896269025,-0.6917095258695036,0.5716284275321769,0.40439753877550594,0.0,0.5594855305466238,-0.8132395267029102
-0.02796367112810667,0.1017995952104257,0.0,0.0,-0.8187412425203215,-0.8138070042831945,0.22151242151784792,-1.5,-0.15384615384615385,2.037583892617476,-0.19165044127596803,-0.08116465983851423,0.0,-0.10237408433597753,-0.0015557084329158287,-0.5089535534415219,-0.29706329717871655,-0.9,-0.5080385852090032,-0.1192836584585866
-1.3423422562141483,0.7906274787202834,-1.5,-0.5,-2.0829740434708164,-0.8315847820609722,0.07627203745623205,-1.5,-0.23076923076923078,-1.467785234899302,0.03170850334049368,0.004319492101687409,0.2857142857142857,-0.023598512164572816,-1.4287277279055295,-0.047733631785114604,-0.14432723941673217,0.1,-0.21543408360128619,-0.7144227694275664
-0.07958891013384262,-0.053698337606207576,0.0,0.0,0.29966999726233945,-0.1698160745779793,0.13798213687081679,-1.0,0.07692307692307693,0.21476510067116766,-0.1863461465796211,-0.07490960235486355,0.0,-0.09337875279918018,0.0067502828236450626,-0.3500279798545046,0.012705337299794598,-0.9,-0.1382636655948553,0.15548448992644726
0.8052676864244747,-0.278507702073021,0.75,0.5,-1.4568777991905704,5.130138573948097,0.019219376718654493,5.0,1.7692307692307692,-0.25973154362413237,0.5449593586936606,0.18622505903393546,0.2857142857142857,0.11909325539909667,1.4819581300179134,0.22405148293228883,0.012117535958529269,0.1,0.0,0.036200831467860205
-0.10540152963671058,0.06454963447131645,0.0,0.0,0.04280999960890438,-0.18795666414714027,-0.08001421180386746,-0.25,0.0,0.4510067114094229,-0.1875895188847863,-0.07533452692852999,0.0,-0.09337875279918018,0.009312939523071476,-0.3998321208729713,-0.02445882379418214,-0.9,-0.1382636655948553,0.16738087623920705
-0.38934034416825947,-1.6802216370170817,0.5,-1.0,0.0,0.10229276895943559,-0.4721128679705742,0.5,-0.15384615384615385,2.6757237308036318e-14,-0.1069243147015229,0.0351079677500688,1.0,0.057093786768892096,0.9588305243466181,-0.33435926133184096,-0.23242295038374225,0.1,-0.36012861736334406,0.30463703229932865
0.20434990439770626,0.8336376765667326,-0.5,0.5,-0.7438237432047344,0.7462836986646508,0.7712966109073308,-0.5,0.9230769230769231,-2.134228187919437,0.15106403153488754,0.06373936602320211,0.0,0.09584582684935666,1.1306324146960027,1.150811415780638,0.779812030356799,-0.9,0.6816720257234726,-0.6698433002878161
-1.0346558317399612,0.16671226552757792,-0.75,-0.5,-0.23010374789786786,0.26555807508188456,0.11392945359597384,-0.75,0.15384615384615385,-1.0469798657717864,1.2850366844736023,1.2214786367619523,0.0,1.4374406953353323,-4.483170768208103,0.6796306659205372,0.9452925565742496,0.0,1.1318327974276527,-0.39686600575631625
-0.07958891013384262,0.3634886255229042,-0.5,0.25,-0.6635549939380396,1.245149911816578,0.8600915599856466,-0.5,0.8461538461538461,-3.7154362416107114,0.039405776405442045,-0.014546540066003854,1.0,-0.02171974038789995,0.04422847108168072,0.010352546166760011,-0.060467851932994934,0.2,-0.0707395498392283,0.8587783818356256
-0.38934034416825947,-1.6802216370170817,0.5,-1.0,0.0,0.10229276895943559,-0.4721128679705742,0.5,-0.15384615384615385,2.6757237308036318e-14,0.14305055406352468,0.05278876684393121,1.0,0.033428853379891446,-1.7888222843816368,-0.14689423614997196,-0.2069917718519313,0.1,-0.3987138263665595,-0.8037735849056613
-0.38934034416825947,-1.6802216370170817,0.5,-1.0,0.0,0.10229276895943559,-0.4721128679705742,0.5,-0.15384615384615385,2.6757237308036318e-14,-0.015142905826667899,0.03601808106850284,1.0,0.014603180627775459,-1.5925313056353427,-0.25265808617795177,-0.20766915709814976,0.1,-0.36012861736334406,-0.3989126958746405
-1.099187380497131,0.20464717706358243,-0.75,-0.5,0.8374706173492158,0.310909549004787,-0.09506406364646218,0.25,0.15384615384615385,1.065771812080564,1.7927147223408482,1.33968554783808,0.0,1.4374406953353323,2.0553039506260475,0.8559037493005036,1.0389551217150916,0.0,1.1318327974276527,1.4956827630316611
-0.07958891013384262,0.05151904677920804,0.0,0.0,0.1498349986311676,-0.20609725371630128,-0.06208053717165878,-0.25,0.0,0.7946308724832483,-0.18696212918951946,-0.07531017944526248,0.0,-0.09337875279918018,0.013239504985602174,-0.3947957470621152,-0.025363006573219174,-0.9,-0.1382636655948553,0.32484809721778074
0.5179254302103256,-0.7037123507373522,1.0,0.5,-7.611388083577113e-16,-0.07239438985470728,-0.35132427931690635,0.25,-0.15384615384615385,-0.07670182166823783,-0.1921679849639828,-0.07983285610831581,0.0,-0.09956541541731506,0.007335195705590173,-0.5534104333768575,-0.22049735962005837,-0.9,-0.3054662379421222,0.1255607839554115
-0.8539674952198847,-0.10606650930214341,-0.75,-0.75,0.2836162474089998,-0.49634668682287714,-0.024850554031967526,-1.0,-0.07692307692307693,0.17718120805371798,-0.18918080729369036,-0.07899366867345989,1.0,-0.0998690553004137,-0.004600528191174025,-0.29798545047565744,-0.14385437366424747,0.1,-0.2604501607717042,-0.0014710585225455753
-0.9184990439770546,0.055764716308151614,-0.75,-0.5,-0.31304812214012306,-0.3149407911312672,0.24218644364890668,-1.0,0.15384615384615385,-1.4657718120805099,0.3672967417799474,0.7756235508440642,1.0,1.3084127225111017,-5.849101419498317,0.13794068270844995,0.6614754026868697,0.1,1.1318327974276527,-2.694019827310525
-0.9572179732313569,-0.9615900690948206,-0.25,-1.0,-0.08561999921781303,-0.042831947593852344,-0.0066277293806319285,-0.5,0.0,0.06442953020136877,1.5503483795165818,1.2478450464258335,1.0,1.3329506205640111,-1.2676679510077395,0.5190263010632346,0.7693951926073116,0.1,0.6913183279742765,-0.38215542053086116
-0.08428211367981898,0.5097532524697896,0.0,0.0,-5.193752935506578,2.7607137130946646,-0.15914823145550497,2.75,0.7692307692307693,-0.8566198901769082,-0.15256250774920252,-0.03487464255690325,0.0,-0.05045166432610924,0.8170829399599306,-0.3773464923436942,-0.16973197279966923,-0.9,-0.3504823151125402,1.2913393609907844
-0.13121414913957855,0.8453238368473044,-0.25,0.5,-2.3010374789786776,1.5263290501385736,0.9197073662981868,-0.25,1.0,-3.5087248322147393,-0.09167304156385436,-0.04971303903805475,0.0,-0.06728470034539037,0.1668204267028904,-0.22691662003357574,-0.2567762740793076,0.1,-0.40514469453376206,0.2235369363607293
-0.5369885277246647,-0.0940235254487637,-0.5,-0.25,-1.0655676465154191,-0.04863693625598383,0.08397599574855472,-0.5,0.0,1.5704697986577452,1.8447397010060338,1.3121741066954358,1.0,1.226354044103693,-2.708193356519907,0.8118522663682148,0.940815515802861,0.1,0.7395498392282959,-0.518132395267029
-1.0346558317399612,0.11824742420539154,-0.75,-0.5,0.5030174954046421,0.26555807508188456,-0.021346486822052015,-0.25,0.15384615384615385,0.49932885906042956,1.8161220615169855,1.334928496024643,0.0,1.4374406953353323,-1.3938135282890716,0.8922775601566871,1.0276054896985647,0.0,1.1318327974276527,0.5213303485769115
0.16563097514340372,1.2211672012333716,-0.5,0.5,0.5592056198913276,1.3630637440161244,0.9962493691540983,-0.75,0.8461538461538461,2.9020134228188192,0.03983924564944459,0.09319837868063284,1.0,0.09833187839222682,2.0827392950620056,0.943200895355344,1.0148158633627669,0.1,1.0643086816720257,4.861976335145511
0.2430688336520082,0.9031809498300191,-0.5,0.5,0.01337812487778326,1.9798437893675982,1.2668931483484034,-0.25,1.3076923076923077,-0.2335570469798383,-0.02248336526128997,0.013078247699044698,1.0,0.020638023304361028,-0.2619930211939589,-0.16927811975377718,-0.16176116657342132,0.1,-0.2829581993569132,-0.3284298049248485
-0.38934034416825947,-1.6802216370170817,0.5,-1.0,0.0,0.10229276895943559,-0.4721128679705742,0.5,-0.15384615384615385,2.6757237308036318e-14,0.10592619473178022,0.14099030811369065,1.0,0.13655254867726876,1.4474162082327913,-0.12506994963626178,-0.014992705723703263,0.1,-0.02572347266881029,0.5863127598337068
0.19789674952198896,0.5397930036267626,0.25,0.5,2.4223961832271317,-0.10405643738977069,-0.3809569883622211,0.25,-0.15384615384615385,0.6543624161074089,-0.18515980970129833,-0.07688832281315737,0.0,-0.0996603028807834,0.2578735143969151,-0.108841634023503,0.14056877135344678,-0.9,-0.1639871382636656,6.902937548540367
-0.8023422562141485,-0.34423542469959495,-0.5,-0.5,-1.0916549900270944,0.03880070546737214,-0.05649975746498413,-0.25,0.0,0.5288590604027112,1.9238847969930923,1.4054496578151126,0.5714285714285714,1.4260162447337459,-6.893786271044328,0.8016228315612759,0.9799155794028777,0.1,0.7877813504823151,-1.8541093700031994
-0.0021510516252386995,0.8146444037375087,-0.5,0.25,0.27826499745788524,1.7893675988914077,1.3428804527823475,-2.25,0.8461538461538461,-2.985234899328832,0.1153769649595726,0.004330046090088298,1.8571428571428572,0.006006376437545071,0.4000914473425709,0.4367655288192501,0.41222596979156706,0.0,0.5594855305466238,-1.3900223856731706
-0.38934034416825947,-1.6802216370170817,0.5,-1.0,0.0,0.10229276895943559,-0.4721128679705742,0.5,-0.15384615384615385,2.6757237308036318e-14,0.10548702194509345,0.14107861629860569,1.0,0.13655254867726876,-2.7197859150352195,-0.13346390598768879,-0.0217534097511089,0.1,-0.02572347266881029,-0.994371602174609
0.617351816443595,-0.38241928185921586,0.5,0.25,0.6640414712063181,-0.06278659611992941,-0.34580357605833467,0.25,-0.15384615384615385,-0.9993898718730665,-0.19330104652878827,-0.0824635301003932,0.0,-0.10427183360534406,0.0036362020735104575,-0.5656966983771683,-0.3235322044181921,-0.9,-0.5241157556270096,0.18019594732098734
-0.5700286806883359,-0.1409874180754574,-0.5,-0.25,-0.9150637416403572,0.02066011589821111,0.07351090490462012,-0.5,0.07692307692307693,1.4362416107382823,1.8228237241709724,1.285776897612936,1.0,1.226354044103693,-4.5457986881701755,0.7904308897593731,0.9171396926078992,0.1,0.7395498392282959,-1.1474896066517433
-0.38934034416825947,-1.6802216370170817,0.5,-1.0,0.0,0.10229276895943559,-0.4721128679705742,0.5,-0.15384615384615385,2.6757237308036318e-14,0.10595471244520144,0.14098432892903007,1.0,0.13655254867726876,-0.5034395027593561,-0.12674874090654725,-0.015094036737949018,0.1,-0.02572347266881029,-0.3302206587783819
-1.099187380497131,-0.34381163842015994,-0.75,-1.0,-0.9230906165670285,0.10229276895943559,-0.16632942358182112,0.0,0.0,-0.7677852348993025,1.6408750090009032,1.3479587907978894,1.0,1.4260162447337459,-3.200566417913784,0.6337437045327363,0.8973510069803554,0.1,0.7877813504823151,-0.8049248480972185
0.1785372848948377,-0.42464424490585806,0.0,-0.25,1.0274399906137337,-0.006550768455530335,0.1357676286383763,-1.0,0.07692307692307693,0.4295302013423085,-0.18669406268335997,-0.07488855005680269,0.0,-0.09337875279918018,-0.04064288280992606,-0.36066032456631214,0.014646610346504784,-0.9,-0.1382636655948553,-0.6707387272145828
0.617351816443595,0.6637517267993308,0.25,0.5,2.129187595438333,-0.10579046433388166,-0.383307880136293,0.25,-0.15384615384615385,-0.019245953414896086,-0.18362455021170418,-0.07705492188742429,0.0,-0.09952746043192773,0.014456958874198615,0.11795977484446495,0.5362593982284644,-0.9,0.572347266881029,0.2207133317030044
0.3354780114722758,-0.24397755420518316,0.75,0.25,-0.9511846788103708,-0.04863693625598383,-0.3398107214187774,0.25,-0.15384615384615385,-0.14496644295299363,-0.19360059659056478,-0.0826805318243797,0.0,-0.10444263103958705,-0.00010788731426899159,-0.6023614997202014,-0.38861953499016366,-0.9,-0.594855305466238,-0.0049568276303166
0.6978871892925435,-0.21025831250588178,0.75,0.5,-1.6374824850406413,5.045240614764423,0.10331275435623737,4.75,1.7692307692307692,-0.9664429530201095,0.5448110665838702,0.1862887077935222,1.0,0.11909325539909667,-0.7515370374581138,0.20833799664241745,0.02138635031177623,0.1,0.0,-0.8514230892228983
-0.053776290630974645,-1.6802216370170817,0.75,-0.75,-9.593393579452822e-16,-0.07911312673217431,-0.35598326849497575,0.25,-0.15384615384615385,-0.05369127516775845,-0.19361245995934798,-0.0826964870561695,0.0,-0.10446160853228072,0.0,-0.602965864577504,-0.3894052057893649,-0.9,-0.594855305466238,-0.0021106491845219073
-0.38934034416825947,-1.6802216370170817,0.5,-1.0,0.0,0.10229276895943559,-0.4721128679705742,0.5,-0.15384615384615385,2.6757237308036318e-14,-0.13580705485453468,-0.002223907356169368,1.0,0.016633772345997645,0.19781738445187766,-0.34667039731393384,-0.2467254193423626,0.1,-0.36012861736334406,0.1322033898305085
-0.053776290630974645,-1.6802216370170817,0.75,-0.75,5.701829724870018e-15,-0.1335348954396573,-0.4721128679705742,0.25,-0.23076923076923078,2.8677142073620476e-14,-0.19361245995934798,-0.0826964870561695,0.0,-0.10446160853228072,0.0,-0.6035254616675991,-0.3913180951789943,-0.9,-0.5980707395498392,-0.0012152222577550375
0.617351816443595,-1.6802216370170817,1.25,-0.25,-6.336378724111102e-16,-0.07911312673217431,-0.35598326849497575,0.25,-0.15384615384615385,0.32214765100673814,-0.19335009699587277,-0.08217622913811376,0.0,-0.1035886438683721,0.0030634669483787734,-0.5923335198656966,-0.3549993825903493,-0.9,-0.5369774919614148,0.06095299008634476
-0.04134799235181619,0.1564064504754734,0.0,0.0,-0.7931316891828508,-0.4741748551272359,0.27177786671380844,-1.5,0.0,2.1236816874401048,-0.18654386939267487,-0.07548480141236326,0.0,-0.09337875279918018,0.030244600710857526,-0.3389396671433603,-0.035143637894192684,-0.9,-0.1382636655948553,0.35901137557677393
-0.0924952198852766,0.05837228270961563,0.0,0.0,0.09364687414447995,-0.19702695893172079,-0.07080710142049007,-0.25,0.0,0.6255033557047248,-0.1875895188847863,-0.07533452692852999,0.0,-0.09337875279918018,0.01493906317087666,-0.3998321208729713,-0.02445882379418214,-0.9,-0.1382636655948553,0.2605052766229614
0.5574296640262226,1.0872316163800833,0.0,0.5,2.5209198122531755,-0.11669006226829352,-0.40112742552318514,0.25,-0.15384615384615385,0.042979469038278505,0.5314300339798741,0.730464785877,0.0,0.8036303943522982,-4.937319278045489,-0.11507714445599164,0.309800648254843,-0.9,0.2090032154340836,-1.4048804233271
-0.06576072111444936,0.10809673553455455,0.0,0.0,-0.8245999385874867,-0.7736385559514809,0.21836565275174435,-1.5,-0.15384615384615385,1.895394584586927,-0.1917799931740816,-0.08120871925656936,0.0,-0.10237408433597753,-0.00259728719536461,-0.49440402909904857,-0.2794890884433399,-0.9,-0.4662379421221865,-0.016984440303033633
-0.9709847036328865,-0.3449439188451933,-0.5,-0.5,-0.12535853611840417,-0.4008062484252959,-0.023514670757946575,-1.25,-0.15384615384615385,-0.4611835671252655,4.841522551213655,1.4504246624594408,0.0,1.3088112498576687,3.5412615480859455,2.460119380712553,1.0804084239860101,0.1,0.8327974276527331,0.9339780226972865
-0.053776290630974645,-1.6802216370170817,0.75,-0.75,-9.593393579452822e-16,-0.07004283194759384,-0.349854631871383,0.25,-0.15384615384615385,-0.05637583892614791,-0.19361245995934798,-0.0826964870561695,0.0,-0.10446160853228072,0.0,-0.602965864577504,-0.3894052057893649,-0.9,-0.594855305466238,-0.0015989766549408383
0.9012906309751438,-0.07613421630309962,0.75,0.5,-0.5137199953068681,2.514991181657847,0.9003143181195863,1.75,1.3076923076923077,0.3221476510067388,-0.058723675476976565,-0.027681099327468837,0.0,-0.03462443541959236,-0.1972073549465049,-0.12283156127588125,-0.09611940802208695,0.0,-0.07395498392282958,-0.14358810361368732
0.9663384321223709,0.1126084184714959,0.75,0.5,0.3130481221401215,-0.058070042831947555,-0.34353829261585744,0.25,-0.15384615384615385,0.1691275167785499,-0.1935234846934738,-0.08260092924923765,0.0,-0.10434774357611873,-0.0007432237205197196,-0.5982876329043088,-0.3808363661455941,-0.9,-0.5819935691318328,-0.01503038055644389
-0.8703154875717011,-0.5352959946308592,-0.5,-0.5,0.019151998573642824,-0.17283950617283944,0.011003738735557812,-0.25,0.15384615384615385,-0.10306753962267133,4.554137385510293,1.3388021202615976,1.0,1.3088112498576687,3.7709455196140875,2.288434993471367,1.0049496294752778,0.1,0.8327974276527331,1.3889638951427021
-0.7696462715105157,-0.23835011728122457,-0.5,-0.5,0.06616144961804482,-0.3693625598387502,-4.2911549888330647e-05,-1.25,-0.15384615384615385,-0.4821464565400516,4.7342480389913195,1.3845683175783878,0.0,1.2645367594033476,-5.387265365411632,2.3922216004476775,0.9955515263453564,0.1,0.6945337620578779,-1.475632485087189
-0.824330783938814,-1.058555283418812,-0.25,-1.0,0.09555803484130651,-0.002519526329050129,0.038516209307502255,-0.25,0.15384615384615385,-0.30201342281876514,3.027055995771352,1.3594744705907231,1.0,1.307843397730292,10.248652669159746,1.3412609587763473,0.9054146377528343,0.1,0.6463022508038585,2.7529078532596305
0.6533051078940185,-0.14074155485023795,0.0,0.5,-0.1991890760743794,-0.06615556275420216,-0.34759616486549383,0.25,-0.15384615384615385,-0.10315072569177726,2.5639375792066765,1.8790446150351274,0.0,2.3402379777583784,11.866602168297495,1.1221520505236229,1.415066502400316,-0.9,1.4244372990353698,3.1607177908601565
-0.7894359464627145,-0.016183400709682903,-0.25,-0.25,0.853524367202555,0.292768959435626,0.9904209902721153,-2.0,0.6153846153846154,2.488590604026873,-0.19083483467212115,-0.07942042049107975,0.0,-0.09882529320226212,-0.019315825080603907,-0.4227756015668717,-0.3221180160769075,0.0,-0.4630225080385852,-0.11365526063319484
0.20434990439770626,-0.5600263277431956,0.0,-0.25,0.6475012440846969,0.011589821113630645,0.13982143861645158,-1.0,0.07692307692307693,0.48859060402687254,-0.18669406268335997,-0.07488855005680269,0.0,-0.09337875279918018,-0.04710546612885381,-0.36066032456631214,0.014646610346504784,-0.9,-0.1382636655948553,-0.7817716661336749
-0.06668260038240863,0.8121464714269909,-0.5,0.25,0.7304456183269521,1.925422020660115,1.4747182723334364,-2.25,1.0769230769230769,-0.6040268456375582,0.15636262268855022,0.016385336677239265,1.8571428571428572,0.006006376437545071,0.6526969402529758,0.39255735870173486,0.4173621329292408,0.0,0.5594855305466238,-1.760601215222258
0.5636615678776293,0.6894027641826055,-0.25,0.5,-0.9632249912003769,1.5078256487780293,1.449370540376675,-0.5,1.7692307692307692,-3.7993288590603753,-0.028254894174330206,0.05247204796063878,0.0,0.09584582684935666,1.4694791640008003,0.7984667039731392,0.8735895743867322,-0.9,0.6816720257234726,3.71736488647266
0.6576195028680689,-0.14823505600532424,0.75,0.5,-1.3003537381205112,5.045240614764423,0.1240629120594294,4.5,1.7692307692307692,-1.8724832214764806,0.5441289228788346,0.1865798669864518,1.0,0.11909325539909667,-2.2326920063586915,0.18273083379966426,0.03519919448839102,0.1,0.0,-1.3332267348896714
0.29469407265774417,-0.23470846051088698,0.75,0.25,-1.0836281151004246,-0.060972537163013325,-0.34489926551692335,0.25,-0.15384615384615385,-0.03221476510064422,-0.1936010528739795,-0.08268081552317624,0.0,-0.10444263103958705,-0.000122538677935151,-0.6018466703973138,-0.3881401646487906,-0.9,-0.594855305466238,-0.0026223217141029763
-1.74501912045889,-0.04834630043752516,-1.5,-1.25,0.547834213745214,-1.208909045099521,0.23847680333004392,-2.0,-0.23076923076923078,-1.1657718120805098,-0.1621448742618368,-0.05053935856467225,0.2857142857142857,-0.0565434394807758,-0.3043441198131437,-0.11175153889199772,0.08546719953657368,0.1,0.1639871382636656,-0.19865685960984983
0.681883365200765,-1.1365406780242142,1.25,0.5,0.318399372091235,-0.060972537163013325,-0.34489926551692335,0.25,-0.15384615384615385,0.3436241610738523,0.08357401095222784,0.45233424336402084,0.0,0.7940847155273846,3.2272665302821326,-0.19501958589815324,0.5164930180938321,-0.9,0.7877813504823151,2.2289094979213315
-0.13121414913957855,0.9369352702155157,-0.5,0.25,0.010702499902226324,1.7802973041068273,1.5335196177120851,-2.25,1.0769230769230769,-0.4805369127516503,0.18087644914543108,0.028832112651622156,1.8571428571428572,0.020638023304361028,1.2625293181873751,0.06911024062674884,-0.2081260004265044,0.0,-0.3022508038585209,0.10853853533738382
0.4882887189292546,-1.13342500232224,1.0,0.0,0.4495049958935085,-0.07911312673217431,-0.35598326849497575,0.25,-0.15384615384615385,-0.1932885906040002,-0.19212383531876032,-0.079779678891712,0.0,-0.09956541541731506,0.0006633071914315795,-0.5514829322887519,-0.2173780626761423,-0.9,-0.3054662379421222,0.009913655260633222
0.16563097514340372,0.6212602141583454,-0.5,0.5,-1.0354668655404062,0.72814310909549,0.7508830787517097,-0.5,0.9230769230769231,-1.0765100671140664,0.1781045274008885,0.0590520949365631,0.0,0.09584582684935666,0.8326156860734125,1.0898153329602684,0.7664386719218101,-0.9,0.6816720257234726,-1.3146786056923578
0.1450764818355648,1.1501195781229911,-0.25,0.5,0.14333705226196025,2.0500545897371287,1.7157473273496668,0.0,1.3846153846153846,3.844678811121792,-0.002419992036692566,0.08754070545997256,0.0,0.14207499905112536,-0.11246824388279393,-0.025855458144210194,0.0292964521857291,-0.5,0.01929260450160772,0.3692905112156795
0.13981835564053574,-0.10426891236185445,-0.25,0.0,0.4093706212601591,2.7508188460569403,0.4493933707254639,1.75,1.1538461538461537,-0.681879194630846,0.2589864662061531,0.050052514175514436,100.42857142857143,0.07111815386951076,-1.4371549258978733,0.6387800783435926,0.3860692326518527,1.1,0.5594855305466238,0.4060761112887758
0.617351816443595,0.11295000751060395,0.0,0.5,-0.41786178706134597,-0.047064751826656565,-0.3392885662385252,0.25,-0.15384615384615385,-0.08210465020788546,2.59206965166326,1.8407030828785784,0.0,2.3402379777583784,2.330532799519267,1.10458869613878,1.3646602237565422,-0.9,1.4244372990353698,0.1920663722937002
-0.9314053537284886,-0.12488467222571104,-0.75,-0.75,0.4495049958935085,-0.45099521289997463,0.046042951385059976,-1.0,-0.07692307692307693,-0.3785234899328592,-0.16685714122755924,-0.04953742538054101,1.0,-0.055423767411849546,-0.2822625168550145,-0.3007834359261331,-0.17135577686221204,0.1,-0.2958199356913183,-0.6271186440677972
-0.8764494541417372,-0.550512140345725,-0.5,-0.5,0.07889317594257085,-0.23243036760701882,0.10848115060173205,-1.25,0.15384615384615385,-0.6142563325394845,4.867415469760219,1.3775240149081422,1.0,1.3088112498576687,5.666810425628036,2.470648230048558,1.01826000706427,0.1,0.8327974276527331,1.7188671508299205
-1.0862810707456971,-0.28778401229243106,-0.75,-1.0,-0.3852899964801515,0.09322247417485507,-0.1914329673137285,0.0,0.0,-0.2818791946308457,1.8342194024540919,1.4814645233827617,1.0,1.4374406953353323,0.8313956270626668,0.7299944040290991,1.0019782748147206,0.1,0.7877813504823151,-0.004157339302845931
-0.286089866156787,-0.22884428561461836,-0.25,-0.25,0.23010374789786622,0.3381204333585285,0.503882550901445,-0.5,0.46153846153846156,0.3060402684564024,-0.04683178898032776,-0.0395248737064344,0.0,-0.055101150036057235,-0.5211596611425,0.1592053721320649,-0.03120987218837713,0.0,-0.0707395498392283,-0.7084745762711868
0.21725621414914026,-0.22378109954902933,0.75,0.5,1.1906531141226868,-0.09725371630133534,-0.3726654203351548,0.25,-0.15384615384615385,-0.032214765100644444,-0.19361245995934798,-0.0826964870561695,0.0,-0.10446160853228072,0.0,-0.602965864577504,-0.3894052057893649,-0.9,-0.594855305466238,0.00044771346338343517
-0.7378107074569783,-0.08002206197294515,-0.25,-0.25,0.6073668694513487,0.6011589821113629,0.7731029741447104,-0.75,0.6153846153846154,1.66174496644298,-0.1924888620505519,-0.08255695686373077,0.0,-0.10415796864918207,-0.00016249694247922163,-0.4406827084499159,-0.3548204864462983,0.0,-0.5080385852090032,-0.027182603133994215
-1.0862810707456971,0.18258703067631485,-0.75,-0.5,0.042809999608904414,0.31997984378936745,-0.05393879627605533,-0.25,0.15384615384615385,0.1610738255033826,1.3458934849144861,1.2164608462913657,0.0,1.4374406953353323,-0.9693528673432246,0.6807498601007275,0.944624846023293,0.0,1.1318327974276527,0.6272465622001925
0.617351816443595,1.187350384644882,-0.25,0.5,0.2054497749088107,3.4912236499538074,1.5171042486097175,0.0,1.6153846153846154,2.785234899328888,-0.05552504424272385,0.07618612015666226,0.0,0.14207499905112536,-0.6114946417394327,0.0037824618126801146,-0.016372160724704675,0.0,0.01929260450160772,-0.14420942025675032
-0.8764494541417372,-0.4867302727496713,-0.5,-0.5,0.20196653041298068,-0.37696990385162416,-0.02119292705548683,-1.25,-0.15384615384615385,-0.2343039618964879,4.944871787235227,1.3882879739509788,1.0,1.3088112498576687,5.612163712496208,2.5246222719641853,1.0316145981407134,0.1,0.8327974276527331,1.4673648864726576
-1.2669694072657736,-0.015162831318244491,-1.0,-1.25,-0.3424799968712468,0.22927689594356251,-0.10365674982090883,0.25,0.07692307692307693,-0.19328859060400003,2.929442186396053,1.6108386034021598,1.0,1.6307264584203136,-1.0166927552907385,1.2666480134303302,1.0768844141088763,0.1,0.909967845659164,0.03127598337064208
1.1077915869980883,0.022500774106951078,0.75,0.5,-1.113059989831551,-0.060972537163013325,-0.34489926551692335,0.25,-0.15384615384615385,-0.15033557046977175,-0.182861281999548,-0.07292534043188234,0.0,-0.09106349869055301,0.08154416239723707,0.07470621152770007,0.48177424531257057,-0.9,0.31189710610932475,2.426415094339624
0.7292065009560235,-0.4428156431392351,0.0,0.5,0.24367298884533414,-0.06366003191400015,-0.34625404006521154,0.25,-0.15384615384615385,0.09587727708535757,1.9284915695433882,1.8546217739352837,0.0,2.3402379777583784,16.845177042226464,0.8002342017451138,1.443206967722151,-0.9,1.4244372990353698,5.106144638859705
0.6350130824192415,0.6516391913184341,0.25,0.5,1.675082057065565,-0.10871093076606855,-0.3875243315529974,0.25,-0.15384615384615385,-0.04132815259622918,-0.1844027394565792,-0.07728335270786023,0.0,-0.09952746043192773,-0.0013259834628966826,0.04890584042647198,0.49681407485814755,-0.9,0.572347266881029,-0.3451803477353443
0.643164435946463,-1.447066768581527,1.25,0.0,0.12842999882671668,-0.060972537163013325,-0.34489926551692335,0.25,-0.15384615384615385,0.38657718120808043,-0.18647732806135872,-0.07270814741470605,0.0,-0.08918472691388014,0.08069171942029692,-0.4362059317291549,0.03543530933087322,-0.9,0.09967845659163987,0.9270866645346983
-0.1699330783938811,0.9440656180370397,-0.5,0.25,-0.2595356226289922,1.5807508188460566,1.5827849993443248,-2.25,1.0769230769230769,-0.7919463087248053,0.18736137717741652,0.028469092123526312,1.8571428571428572,0.020638023304361028,1.1767708908228902,0.07526580861779524,-0.19565765436933255,0.0,-0.2829581993569132,0.2941477454429169
-0.38934034416825947,-1.6802216370170817,0.5,-1.0,0.0,0.10229276895943559,-0.4721128679705742,0.5,-0.15384615384615385,2.6757237308036318e-14,-0.11679144354526509,-1.4845322138225162e-05,0.0,0.009896762439746461,0.583345376310286,-0.26161163961947387,-0.13587494005349793,-0.5,-0.24758842443729903,0.2161176846818038
-1.1895315487571696,-0.2025518816971623,-1.0,-1.25,0.7277699933513951,0.011589821113630645,0.05240225196116213,-0.5,0.07692307692307693,-1.3530201342281611,2.0619333441225347,1.4524948507791018,1.0,1.3329506205640111,-10.15222291155514,0.8256855064353664,0.9515112908078571,0.1,0.7106109324758842,-2.6314678605692374
0.16563097514340372,0.6212602141583459,-0.5,0.5,-0.4307756210646138,0.7644242882338118,0.8184853431377894,-0.5,0.9230769230769231,-0.06174496644292568,0.21874797256881146,0.06507237975173284,0.0,0.09584582684935666,0.9599600112910639,1.1284275321768324,0.747409839696489,-0.9,0.6816720257234726,-1.8681803645666795
-0.8797801147227527,-0.084629001989195,-0.25,-0.5,-0.48161249560018915,0.40161249685059197,0.6580395672940036,-1.25,0.6153846153846154,-2.370469798657692,-0.06532837790533116,-0.04428678334835433,5.857142857142857,-0.062312597259650056,-0.0023548737237973076,-0.17207610520425284,-0.23861008526639702,0.2,-0.3633440514469453,0.07464023025263858
0.04947418738049784,-0.7476021632748636,0.75,0.25,-0.5137199953068677,-0.07911312673217431,-0.35598326849497575,0.25,-0.15384615384615385,2.6711924015445895e-14,-0.19361245995934798,-0.0826964870561695,0.0,-0.10446160853228072,0.0,-0.602965864577504,-0.3894052057893649,-0.9,-0.594855305466238,0.0001918771985929005
0.11400573613766776,0.20344509223845453,-0.25,0.5,-0.28629187238455783,2.514991181657847,0.6285686790933059,1.5,1.1538461538461537,0.4778523489933154,0.330035497423781,0.05940174096646199,109.85714285714286,0.07111815386951076,-0.9196714250934286,0.6426972579742586,0.38331255088205973,1.7,0.5594855305466238,1.7851614966421505
-0.053776290630974645,-1.6802216370170817,0.75,-0.75,5.701829724870018e-15,-0.1335348954396573,-0.4721128679705742,0.25,-0.23076923076923078,2.8677142073620476e-14,-0.19361245995934798,-0.0826964870561695,0.0,-0.10446160853228072,0.0,-0.6035254616675991,-0.3913180951789943,-0.9,-0.5980707395498392,-0.0012152222577550375
0.3463193116634801,0.053153227272879466,0.75,0.5,1.6080506103095171,-0.08818342151675482,-0.36348357454533115,0.25,-0.15384615384615385,0.13154362416110052,-0.19361245995934798,-0.0826964870561695,0.0,-0.10446160853228072,0.0,-0.602965864577504,-0.3894052057893649,-0.9,-0.594855305466238,-6.395906619763371e-05
-1.008843212237093,-0.21023612387784346,-0.75,-0.5,-1.1398162395871125,0.12043335852859663,-0.17679945978494244,0.0,0.0,-0.6174496644295038,1.8303752146849113,1.3920824844032387,1.0,1.4260162447337459,-3.321418857085169,0.7322327923894795,0.9417146126491548,0.1,0.7877813504823151,-0.8908858330668363
0.34392925430210364,-0.5623113975579327,0.5,0.5,0.13855915051989603,-0.06366003191400015,-0.34625404006521154,0.25,-0.15384615384615385,0.23969319271335385,-0.19022920293598308,-0.07790325709068492,0.0,-0.09764868865525486,-0.019218022471196042,-0.5129950879810979,-0.16477662845881863,-0.9,-0.2540192926045016,-0.2456302252272833
-0.015057361376672686,0.7865689915284955,-0.5,0.25,0.607366869451349,1.843789367598891,1.3974173949847293,-2.25,1.0769230769230769,-2.185234899328833,0.13354274840888986,0.012739030503213266,1.8571428571428572,0.006006376437545071,0.6508988183484926,0.43956351426972584,0.411512990236055,0.0,0.5594855305466238,-1.5902142628717628
-0.053776290630974645,-1.6802216370170817,0.75,-0.75,-1.743470539956778e-14,-1.3126732174351217,-0.4721128679705742,-1.0,-0.6153846153846154,2.916633200696092e-14,-0.19361245995934798,-0.0826964870561695,0.0,-0.10446160853228072,0.0,-0.6035254616675991,-0.3913180951789943,-0.9,-0.5980707395498392,-0.0012152222577550375
-0.9055927342256207,0.12327811672086784,-1.0,-0.75,-0.9097124916892453,-0.5235575711766186,-0.11402044856081602,-1.0,-0.23076923076923078,0.6845637583892885,-0.18477196879876975,-0.07389362152732178,1.0,-0.09362546020419782,0.08258041339108,-0.053441522104085,0.3319055912151805,0.1,0.4405144694533762,1.9079629037416068
-0.7507170172084122,0.1345461873172724,-0.5,-0.5,0.5404762450624334,-0.2695893172083647,0.3118694485226554,-1.25,0.15384615384615385,-0.6684563758388996,0.07751684862156068,-0.011346854382115983,17.571428571428573,-0.023598512164572816,1.0323270922646792,0.015388919977616202,-0.21354654197499576,0.7,-0.36012861736334406,0.3802366485449315
0.9529158699808798,0.6014422774384174,-0.25,0.5,0.018060468585006706,3.1208868732678248,1.6925877227166557,0.75,1.7692307692307692,-1.6852348993288324,-0.16796385665000993,-0.058838494671482805,0.0,-0.07303488063157096,-0.0699769107828043,0.44636821488528255,1.1786430645600379,-0.9,1.4533762057877813,-1.0321714102974107
-0.38934034416825947,-1.6802216370170817,0.5,-1.0,0.0,0.10229276895943559,-0.4721128679705742,0.5,-0.15384615384615385,2.6757237308036318e-14,-0.15097847839462383,-0.03123879046505794,0.0,-0.03261282119406384,0.3632605829701491,-0.29294907666480124,-0.15521918466402168,-0.5,-0.24758842443729903,0.255516469459546
1.0561663479923522,0.1642578672305657,0.75,0.5,-0.2515087477023201,-0.07911312673217431,-0.35598326849497575,0.25,-0.15384615384615385,-0.05369127516775845,-0.19012759537927487,-0.07830597194897058,0.0,-0.09770562113333586,0.03863964181411663,-0.4412423055400111,0.00011871863338223696,-0.9,0.03858520900321544,0.8873041253597702
0.3721319311663487,0.5380706029623734,-0.25,0.5,0.15786187355783815,2.161249685059208,1.3554991870298403,-0.25,1.3076923076923077,3.7664429530201615,0.13051416724355624,0.0455782000665179,1.0,0.020638023304361028,-1.0879223576669967,-0.017627308337996615,-0.12897649100392453,0.1,-0.2829581993569132,-0.5861848417013116
0.6757107822761665,0.6796420266018147,0.25,0.5,1.0672095072958727,-0.11302814201364923,-0.394448383763604,0.25,-0.15384615384615385,-0.05431466694959795,-0.1855079737851539,-0.0776662651547444,0.0,-0.09952746043192773,-0.013065997145851034,-0.049378360623829,0.42923825870485394,-0.9,0.572347266881029,-0.7391840289408461
-0.286089866156787,-0.22884428561461836,-0.25,-0.25,0.18729374828896073,0.26555807508188456,0.4251714834473399,-0.5,0.38461538461538464,0.7463087248322412,-0.059351065172243415,-0.040550989157424694,0.0,-0.055101150036057235,-0.5003946830010978,0.1799104644655848,-0.03263383848859967,0.0,-0.0707395498392283,-0.732651103293892
-0.053776290630974645,0.22340056947612807,0.0,0.25,0.536255960062056,-0.047064751826656565,-0.3392885662385252,0.25,-0.15384615384615385,-0.26028921023356644,2.2733404770205454,1.1887523077463797,0.42857142857142855,0.9023513113447451,4.057302933343744,0.7398806192874463,0.69771936486895,-0.4,0.3054662379421222,1.0277886846522788
0.13413957934990503,-0.03712538895822954,0.0,0.0,-0.878942804470346,-0.08636936255983874,-0.004354143009014405,-0.5,-0.07692307692307693,-1.1838926174496378,2.526011448436053,1.4268126616342172,0.0,1.3796352525904279,8.61004301507178,1.8541801902630102,1.6030401310962803,-0.9,1.4887459807073955,1.6001918771985928
-1.2024378585086035,-0.14209147145285592,-0.75,-1.0,0.6555281190113678,0.22020660115898205,-0.18353607069783592,0.25,0.0,0.7543624161074093,1.2584923968211306,1.1530632531704017,0.0,1.4374406953353323,1.6392078863914243,0.40095131505316167,0.7444082018513851,0.0,0.77491961414791,0.6451551007355297
0.46247609942638657,0.6629557912190462,0.25,0.5,2.8380736347868254,-0.09725371630133534,-0.3726654203351548,0.25,-0.15384615384615385,0.12943432406522354,-0.18243351629822968,-0.0763888037222157,0.0,-0.09952746043192773,0.07076894066930285,0.28399552322327926,0.6419357266069365,-0.9,0.572347266881029,3.0948604321805497
0.379209584901006,0.5883462636826745,0.0,0.5,-1.290692358420467,-0.042246767285169705,-0.3378575854575375,0.25,-0.15384615384615385,-0.1076531716821559,2.7172803337455607,1.8288408080630814,0.0,2.3402379777583784,-4.301779957773567,1.171985847609076,1.3424076267825547,-0.9,1.4244372990353698,-1.7709342150056235
-1.2153441682600374,-0.23981005679536288,-0.75,-1.0,0.02140499980445158,0.13857394809775755,-0.1790917071873002,0.25,0.0,0.8000000000000269,1.2664146176095454,1.2797983747417232,0.0,1.4374406953353323,-2.2339067376008312,0.40878567431449364,0.8424960356470911,0.0,0.7781350482315113,-0.9267029101375128
1.0200286806883365,0.03437840377227278,0.75,0.5,0.14448374868005476,-0.058070042831947555,-0.34353829261585744,0.25,-0.15384615384615385,0.12080536912754344,-0.19355907479982348,-0.08262614857903919,0.0,-0.10434774357611873,-0.0003656181205782494,-0.5982876329043088,-0.3808363661455941,-0.9,-0.5819935691318328,-0.017620722737448042
-0.08295577354726041,0.9625707087630284,-0.75,0.25,-0.28613588239092347,2.317022138968308,1.410922000868988,-0.75,1.6153846153846154,-1.5828845796747502,-0.17343828554482674,-0.04868145545028298,0.0,-0.05045166432610924,-0.049322791818692806,-0.4498065740492931,-0.2190848607868529,-0.9,-0.3504823151125402,-0.08883977495509605
0.33341300191204615,-0.5242029001741108,0.5,0.25,-0.31572374711567996,-0.09725371630133534,-0.3726654203351548,0.25,-0.15384615384615385,0.05369127516781191,-0.1886903026228454,-0.07772770226036271,0.0,-0.09764868865525486,0.020962105579819625,-0.45187465025181855,-0.14615372524153578,-0.9,-0.2540192926045016,0.18285897025903433
-1.073374760994263,0.15964704549225583,-0.75,-0.5,-0.15786187355783893,0.3381204333585285,-0.06759939352387936,-0.25,0.15384615384615385,0.026845637583919578,1.3472281139025992,1.2162149549555472,0.0,1.4374406953353323,-2.3907375981677057,0.7260772243984331,0.9362165568945205,0.0,1.1318327974276527,0.38560921010553284
-0.38934034416825947,-1.6802216370170817,0.5,-1.0,0.0,0.10229276895943559,-0.4721128679705742,0.5,-0.15384615384615385,2.6757237308036318e-14,-0.04421956643094399,0.08571431787981952,1.0,0.13655254867726876,-1.5538090834078346,-0.21012870733072175,-0.029446135765500814,0.1,-0.02572347266881029,-0.9105852254557085
0.5011950286806885,-1.1407229013542408,1.0,0.0,0.43077562106461215,-0.07911312673217431,-0.35598326849497575,0.25,-0.15384615384615385,-0.22550335570467128,-0.19212383531876032,-0.079779678891712,0.0,-0.09956541541731506,-0.0007272404147020911,-0.5514829322887519,-0.2173780626761423,-0.9,-0.3054662379421222,-0.013879117364886466
-0.9055927342256207,-1.027665629748429,-0.25,-1.0,-0.06421499941335995,-0.08818342151675482,-0.01972882449262672,-0.5,0.0,0.49127516778526154,1.5348632611288595,1.106868927361264,1.0,1.3329506205640111,-3.0067714987593437,0.5481253497481814,0.6658984738066159,0.1,0.6913183279742765,-0.7572113847137845
-0.04134799235181619,0.1564064504754734,0.0,0.0,-0.7883537874407841,-0.5265810027714788,0.28179704846670883,-1.5,0.0,2.1812080536913023,-0.18656583859412532,-0.07548156260857486,0.0,-0.09337875279918018,0.03610038924106603,-0.33732305332753,-0.03559891738604553,-0.9,-0.1382636655948553,0.44992461967198194
0.2817877629063102,-1.6802216370170817,1.0,-0.5,-7.008108409098816e-15,0.10229276895943559,-0.4721128679705742,0.5,-0.15384615384615385,2.546765782576625e-14,-0.19361245995934798,-0.0826964870561695,0.0,-0.10446160853228072,0.0,-0.6035254616675991,-0.3913180951789943,-0.9,-0.5980707395498392,-0.0012152222577550375
-0.18283938814531508,0.15317241421228947,0.0,0.0,-1.1344649896359997,-0.22423784328546226,-0.03245330019962793,-0.5,-0.07692307692307693,0.300671140939624,3.6461550636408426,1.5760616088941823,1.0,1.3796352525904279,-6.221525764470575,2.1004476776720757,1.487133986998733,0.1,1.4887459807073955,-3.882763031659741
-1.060468451242829,-0.28615828187915016,-1.0,-1.0,0.6903112436936032,-0.03376165280927183,0.02433268070922065,-0.5,0.07692307692307693,-0.9530201342281615,2.108474252425966,1.3377429426756235,1.0,1.3329506205640111,-5.4367694237837485,0.8799664241745944,0.8621117236093472,0.1,0.7106109324758842,-1.5412216181643763
0.10109942638623379,0.9247906250693931,-0.25,0.5,-2.4080624780009408,1.8347190728143106,1.1691466696625537,-0.25,1.3076923076923077,-4.571812080536886,-0.08567861820271389,-0.04913958427980244,0.0,-0.06728470034539037,0.15298154774912717,-0.1463346390598768,-0.09762259922591798,0.1,-0.07395498392282958,-0.291973137192197
0.33341300191204615,-0.6033254285839681,0.5,0.0,0.27826499745788624,-0.006550768455530335,0.1260766996413686,-1.0,0.07692307692307693,0.2577181208053958,1.2300545329974897,1.0454085407611453,0.0,1.1632159259118686,14.073900146389956,1.0735870173475097,1.5096100548361937,-0.9,1.4887459807073955,6.775759513911102
-0.38934034416825947,-1.6802216370170817,0.5,-1.0,0.0,0.10229276895943559,-0.4721128679705742,0.5,-0.15384615384615385,2.6757237308036318e-14,0.0691383444184062,0.13609753827722013,1.0,0.13655254867726876,-2.539694016735092,-0.1530498041410184,-0.02098488309105991,0.1,-0.02572347266881029,-1.0085705148704833
0.16563097514340372,0.47593570848835753,-0.5,0.25,-0.9712518661270468,2.1521793902746276,1.0448497041107083,0.5,1.3076923076923077,-4.042953020134204,-0.01673989777825622,-0.0036552046009589983,1.0,-0.02171974038789995,0.71608673112569,-0.25041969781757123,-0.27092028385769923,0.1,-0.45980707395498394,0.34633834346018555
0.05807839388145383,0.5789622817795715,0.0,0.0,-6.78270931303598,2.7226001511715787,-0.14226617189692237,2.75,0.7692307692307693,-2.617449664429498,-0.1903665104450482,-0.08055481906439471,0.0,-0.10231715185789654,0.04389415360166194,-0.4612634458745258,-0.2721586443330058,-0.9,-0.4790996784565916,0.8094659417972501
0.9931835564053537,0.1604795685308941,0.75,0.5,-0.1143829677050456,-0.058070042831947555,-0.34353829261585744,0.25,-0.15384615384615385,0.26577181208056344,-0.1935234846934738,-0.08260092924923765,0.0,-0.10434774357611873,-0.0005634115300714007,-0.5913038612199215,-0.3663623598519388,-0.9,-0.5594855305466238,-0.04784138151582988
0.08293499043977073,1.0995770478922047,-0.25,0.5,0.014333705226196524,1.9015705047451072,1.7035671117654483,0.0,1.3846153846153846,3.7727708533077946,-0.002310146029440472,0.08752146027466857,0.0,0.14207499905112536,0.0517602233933379,-0.030705299591701266,0.03094278003893795,-0.5,0.01929260450160772,0.4990360455023077
-1.2669694072657736,-0.015162831318244491,-1.0,-1.25,0.5565299949157723,0.10229276895943559,-0.08231393050260769,0.0,0.07692307692307693,-0.5154362416107116,2.8076145146606,1.594281402460242,1.0,1.6307264584203136,-4.391280079178255,1.2213206491326243,1.0575033182860067,0.1,0.909967845659164,-0.8855132715062374
0.2817877629063102,-0.19533444436366595,0.75,0.25,-1.3003537381205086,-0.06750314940791129,-0.34835554198767943,0.25,-0.15384615384615385,0.12684563758391929,-0.1936065282749564,-0.08268496235102832,0.0,-0.10444263103958705,-7.192487617932771e-05,-0.6017795187465024,-0.38808569471103893,-0.9,-0.594855305466238,-0.004093380236648547
-1.008843212237093,0.19470692864339395,-0.75,-0.5,-0.10702499902226338,0.2111363063744016,0.18652387912553256,-0.75,0.15384615384615385,-1.4067114093959467,0.8216922838909853,0.9195169295568042,0.0,1.3084127225111017,-0.01984327417258654,0.4580302182428652,0.7659139652662346,0.0,1.1318327974276527,0.5904061400703554
-0.8023422562141485,-0.34423542469959495,-0.5,-0.5,0.1712399984356214,-0.07004283194759384,0.02069733258418203,-0.25,0.0,1.087248322147678,2.48194793093295,1.4892332204463514,0.0,1.4260162447337459,-4.263794568092548,1.1289871292669278,1.0508947590411208,0.1,0.7877813504823151,-1.103102014710587
0.565726577437859,-1.2139119001459724,1.0,0.0,0.25685999765343354,-0.09725371630133534,-0.3726654203351548,0.25,-0.15384615384615385,-0.23624161073822852,-0.19212383531876032,-0.079779678891712,0.0,-0.09956541541731506,-0.007679978445370439,-0.5514829322887519,-0.2173780626761423,-0.9,-0.3054662379421222,-0.13284298049248497
1.0200286806883365,-0.630247833794796,0.75,0.5,-0.9271040540303639,5.1867372134038785,0.039578975151115026,4.75,1.7692307692307692,0.525503355704725,0.5228163808597662,0.1917841491844453,0.2857142857142857,0.11909325539909667,4.156646481717618,0.29505316172355905,-0.01946132035092392,0.4,0.0,0.8478413815158299
0.617351816443595,-0.14540839671973782,0.75,0.5,-0.8561999921781144,5.054673721340387,0.21163970007670432,4.5,1.7692307692307692,-1.5463087248321878,0.5132675096978049,0.18825625324060924,1.0,0.11909325539909667,-3.60625735006113,0.14745383324006717,0.038056336804971454,0.1,0.0,-1.6994563479373213
-1.2153441682600374,-0.23981005679536307,-0.75,-1.0,0.36388499667569696,0.16578483245149905,-0.17058561858892476,0.25,0.0,0.8402684563758658,1.2645495591517977,1.2801067880457382,0.0,1.4374406953353323,-3.572143647677705,0.37185226636821483,0.8462172648915655,0.0,0.7781350482315113,-1.0484809721778068
-0.8281548757170165,-1.048835268550985,-0.25,-1.0,0.042809999608904296,0.0478710002519526,0.0071709331257232825,0.0,0.15384615384615385,0.016107382550362197,2.8645757954481454,1.349338501274614,1.0,1.307843397730292,6.27753659582415,1.2308337996642418,0.8766384975945966,0.1,0.6463022508038585,1.6489286856411902
-1.4765678776290623,0.7227685536628963,-1.5,-0.5,-1.944510450985761,-1.0296800201562102,0.18478797773544403,-2.0,-0.23076923076923078,-1.975167785234873,-0.03736596139984897,-2.1749163499740075e-05,0.2857142857142857,-0.023598512164572816,-1.3142233250280395,0.025595970900951403,0.07242479051152727,0.1,0.1639871382636656,0.16456667732651112
-0.0924952198852766,1.1945016212249893,-0.5,0.5,1.431459361922782,1.3721340388007053,1.4724945264335934,-2.25,1.0769230769230769,1.9865771812080821,0.15098988547999234,0.03889045312939269,1.0,0.020638023304361028,0.06377072632803422,0.04728595411303871,-0.15843875814702837,0.0,-0.2829581993569132,0.056987527982091384
-0.8703154875717011,-0.5352959946308592,-0.5,-0.5,0.019151998573642824,-0.17283950617283944,0.011003738735557812,-0.25,0.15384615384615385,-0.10306753962267133,4.554137385510293,1.3388021202615976,1.0,1.3088112498576687,3.7709455196140875,2.288434993471367,1.0049496294752778,0.1,0.8327974276527331,1.3889638951427021
-0.016491395793498682,0.13859421332819324,0.5,0.25,1.5050390487505894,0.9582598471487358,1.4655129442098378,0.5,1.3846153846153846,4.760306807286701,-0.11989480449245876,-0.0013209836330757413,0.0,0.009896762439746461,0.11211623059990591,-0.2893635101245621,-0.14662728600379063,-0.5,-0.24758842443729903,0.03441911462378366
-0.053776290630974645,-1.6802216370170817,0.75,-0.75,-9.593393579452822e-16,-0.07911312673217431,-0.35598326849497575,0.25,-0.15384615384615385,-0.11812080536910095,-0.19361245995934798,-0.0826964870561695,0.0,-0.10446160853228072,0.0,-0.602965864577504,-0.3894052057893649,-0.9,-0.594855305466238,-0.002622321714102976
-0.38934034416825947,-1.6802216370170817,0.5,-1.0,0.0,0.10229276895943559,-0.4721128679705742,0.5,-0.15384615384615385,2.6757237308036318e-14,-0.15089292525436016,-0.0006542700745547749,1.0,0.03337192090181045,-0.483180662635512,-0.37465025181869044,-0.27366995466151345,0.1,-0.41479099678456594,-0.12286536616565409
-0.38934034416825947,-1.6802216370170817,0.5,-1.0,0.0,0.10229276895943559,-0.4721128679705742,0.5,-0.15384615384615385,2.6757237308036318e-14,0.02625340697557531,0.053402431684499596,1.0,0.033428853379891446,-1.9102900808270071,-0.228035814213766,-0.20136018450488527,0.1,-0.36012861736334406,-0.44573073233130783
0.3812141491395796,-0.5180937103727679,0.5,0.5,0.1863381679405494,-0.11606617955824299,-0.3999278795505804,0.25,-0.15384615384615385,0.033557046979892625,-0.18970194210117297,-0.07784357206078509,0.0,-0.09764868865525486,-0.003729438024113285,-0.5000621774544548,-0.1630844535610018,-0.9,-0.2540192926045016,-0.036621133902873616
-1.436300191204588,0.7861616367242599,-1.5,-0.5,-2.197357011175859,-0.9542151675485007,0.1323646215844126,-1.5,-0.23076923076923078,-1.769798657718094,-0.01912603189563655,0.002598991780205552,0.2857142857142857,-0.023598512164572816,-1.3917463540699915,-0.08963626189143808,-0.14568143768511452,0.1,-0.21543408360128619,-0.5457627118644068
0.36878585086042115,-0.5483078006376078,0.5,0.5,0.13378124877782957,-0.08986310573612159,-0.36504522758829905,0.25,-0.15384615384615385,0.17737296260788873,-0.19022920293598308,-0.07790325709068492,0.0,-0.09764868865525486,-0.007496931538268554,-0.5124562167091544,-0.1648695105329906,-0.9,-0.2540192926045016,-0.09464114395358403
-0.15702676864244713,0.5275797451750905,-0.5,0.0,-1.434134986898339,2.0070546737213397,1.2147670025271973,-2.25,0.8461538461538461,-1.6966442953019865,0.07305667824248184,-0.020742243163745202,1.8571428571428572,-0.025477283941245682,-0.3761964051452164,0.5229434806939003,0.4029800117444704,0.0,0.5594855305466238,-0.7905980172689484
-0.824330783938814,-1.058555283418812,-0.25,-1.0,0.09555803484130651,-0.002519526329050129,0.038516209307502255,-0.25,0.15384615384615385,-0.30201342281876514,3.027055995771352,1.3594744705907231,1.0,1.307843397730292,10.248652669159746,1.3412609587763473,0.9054146377528343,0.1,0.6463022508038585,2.7529078532596305
0.6983500362629396,-0.110715147386174,0.0,0.5,0.011565817320445634,-0.06847898801921785,-0.3489209275043456,0.25,-0.15384615384615385,-0.139253479683909,2.468880327947804,1.855219411614041,0.0,2.3402379777583784,7.682472293807094,1.0676630067730544,1.3945131526666985,-0.9,1.4244372990353698,1.9512392462912418
-0.8023422562141485,-0.34423542469959495,-0.5,-0.5,-0.7063649935469439,0.011589821113630645,-0.03245330019962793,-0.25,0.0,0.6926174496644565,2.133079335565795,1.4164305833760593,0.5714285714285714,1.4260162447337459,-7.359417263892086,0.9129826524902069,0.9860300649870987,0.1,0.7877813504823151,-1.9279181323952694
0.036567877629063855,0.6418358124168192,-0.5,0.5,0.34515562184680093,1.408415217939027,1.3788098317166195,-0.5,1.1538461538461537,5.761073825503384,0.4714491347369277,0.06633500971783006,137.28571428571428,0.09584582684935666,0.7837973423377697,0.8324006715165081,0.4913314386375748,1.4,0.6816720257234726,-2.2983690438119626
-0.8174737917847952,-0.4450246410219352,-0.5,-0.5,0.40480360621567485,-0.24738273342542624,0.15733819154634585,-1.25,0.0,1.4196118623334812,3.9614762076348167,1.5438138069299887,0.0,1.4260162447337459,-8.28623409277646,1.9531771607201434,1.1156047071570643,0.1,0.7877813504823151,-2.5888210264642484
0.14546486615678822,0.33483445848464977,0.0,0.25,0.17643382983520609,-0.022990677752582504,-0.3345675647607575,0.25,-0.15384615384615385,-0.06476460863230184,1.892760208093755,1.139736473158629,0.42857142857142855,0.9023513113447451,4.353964008493542,0.5440682708449915,0.6407538893640937,-0.4,0.3054662379421222,1.1705052578666375
1.0025453215004754,0.6034073740291857,-0.25,0.5,0.014426197480384732,3.0337936475839005,1.6234334853515517,0.7150920963962613,1.7692307692307692,-0.790146430535046,-0.16724544496591773,-0.058918305246543116,0.0,-0.07303488063157096,-0.08597643729908809,0.5248125415686594,1.176630188280802,-0.9,1.4533762057877813,-1.061693592356669
0.6308932653475262,0.8274719185225238,-0.2963828793527661,0.5,0.4333294457675926,2.470759169495527,1.8579937624258893,-0.7036171206472339,1.6550575277470374,1.5678685333676055,-0.07447934828227826,-0.03381237171225979,0.1325225124364744,-0.041702186711180395,0.1875601894550597,0.5803869635897583,1.0922563750872287,-0.7515747860711487,1.3102007582679889,-0.5711402689929641
0.18451686889582464,0.9149299449457774,-0.25,0.5,-2.3946120668960904,1.9389396950694178,1.2357175594584309,-0.25,1.3076923076923077,-4.9072678367501155,-0.07875232964276184,-0.043838881907934994,0.0,-0.05544145062584136,0.03140493906654648,-0.14111030334194408,-0.09345090314882475,0.1,-0.07395498392282958,-0.45833847174741005
0.3253617115958626,0.7106794167225006,-0.47045879309458594,0.5,-1.128851290836881,0.996782415324365,0.8645068492587148,-0.3522939654729297,1.023062546449094,-1.729400763727542,0.12496673604366057,0.04698816435835607,0.0,0.07589006716124949,0.8316507698686713,1.0933820653762607,0.8166682315790279,-0.9,0.7728603171356833,-1.4218515972377812
0.06587338966706004,0.9182372137007404,-0.25,0.5,-2.399136884241334,1.7879574565892815,1.1361016994526205,-0.25,1.3076923076923077,-4.424454837398393,-0.08679771632437698,-0.049474995536897305,0.0,-0.06728470034539037,0.17079722048240495,-0.17094186403032902,-0.14602232523894917,0.1,-0.1743925143649276,-0.1671766499490211
-0.03169912458440121,-0.13424265519252043,0.0,-0.25,1.413405160170304,-0.06770373268628073,0.15174244135079268,-1.0,0.07692307692307693,0.4963902595363564,-0.18669406268335997,-0.07488856709482751,0.0,-0.09337875279918018,-0.019870896807864788,-0.3589815332960268,0.01421752325231388,-0.9,-0.1382636655948553,-0.3242862684782557
0.36871392629475036,0.848191105295903,-0.25,0.5,-2.267492080117762,2.1418183554021613,1.3219457978440317,-0.25,1.3076923076923077,-4.713130194790895,-0.0680232238969586,-0.039307443228728874,0.0,-0.05079325919459521,-0.14852089182614364,-0.11961111134468147,-0.09241142158354594,0.1,-0.07395498392282958,-0.4947826583956532
0.8107766584417206,0.8761784927990287,-0.25,0.5,0.3879634059545757,2.911668611378232,1.9332317053577048,-0.75,1.7692307692307692,-0.09720245072988631,-0.16796385665000993,-0.058838494671482805,0.0,-0.07303488063157096,-0.03719383508526896,0.44636821488528255,1.1786430645600379,-0.9,1.4533762057877813,-0.375395377908536
0.8664040732181242,0.8134140939178793,-0.25,0.5,0.29624499823235656,2.960195701603403,1.8399017557880537,-0.4552213955772728,1.7692307692307692,-0.5498001697673269,-0.1678193112018715,-0.05885455267219984,0.0,-0.07303488063157096,-0.052493630883057925,0.4621513244942174,1.178238071002344,-0.9,1.4533762057877813,-0.6233593544930928
0.459168514495506,0.7502565694888559,-0.25,0.5,-1.9662345325291861,2.221254992353034,1.2648492910427107,-0.25,1.3076923076923077,-3.492461657231674,-0.07620022288281948,-0.040091636109461724,0.0,-0.05079325919459521,-0.258337901583703,-0.11673328500183781,-0.0921338932308474,0.1,-0.07395498392282958,-0.42963577860762797
0.1997697249693577,-0.5360041927285898,0.0,-0.25,0.7149174019330489,0.008370963176583522,0.13910213242337222,-1.0,0.07692307692307693,0.4781109531190768,-0.18669406268335997,-0.07488855005680269,0.0,-0.09337875279918018,-0.04595874829310482,-0.36066032456631214,0.014646610346504784,-0.9,-0.1382636655948553,-0.7620700321073494
-0.018466424841764667,-0.2298553107529423,0.0,-0.25,1.1033997759528062,-0.07010974369081652,0.15260183881998468,-1.0,0.07692307692307693,0.5006810429794769,-0.18668978152008459,-0.07488915338333854,0.0,-0.09337875279918018,-0.01826194505341491,-0.35898015724310933,0.01420950748546882,-0.9,-0.1382636655948553,-0.2945802046913063
0.17443329613890776,-0.4921615259942974,0.0,-0.25,0.7746433419071943,-0.005930837456232019,0.1418614160675576,-1.0,0.07692307692307693,0.497924764277045,-0.18669406268335997,-0.07488855334795719,0.0,-0.09337875279918018,-0.0434149707634602,-0.36033604041287165,0.014563725626078347,-0.9,-0.1382636655948553,-0.7205666324483551
-0.013219207700894825,-0.14185982279687692,0.0,-0.25,1.4011210523996822,-0.06943998382065246,0.1514047249109003,-1.0,0.07692307692307693,0.5013252049235657,-0.18669406268335997,-0.07488856693305389,0.0,-0.09337875279918018,-0.02171890744248296,-0.35899747318074865,0.014221597373342497,-0.9,-0.1382636655948553,-0.3561337681371707
0.9671852398844958,0.6498158734169104,-0.25,0.5,-0.31930411027324124,2.936253793102581,1.583575403016435,0.75,1.7692307692307692,-1.5707678643622445,-0.1672736219507009,-0.05891282575772544,0.0,-0.07303488063157096,-0.11725950170161305,0.5195028371929187,1.1784099885868944,-0.9,1.4533762057877813,-1.6514246861687296
0.375435479621028,0.853026938071525,-0.25,0.5,-2.272162811713656,2.139734781786711,1.3231098237778893,-0.25,1.3076923076923077,-4.48586278777299,-0.07215633456592026,-0.04012499136720715,0.0,-0.05079325919459521,-0.17063763227246243,-0.1205282292907787,-0.0922214180260093,0.1,-0.07395498392282958,-0.46349461251363716
0.14086486552616997,-0.4550055009275954,0.0,-0.25,0.8329541146840316,-0.004634181735022648,0.1426662455844375,-1.0,0.07692307692307693,0.48498920205224694,-0.18669406268335997,-0.07488855386628421,0.0,-0.09337875279918018,-0.03994385143811503,-0.3602849685966569,0.01455067203353082,-0.9,-0.1382636655948553,-0.6609331319648148
0.9837338350614134,0.6277043270818718,-0.25,0.5,-0.18273537386522926,2.9781218639840468,1.597597025445199,0.75,1.7692307692307692,-1.2460782187760964,-0.16725460779297405,-0.05891592428478018,0.0,-0.07303488063157096,-0.10454635613974977,0.5225164245556095,1.177642708392413,-0.9,1.4533762057877813,-1.4093485091853994
0.04014254724417618,0.6315077784607557,-0.5,0.5,0.34367348241488543,1.3927139312278172,1.3759290656033571,-0.5,1.1538461538461537,5.748619438430737,0.466586774441747,0.0664191099059952,134.44676463546043,0.09584582684935666,0.7883172147544072,0.8511547030821907,0.5057655918121711,1.4,0.6816720257234726,-2.397695855539705
0.5903873754769307,1.3483299825815287,-0.75,0.5,1.944028818225652,2.7515762558392494,2.1088432526200895,-0.75,1.7692307692307692,3.0395359352603935,-0.1694144943167415,-0.05885721883961168,0.0,-0.07303488063157096,0.007114278543231857,0.3383311163832796,1.1622903427133553,-0.9,1.4533762057877813,0.2135194718473409
0.8895359745714967,0.7487083800669263,-0.25,0.5,-0.03232721651377379,2.839233289803516,1.7827826485875138,0.10650895893747248,1.7692307692307692,0.052468039606766825,-0.16754386527530804,-0.05888515281176303,0.0,-0.07303488063157096,-0.07266970116253393,0.49222763133247754,1.177466314940926,-0.9,1.4533762057877813,-0.9301671982140824
0.48140835776573804,0.8582892157647362,-0.25,0.5,-2.117043970063147,2.222166042030923,1.4599323882281587,-0.31228223305212566,1.4226748917885397,-5.092435061090184,-0.08563428255624296,-0.04102170540841028,0.0,-0.052580383656105324,-0.08981049911741427,0.20270675004692207,0.27136311125851287,-0.14912893220850265,0.3065474044985168,-0.3480032771314319
0.19120906768587714,-0.4968712909968769,0.12272856295765883,-0.25,0.8382956402538525,0.0023547055005809538,0.13757190942810085,-1.0,0.07692307692307693,0.45588801352113456,-0.1866114641468662,-0.07489306794829585,0.0,-0.09337875279918018,-0.04285099972229471,-0.3561275404839364,0.01458380214384994,-0.9,-0.1382636655948553,-0.6993426852201928
0.9464142405279952,0.6775692210446853,-0.25,0.5,-0.4907186083452921,2.883703007731395,1.5659761381041373,0.75,1.7692307692307692,-1.9783026639891699,-0.1672974876053795,-0.05890893663585303,0.0,-0.07303488063157096,-0.13321642949285434,0.5157203275295897,1.179373041719529,-0.9,1.4533762057877813,-1.9552670403135841
0.20593707281220652,0.912397887229218,-0.25,0.5,-2.3911582263088302,1.9657018075705286,1.2528118504295154,-0.25,1.3076923076923077,-4.993407263791233,-0.07697377459630597,-0.042477750203466884,0.0,-0.05240030219940518,0.00018609956372150904,-0.13976878131682458,-0.09237968137601346,0.1,-0.07395498392282958,-0.5010583068751777
0.12378053955473992,0.8200396494728612,-0.25,0.5,-2.1939871146906595,1.8026302635209899,1.0702025176126502,-0.25,1.1554622684454945,-3.4740174066559812,-0.08148193599540152,-0.04356012626317582,0.0,-0.05806039897759439,0.02592300303139522,-0.17264272746491477,-0.1734615997533929,0.1,-0.23781030751726917,-0.09240544841102999
0.5939435786673186,0.7095428798943496,-0.25,0.5,-1.0196416618678033,1.6060483618381374,1.5119491904671594,-0.5,1.7692307692307692,-4.126380828972765,-0.03817521753716453,0.05036594122973974,0.0,0.09584582684935666,1.3817430084338684,0.7883668586878595,0.872819891214311,-0.9,0.6816720257234726,3.597389111043084
0.6178661483348571,-1.4330205000766982,1.169987599742347,0.0,0.002472324791773395,-0.10305960475540539,-0.38098691479824714,0.25,-0.15384615384615385,0.11939128660361538,-0.19213546969713138,-0.07977889004144251,0.0,-0.09956541541731506,-0.015031006755590945,-0.5516843317280014,-0.2173542686364374,-0.9,-0.3054662379421222,-0.2541191113129441
0.23902360492743474,0.7263892030288253,-0.5,0.5,-1.1583463299342407,0.7462836986646508,0.771296610907331,-0.5,0.9230769230769231,-1.725533023236607,0.16276566904471965,0.06144566763708067,0.0,0.09584582684935666,0.9793085356761573,1.1688521747206846,0.7692548898227639,-0.9,0.6816720257234726,-1.2671260778227307
0.3060613869639668,0.8396638632271622,-0.25,0.5,-2.1988762708448575,2.056323905926632,1.2389075554635682,-0.25,1.3076923076923077,-4.066776153154665,-0.08186743476200999,-0.04410049310737358,0.0,-0.05721175577523034,-0.060988092562063334,-0.13061179475197052,-0.0942523189381652,0.1,-0.07395498392282958,-0.37526204163343574
0.7524502521612818,0.9031542597103529,-0.25,0.5,0.4446433818190933,2.829687362070311,2.039315007915547,-0.75,1.7692307692307692,0.9745657573731406,-0.16796385665000993,-0.058838494671482805,0.0,-0.07303488063157096,-0.018423928675168615,0.44636821488528255,1.1786430645600379,-0.9,1.4533762057877813,0.0006408663436470782
0.617351816443595,-1.6802216370170817,1.25,-0.25,-6.336378724111102e-16,-0.07997134009798598,-0.356692932629711,0.25,-0.15384615384615385,0.3183375292518092,-0.19337492126093758,-0.08222545491407242,0.0,-0.10367124205952696,0.0027736077604182644,-0.5933395313083569,-0.3582547935811084,-0.9,-0.5424537762844156,0.05522810039607443
0.1537956282324392,-0.39684878514441274,0.0,-0.25,1.0482011481630198,-0.014830739139079865,0.13769198715200173,-1.0,0.07692307692307693,0.43639201865777627,-0.1866935420259024,-0.07488862343089286,0.0,-0.09337875279918018,-0.03772500024277588,-0.36045598953153624,0.014593451695531754,-0.9,-0.1382636655948553,-0.6216243348177197
0.25308783354064657,0.7746739114433471,-0.5798284093976037,0.5,0.8185166926259371,1.5754368980488365,1.5021788937087315,-0.5798284093976037,1.3503468539017938,4.349935101270722,0.1952100093392319,0.029868187415711782,8.946163620240261,0.04191991382477887,0.6485132153515352,0.9188822824241132,0.8480546608636961,0.6655786335420458,0.9280876946035356,-2.4937553819890095
0.5857979825754185,1.3506415288216822,-0.7250309835254025,0.5,1.8181767032086582,2.7478022473123094,2.107660146617545,-0.75,1.7692307692307692,2.8900903354660312,-0.16933327531107809,-0.05885761052761697,0.0,-0.07303488063157096,0.0027384032021072896,0.3485017308927184,1.162410469964633,-0.9,1.4533762057877813,0.17088058002818213
0.21151889899896154,0.9117380659630975,-0.25,0.5,-2.3902582004309205,1.972675665567153,1.2572664000387952,-0.25,1.3076923076923077,-5.015854076690267,-0.07651030631320058,-0.042123057007207816,0.0,-0.051607818524144373,-0.007949123449897844,-0.1394191981476282,-0.0921005349324669,0.1,-0.07395498392282958,-0.5121905395719758
0.9240992964641479,0.6781833836853038,-0.25,0.5,-0.786035023914994,2.7958720864430915,1.6239441929447143,0.6066405279691784,1.7692307692307692,-3.555000975257415,-0.16314206173619877,-0.05763974015823396,0.0,-0.07303488063157096,-0.11885282896561104,0.7093582740517957,1.2449896841180599,-0.9,1.4533762057877813,-1.5173075080112268
0.07875320234238863,-0.31254405334372737,0.0,-0.25,1.1111705623798014,-0.0399442185988592,0.1435286428422447,-1.0,0.07692307692307693,0.4572041827094109,-0.18669196285118483,-0.07488884597741832,0.0,-0.09337875279918018,-0.02887494669587602,-0.3598362332673078,0.014432219398903804,-0.9,-0.1382636655948553,-0.4726584348431311
0.37937875414229383,0.8093005050363309,-0.3621113804945799,0.5,-0.6968533985908376,1.1744506376093846,1.1499734005328428,-0.5,1.3897768660183447,-3.192272068570261,0.04966609009417407,0.05823755125638886,0.0,0.09584582684935666,1.429592132669429,0.9652573204967376,0.8275549792230152,-0.9,0.6816720257234726,1.9818649412303069
0.12002077159619486,0.5309326927489804,-0.5,0.5,0.09684209129941695,0.9503371011204887,1.0997966118000273,-0.5,1.0861821296081389,3.507303458888459,0.3230029324613262,0.06960857319855111,9.28922985768258,0.09584582684935666,0.9535810688632518,1.171143389287414,0.714600029624694,0.7256152250944515,0.6816720257234726,-3.1966819214158804
0.8674049729789192,0.8073173097801907,-0.25,0.5,0.0664805192644195,2.9168552268507932,1.7845487119982788,-0.25700318194512606,1.7692307692307692,-1.0232864861345834,-0.16774745833673285,-0.058861220543751896,0.0,-0.07303488063157096,-0.07511001276472459,0.4687475668050427,1.1789884476525028,-0.9,1.4533762057877813,-1.0202638826789183
0.7560044180879608,0.805684048469038,-0.25,0.5,-1.3770886420489503,2.166863236030303,1.7252455158130804,-0.5,1.7692307692307692,-5.163774021960302,-0.10577162462041058,-0.014326775921792038,0.0,-0.007595970822188408,0.5260168808654577,1.0508549397781226,1.2060247800326884,-0.9,1.2006573294485183,1.2996535094865251
0.1841936330472035,0.8902791443977648,-0.25,0.5,-2.3232557076175175,1.9245605133811385,1.1974286271792676,-0.25,1.3076923076923077,-4.367064040447773,-0.08413351557219621,-0.04709667211168591,0.0,-0.06320099947017391,0.06623551223563304,-0.13996039639291163,-0.09625624438648078,0.1,-0.07395498392282958,-0.3257395269100651
0.6377845451057345,-1.4956611292208393,1.25,-0.05210523906853787,-0.10166249565696439,-0.10065269254784365,-0.3782028690246549,0.25,-0.15384615384615385,0.21377038595970926,-0.19239295836473794,-0.08027825182862988,0.0,-0.10040394053839374,-0.011874386674519068,-0.5599970508158997,-0.24606122977637224,-0.9,-0.35371803489305115,-0.20099967842900823
0.7929782335565212,0.6925096823127244,-0.3025954643013615,0.5,-0.686449065562648,2.4202025406958807,1.394159579337443,0.48702267849319236,1.5912153515953917,-2.0223166394741092,-0.09757725797153335,-0.033643785518503694,0.0,-0.03750544374556372,0.09292619414453307,0.6525750305535205,1.0930858866368616,-0.9,1.2910236471726462,-1.9050961401852096
0.3954637823226523,0.7961613832468746,-0.25,0.5,-2.09413438041681,2.1503766884716766,1.2630041618173957,-0.25,1.3076923076923077,-3.776062214999125,-0.08034460705318779,-0.04174290187833586,0.0,-0.05229737927561604,-0.16002130005319806,-0.13034155885970883,-0.10716421706711261,0.1,-0.10416150679747622,-0.37836447210009105
0.21332352392737158,0.8436438864260085,-0.25,0.5,-2.220359829064789,1.9419122032628622,1.1730158556902204,-0.25,1.3076923076923077,-3.913533902542868,-0.08434847077604365,-0.045515380670622496,0.0,-0.05894696255335605,0.004916727872706694,-0.1734383202004437,-0.17374071103798308,0.1,-0.23770190155744658,-0.15745415221731307
0.614380331700862,-1.3299406128405917,1.0,0.0,0.03495749752036173,-0.12289837589271911,-0.4164340690148725,0.25,-0.15384615384615385,0.04965331575336679,-0.19212383531876032,-0.079779678891712,0.0,-0.09956541541731506,-0.012922016086092449,-0.5509555449132717,-0.21744191473613572,-0.9,-0.3054662379421222,-0.2200044792463022
0.188429830881487,0.8501334723616252,-0.25,0.5,-2.2376114658029045,1.9134206937444425,1.1607168653945799,-0.25,1.3076923076923077,-3.9323225988056505,-0.08489569166719899,-0.04603097744151039,0.0,-0.05985578241809933,0.027459336930998224,-0.17932849273857487,-0.18283993390932265,0.1,-0.2559532954319767,-0.12726163057338558
0.8774742155167097,0.7781752779859831,-0.25,0.5,-1.3069036270811305,2.600715990172398,1.7765059470344002,-0.058469498626622984,1.7692307692307692,-5.297758659423907,-0.15081533678064704,-0.051199989008292306,0.0,-0.06461979007269256,-0.008819344208793836,1.0327220983861647,1.335079038611225,-0.9,1.4533762057877813,-0.4245115547870461
-0.17545515348118376,0.8607597319394242,-0.25,0.5,-2.331127333623937,1.430920164283632,0.8758394472822144,-0.25,1.0345525591512925,-3.2971004443140743,-0.084219679624221,-0.04673186985566831,0.0,-0.06568429237935934,0.2491785952696464,-0.22598594709106043,-0.2566214587383919,0.1,-0.40514469453376206,0.23593179243073342
0.8105346777590111,0.8423570103236004,-0.25,0.5,-1.4767462441291892,2.342512622266674,1.8421711924271778,-0.5,1.7692307692307692,-5.777552531745816,-0.12313018483406322,-0.01625790785753407,0.0,-0.003991608594249858,0.3814826332641305,1.0216380496231996,1.1928849386575444,-0.9,1.1825736237540228,1.1412977713368606
0.5747919964920044,-1.2412066449592938,1.0292667541069014,0.0,0.21175524730609957,-0.09831554864988505,-0.3739985583075988,0.25,-0.15384615384615385,-0.18690061321035165,-0.19212583840893566,-0.07977954307541188,0.0,-0.09956541541731506,-0.008631441910090435,-0.5514829322887519,-0.2173780626761423,-0.9,-0.3054662379421222,-0.14889617417465875
0.5090222766152339,1.2482114722309163,-0.714252079486791,0.5,1.6835380066422336,2.4618592692598797,1.931961550888806,-0.714252079486791,1.6812358879674856,3.011525589571763,-0.10469490997611744,-0.04097871314555951,0.0,-0.04888634420260018,0.13480655513689996,0.45353559420939604,1.1008093934138257,-0.9,1.3430289270331812,-0.22280077242522286
0.08570933808884319,0.5288463698146646,-0.5,0.5,0.37164334109667774,1.0216161669079302,1.1322550532519287,-0.5,1.1538461538461537,4.497681690197617,0.36823475409740936,0.07373330738733021,33.28511943972808,0.09584582684935666,1.017416293948131,1.0885102908014552,0.6601540031843854,0.25773405242379166,0.6816720257234726,-2.913324799236638
0.6129555724065759,1.304542132915914,-0.75,0.5,2.035127419380534,2.765170948414369,2.1048975426571173,-0.75,1.7692307692307692,3.1236846784892283,-0.16943016666667518,-0.05885484980240272,0.0,-0.07303488063157096,0.012675702259248354,0.32980400332220683,1.1635340141142188,-0.9,1.4533762057877813,0.2711754146705514
0.16432585456246904,0.6551874334024582,-0.5,0.5,-0.42455259483454083,0.7644242882338118,0.814769282025562,-0.5,0.9230769230769231,-0.3028105675087989,0.2113412527588029,0.06509829847257116,0.0,0.09584582684935666,1.0024895851138578,1.1326716288244034,0.7497888545874467,-0.9,0.6816720257234726,-1.6947033950134027
0.8549626734099963,0.8462808063442819,-0.25,0.5,-1.5268599332356123,2.5092933307049488,1.8437571447392642,-0.41589319388500257,1.7692307692307692,-5.7271468570833015,-0.1449082620559478,-0.04768213308705871,0.0,-0.059234083653837394,0.05223324203566416,1.1468896670786566,1.3616507545291385,-0.9,1.4533762057877813,0.018181752451746164
0.27152986863224815,0.7022974864361233,-0.5747577171352201,0.5,0.9450054591373545,1.4685424297957337,1.365942428948617,-0.5747577171352201,1.3378651498713108,3.8742281638967393,0.18478573141393528,0.03571131998126817,0.5006922367565143,0.04534528221153658,0.7725343424757466,0.9112942770405437,0.8486988117787613,-0.339224694832704,0.9124353969447305,-2.05168656828642
0.7574374337056597,0.900847705004432,-0.25,0.5,0.43979697780427723,2.836697143738801,2.0302443875495437,-0.75,1.7692307692307692,0.882924544273148,-0.16796385665000993,-0.058838494671482805,0.0,-0.07303488063157096,-0.02002884378665471,0.44636821488528255,1.1786430645600379,-0.9,1.4533762057877813,-0.03151199780393597
-0.06720479809236829,-0.13593086490846878,0.0,-0.25,1.2639241913516763,-0.09402215275104701,0.1556962007938023,-1.0,0.07692307692307693,0.5104367229222166,-0.18668937516943135,-0.0748892136837989,0.0,-0.09337875279918018,-0.012120804081972414,-0.35852162279838246,0.014091581905318278,-0.9,-0.1382636655948553,-0.1918937545280392
0.9553473530598509,0.6762133065638191,-0.25,0.5,0.11212821675583562,3.0082784302966457,1.6984795329334665,0.30936334073474425,1.7692307692307692,-0.7068222699763721,-0.1674443951065651,-0.05889620326033521,0.0,-0.07303488063157096,-0.0743684899615566,0.503088911271125,1.1771876152098557,-0.9,1.4533762057877813,-0.9097302029640344
0.15377457795283553,0.929472798348542,-0.5,0.5,-0.4234332951017308,0.761472858550659,0.7792273408383119,-0.5,0.9230769230769231,-2.3342607298593863,0.14815516562103584,0.06481809612369883,0.0,0.09584582684935666,1.3359615730187944,1.1638420680400483,0.7705700261318318,-0.9,0.6816720257234726,-0.2471982505086051
0.677874501945064,1.1673828621603355,-0.707581142957404,0.5,2.1148457896398853,2.8025620992809386,2.0901743707122886,-0.75,1.7692307692307692,3.140928297307236,-0.16934268392718718,-0.05884788208946778,0.0,-0.07303488063157096,0.0231608411305188,0.31960773978196233,1.1677452541843634,-0.9,1.4533762057877813,0.3845077513003831
0.9130068457320148,0.671962493103284,-0.25,0.5,-0.9576751953268532,2.7452010038679524,1.6699396826482618,0.5033401053747062,1.7692307692307692,-4.593274216045884,-0.16014205974689755,-0.05672613000373025,0.0,-0.07303488063157096,-0.10467168355971838,0.8497959789582954,1.292039792644262,-0.9,1.4533762057877813,-1.128776350282378
0.3144123112791293,0.7548435199937362,-0.59356769893903,0.5,1.047002149972824,1.6909320825428922,1.5451992639681005,-0.59356769893903,1.3841666435422277,4.371251809677024,0.16574733358415603,0.02270826693629869,8.22386954149099,0.032638710072613306,0.6051291553023306,0.8591287241149381,0.8753040728793542,0.5391771697609232,0.9704983632844657,-2.1880804452138447
0.21436709951011693,0.67954931155666,-0.5,0.5,-0.9191140421270608,0.7530073657316239,0.7887867439385927,-0.5,0.9230769230769231,-1.0788548388341521,0.18437425620634593,0.06262146652084699,0.0,0.09584582684935666,0.9610262885084723,1.155193730734704,0.7603830415858759,-0.9,0.6816720257234726,-1.5337572726467383
0.5867070633995727,-1.255695981424482,1.0,0.0,0.16987012476240232,-0.11199837965294535,-0.39379872928713267,0.25,-0.15384615384615385,-0.14896112029446976,-0.19212383531876032,-0.079779678891712,0.0,-0.09956541541731506,-0.009940451430403247,-0.5510280920160842,-0.21743313128363667,-0.9,-0.3054662379421222,-0.16892119601386055
0.09769529538567019,0.5012874283149473,-0.5,0.5,0.43893145406002265,0.8069875497587994,0.8853753300312044,-0.5,1.1538461538461537,3.279155405297621,0.29307449308178535,0.06619096087788676,7.24201673344453,0.09584582684935666,0.9125947149135903,1.0990296779093904,0.7237777044533847,-0.778671727982875,0.6816720257234726,-2.6164409997611306
0.6422610629140001,-1.4441342529005614,1.2465002659557176,0.0,-0.12374801091837301,-0.1063240110859158,-0.3840532391514685,0.25,-0.15384615384615385,0.18004871626192256,-0.19214070641622297,-0.0797785349741467,0.0,-0.09956541541731506,-0.015713179132940416,-0.5514829322887519,-0.2173780626761423,-0.9,-0.3054662379421222,-0.26838464247484056
0.8585951837779313,0.8220434802790243,-0.25,0.5,0.1415548473280539,2.923046569425234,1.811976725652261,-0.38006727788841244,1.7692307692307692,-0.8899808144215202,-0.1678014766626364,-0.05885554760870872,0.0,-0.07303488063157096,-0.06735916322149613,0.4631611317390554,1.1789022315625166,-0.9,1.4533762057877813,-0.8936263233804511
0.6651327271726963,0.8602936944896183,-0.25,0.5,-1.8484222534612738,2.3546816684088157,1.6593187411371388,-0.40593510361727103,1.5955724989857312,-5.459504030285117,-0.11451273817510384,-0.04393161776078528,0.0,-0.05526765621644426,-0.011777017985587238,0.6871651358914682,0.8184298713771219,-0.5237404144690843,0.8787032053788264,-0.11334099013046417
0.6270250678524897,-1.491362230117125,1.2291248208253327,0.0,-0.04879387953977283,-0.09876846853169667,-0.37483649241096645,0.25,-0.15384615384615385,0.20575544303084825,-0.19213951719710745,-0.07977861560723166,0.0,-0.09956541541731506,-0.016620847098990917,-0.5519490758626762,-0.21732242063892532,-0.9,-0.3054662379421222,-0.2808679714024149
0.15862364502829115,0.9096735079109945,-0.25,0.5,-2.383019084340718,1.901423397298615,1.2043991859823695,-0.25,1.3076923076923077,-4.633433201770373,-0.08138881744174778,-0.04689922749443306,0.0,-0.0636095318241345,0.08730966921101965,-0.14034865806632166,-0.0964708147707516,0.1,-0.07395498392282958,-0.3392376608112965
0.28211865807160685,0.8833385033065062,-0.25,0.5,-2.3519810942457937,2.060882047832658,1.302121655919978,-0.25,1.3076923076923077,-5.25179437171134,-0.0715942013556938,-0.040451865903556324,0.0,-0.05079325919459521,-0.057408285377322905,-0.1315603234506662,-0.092049554522628,0.1,-0.07395498392282958,-0.5184899128901856
0.6376892952917458,-1.474594465133106,1.25,0.0,-0.10232364175491063,-0.1024761924079387,-0.3792222757722714,0.25,-0.15384615384615385,0.2068730689280604,-0.19214094594681302,-0.07977851873316119,0.0,-0.09956541541731506,-0.016390609882953724,-0.5517203256906809,-0.21734968890929768,-0.9,-0.3054662379421222,-0.27859946267608204
0.1325235285198358,0.911739266412924,-0.25,0.5,-2.3759907281011805,1.8686948061132727,1.1798421821086802,-0.25,1.3076923076923077,-4.494381612373608,-0.08509429993529981,-0.048367007186879474,0.0,-0.06574034919815018,0.12017641741335014,-0.14392406363422366,-0.09710587879797769,0.1,-0.07395498392282958,-0.30474272152082016
-0.10538146443556828,0.8541603436245567,-0.25,0.5,-2.3129383894137714,1.5606212442284524,0.9474443888205047,-0.25,1.0342146099403542,-3.6269374576999365,-0.09100647677821837,-0.04964927231272061,0.0,-0.06728470034539037,0.16528157820529235,-0.21795610663005824,-0.23907878613583883,0.1,-0.36831723254812354,0.166213514078185
0.6300677608182156,-1.3912353338072556,1.1231562760727147,0.0,-0.05240748202264783,-0.11552809082667118,-0.40183873902403744,0.25,-0.15384615384615385,0.125303368023645,-0.19213226444368928,-0.07977910736848491,0.0,-0.09956541541731506,-0.01450591019000429,-0.5511990067735258,-0.21741243822222997,-0.9,-0.3054662379421222,-0.2473202636901198
0.5790724881578212,-1.2387144685424272,1.0,0.0,0.20392703452812924,-0.1065299728957556,-0.3844512293738304,0.25,-0.15384615384615385,-0.1823698185016179,-0.19212383531876032,-0.079779678891712,0.0,-0.09956541541731506,-0.009117889402160793,-0.551476578822178,-0.2173788319056455,-0.9,-0.3054662379421222,-0.15741565810554584
0.5931570987880666,-1.2793277787152249,1.0,0.0,0.1317534902570817,-0.11171193012462438,-0.39734176587652414,0.25,-0.15384615384615385,-0.07505678535658082,-0.19212383531876032,-0.079779678891712,0.0,-0.09956541541731506,-0.010635389134649113,-0.5511855963301588,-0.21741406185691334,-0.9,-0.3054662379421222,-0.1819837999153499
0.10836610154593555,0.4252005812133915,-0.44369672431816265,0.457772543238622,0.4336084943989964,0.7316182237811073,0.8176520584169017,-0.5281516378409187,1.0932118569580211,2.9943243559426245,0.25670666469342074,0.05823911567238535,0.0,0.0851918631756253,0.8651865834970837,1.0318964055265019,0.6960527873865614,-0.9,0.635506960453799,-2.5301686352037915
0.617351816443595,-1.6802216370170817,1.25,-0.25,-6.336378724111102e-16,-0.08019084025841533,-0.3568744392312518,0.25,-0.15384615384615385,0.3173630369288292,-0.1933812704164988,-0.0822380450998591,0.0,-0.10369236771071338,0.0026994721890162988,-0.5935968329093975,-0.359087410810344,-0.9,-0.5438544131602099,0.05376387919478121
0.34254048982179747,0.8633147755806518,-0.25,0.5,-2.306692194668175,2.1159168397511734,1.3196372562558465,-0.25,1.3076923076923077,-4.870723123546749,-0.06755797372847083,-0.03940054421831344,0.0,-0.05079325919459521,-0.1269681967727449,-0.12177583583502999,-0.09237895079306364,0.1,-0.07395498392282958,-0.5063615626168086
0.617351816443595,-1.4574161191501127,1.087697424470984,-0.08769742447098411,0.013896346389842827,-0.11173753678627184,-0.3995950054143346,0.25,-0.15384615384615385,0.14245147874020098,-0.19264602950669465,-0.08080286514650745,0.0,-0.10128294952089527,-0.008596952452703033,-0.5691793183565785,-0.27776739738226525,-0.9,-0.4069809415098209,-0.14612806948958784
0.12896456502095094,-0.44831972951884275,0.0,-0.25,0.8017451707463958,-0.01605155257176545,0.14414542514833015,-1.0,0.07692307692307693,0.492681156307161,-0.186692614239489,-0.07488875417997362,0.0,-0.09337875279918018,-0.037346851791591064,-0.36009187438000084,0.01449872554993616,-0.9,-0.1382636655948553,-0.6169404179587797
0.9674546010422369,0.6494559642127405,-0.25,0.5,-0.31708118364068827,2.936935278867654,1.5838036326885276,0.75,1.7692307692307692,-1.565482897396369,-0.16727331245763008,-0.058912876192389274,0.0,-0.07303488063157096,-0.11705257008171024,0.5195518892950632,1.178397499582282,-0.9,1.4533762057877813,-1.6474844170040857
0.7485309899459808,0.9144629115125056,-0.26891372576272904,0.5,0.5144928899227401,2.8273900782677392,2.042939083009687,-0.75,1.7692307692307692,1.0794858441548092,-0.1680208492979721,-0.05883888269238821,0.0,-0.07303488063157096,-0.016435788949849997,0.4411286789023047,1.178192612875059,-0.9,1.4533762057877813,0.021902206060600893
0.21080974063644403,-0.6085918540747621,0.31256471023814797,-0.25,0.5457277661838325,0.016129664033405548,0.1403627651627327,-1.0,0.07692307692307693,0.4966581928028504,-0.18648370099572104,-0.07490005620835714,0.0,-0.09337875279918018,-0.04626650787530365,-0.34911624461347623,0.01448665061756896,-0.9,-0.1382636655948553,-0.7435871956576796
0.5082025646675014,0.992304553674483,-0.6785719784295348,0.5,1.748047146295262,2.2211180881538204,1.7413602596059836,-0.6785719784295348,1.5934079469034703,3.283317792197534,-0.04015393598542974,-0.023125686966209966,0.0,-0.024783621364438485,0.282067136223061,0.5381467602668947,1.0438752119414498,-0.9,1.2328909945091748,-0.45291484231067763
0.3003553314557099,0.9046536945613802,-0.25,0.5,-2.2828045284809093,2.0465870893348566,1.3403882336139359,-0.28285021795263493,1.3683388639125569,-5.142635855871915,-0.08490142561624885,-0.0424280823626057,0.0,-0.05173586232862155,-0.005416420719570894,0.033445128857037654,0.0999944823396226,-0.03140087181053974,0.1267376659485735,-0.43874967666860026
-0.041029535736245716,0.8902443401383343,-0.25,0.5,-2.3612811035805983,1.6460466986208346,1.0287723653116603,-0.25,1.2388935881478607,-3.956850724075995,-0.08988402683666184,-0.05012651593904604,0.0,-0.06728470034539037,0.20168699967554776,-0.227351093543078,-0.25712018527672764,0.1,-0.40514469453376206,0.1427928898901587
-0.08062868743901114,-0.14217901090725382,0.018388730279694343,-0.25,1.2181639094162224,-0.09258356257950819,0.15634307289235966,-1.0,0.07692307692307693,0.5058827638301279,-0.18667619295534088,-0.07489000119957566,0.0,-0.09337875279918018,-0.010185335615620572,-0.35782509996853806,0.014076289625071783,-0.9,-0.1382636655948553,-0.15678800968115048
0.8419787906239834,0.8628995574750876,-0.25,0.5,-1.588472542839984,2.4816065958743576,1.852317111967531,-0.4969613813275459,1.763621011681623,-5.818594857560229,-0.14269800814021072,-0.04679239490651861,0.0,-0.05787956140295383,0.06559203502714037,1.1577983225392787,1.350161357673704,-0.8878455253101837,1.4348122974994766,0.11450206623810877
0.2407363144964812,0.7110872674493339,-0.5,0.5,-1.201548914308566,0.7457372828226125,0.7706817313677624,-0.5,0.9230769230769231,-1.6597392139127551,0.16455175144854325,0.06111403497537149,0.0,0.09584582684935666,0.957767449012075,1.1685128314899875,0.7679755056070311,-0.9,0.6816720257234726,-1.3361418659444106
0.20212176362779122,0.8389518740601212,-0.5,0.5,-0.7276565798346446,0.7470666449131873,0.771747229852763,-0.5,0.9230769230769231,-2.1476685900302206,0.15082402124483066,0.06380796108160966,0.0,0.09584582684935666,1.141418147921107,1.1516567414204086,0.7794289359498364,-0.9,0.6816720257234726,-0.647522158744333
1.0051449802259285,0.6009780680488154,-0.25,0.5,-0.0372319840619878,3.0154517418838775,1.6139158446438393,0.75,1.7692307692307692,-0.7815348406434536,-0.16722832778544983,-0.05892020684704155,0.0,-0.07303488063157096,-0.08987729788392182,0.5266815892557359,1.1765822286397019,-0.9,1.4533762057877813,-1.1356124291264837
0.6557418799526116,0.7506440124221411,-0.25,0.5,-1.1347745186530553,1.8064972969139483,1.6396571653165517,-0.5,1.7692307692307692,-4.793815244506235,-0.058420211711484905,0.04606788390458355,0.0,0.09584582684935666,1.2026946152147269,0.7677555034443339,0.8712491529659876,-0.9,0.6816720257234726,3.352547407220097
0.8487574067649194,0.8616428510116888,-0.25,0.5,-1.5762093189753459,2.484462105904592,1.859099101520421,-0.5,1.7692307692307692,-5.825732680524833,-0.14300840887266958,-0.04623438644809714,0.0,-0.056884648585169645,0.07333951124215443,1.1714203268599581,1.3645594979291962,-0.9,1.4479471095454408,0.14450187434702721
0.6183042577666619,-1.6678042556484973,1.25,-0.23155085881615028,-0.004936298292908431,-0.08885277811299426,-0.3641611632225503,0.25,-0.15384615384615385,0.2785112977168005,-0.1935038672802629,-0.08248115101792478,0.0,-0.10410028630011514,-0.0012679765421405125,-0.5992078973749739,-0.3767052577591886,-0.9,-0.5734993864109779,-0.021009221828405724
0.1070551353784151,-0.30504042042031493,0.0,-0.25,1.1815582516547078,-0.046739741473313244,0.143861986582875,-1.0,0.07692307692307693,0.48900448691560483,-0.18669406268335997,-0.07488855949338573,0.0,-0.09337875279918018,-0.033640616686787944,-0.35973051882864904,0.01440895862100584,-0.9,-0.1382636655948553,-0.5567442860758908
-0.0011906769407494244,0.8995660165164632,-0.25,0.5,-2.3690208196909164,1.6963948593876559,1.067032863536702,-0.25,1.3076923076923077,-4.075440059123801,-0.0890639885559149,-0.04995838673940202,0.0,-0.0667784549180741,0.19917114238278313,-0.22419517868116828,-0.2521506327466074,0.1,-0.39497801018896206,0.10272117173733308
0.18588476356490588,0.7323544068944998,-0.5,0.5,-0.5945304188776244,0.7549349849382082,0.7938010190389141,-0.5,0.9230769230769231,-1.145856471676094,0.18334264892902638,0.06437508314408921,0.0,0.09584582684935666,1.0492383775715253,1.1401364934341387,0.7643593557772873,-0.9,0.6816720257234726,-1.2413328296532211
0.1943295509665814,0.6555841187175816,-0.5,0.5,-0.7183367964009828,0.7577013610344515,0.8009971347085111,-0.5,0.9230769230769231,-0.6606765633357368,0.1985067917574299,0.0636291439567945,0.0,0.09584582684935666,0.9605878953907938,1.1441889778968775,0.7550491918799025,-0.9,0.6816720257234726,-1.6712532066279366
0.055624348543727054,0.9055781199553751,-0.25,0.5,-2.3818868528962143,1.7715924811000938,1.121538161647352,-0.25,1.3076923076923077,-4.375863665531412,-0.08531165474657254,-0.047663378580463475,0.0,-0.06226715775472791,0.1423469773629292,-0.2005754296919806,-0.2068943525736309,0.1,-0.3043797908855806,-0.07614654196166892
-0.027964294342241847,-0.1604026505270767,0.0,-0.25,1.2779755606169119,-0.08900807340305372,0.15390904944158554,-1.0,0.07692307692307693,0.5193409202073108,-0.18669095163504038,-0.07488899622838606,0.0,-0.09337875279918018,-0.01746119244759293,-0.3586762960631044,0.014133937449284043,-0.9,-0.1382636655948553,-0.2837151448931127
0.680115639596594,0.6968950777398406,-0.34311047997898414,0.5,-0.7932260085772807,2.0766499070750566,1.2663241026010765,0.2844476001050793,1.4540876062249768,-1.9516192966809418,-0.043864672433611696,-0.014182687392644805,0.0,-0.010136625700612606,0.27122265699959736,0.7589669629370902,1.0263705074724525,-0.9,1.1659612193574764,-1.7884616115219671
0.17043951093544443,0.8484647677490086,-0.25,0.5,-2.276022983513772,1.8867224579460182,1.1539590282063332,-0.25,1.1797890190532616,-3.9542154753990637,-0.08225160716674888,-0.044470072314849216,0.0,-0.057648515256743194,-0.04037604419122909,-0.16511728877813872,-0.16054392490575053,0.1,-0.21162580666212435,-0.16386326558329767
0.617351816443595,-1.6802216370170817,1.25,-0.25,-6.336378724111102e-16,-0.08728689553481367,-0.36274222937338757,0.25,-0.15384615384615385,0.285859408973544,-0.19358652748206462,-0.08264506372849105,0.0,-0.10437532296812893,0.00030279916797285684,-0.6019149424730433,-0.3860044657736789,-0.9,-0.5891345472309898,0.006428175380589991
0.19085936797703448,-0.5400359430844028,0.0,-0.25,0.6751038698405835,0.0066432763145604,0.1405952349311338,-1.0,0.07692307692307693,0.48932262626056044,-0.18669380347798986,-0.07488858658553751,0.0,-0.09337875279918018,-0.045359119382649124,-0.3605585979175344,0.014620145714911074,-0.9,-0.1382636655948553,-0.7522743928554456
0.05469886739720485,0.6001477875074998,-0.5,0.5,0.35492839950150606,1.2657037565588467,1.287842202268806,-0.5,1.1538461538461537,5.294938923038959,0.433367668256464,0.06906464896933656,98.91417010711825,0.09584582684935666,0.8699922332030524,0.926893607691623,0.5536193755810608,0.9785552156116544,0.6816720257234726,-2.5252600723883294
0.007342804755092136,0.8973414063433924,-0.25,0.5,-2.3631070114802717,1.706161661545704,1.0712489197229709,-0.25,1.3076923076923077,-4.0689993516180225,-0.08887640291124382,-0.04978164174625468,0.0,-0.06646691425328367,0.19144360507359934,-0.22217604558400814,-0.24903144702852864,0.1,-0.38872148829545194,0.09237126783497296
0.1710074808474661,0.9116952588848934,-0.25,0.5,-2.2851854540130505,1.8609562306976253,1.2394677583840492,-0.27743405402727095,1.3583397920503464,-4.69384759066625,-0.08565007783793198,-0.03932086351098067,0.0,-0.04938337355915884,0.24197077823205282,-0.04904215369077336,0.00846785569381625,-0.009736216109083706,0.00896466490557768,0.07213211916155648
0.13377973809628607,-0.3999403212011893,0.0,-0.25,0.9474162247411779,-0.029739589569880716,0.14463353318045885,-1.0,0.07692307692307693,0.510608916913162,-0.18669406268335997,-0.07488855782029376,0.0,-0.09337875279918018,-0.03839997152807961,-0.3598953719874889,0.014451093914503499,-0.9,-0.1382636655948553,-0.6373953595586558
0.6333590632319711,-1.5356347027640658,1.25,-0.09496685054961582,-0.07964362880806039,-0.09598748313493721,-0.3733903723183995,0.25,-0.15384615384615385,0.2372435906365949,-0.19260026301468489,-0.08068933075591475,0.0,-0.10109370875746905,-0.008639028268201255,-0.5670007388698867,-0.26965591595907573,-0.9,-0.3934098165861394,-0.14426389901024328
0.1726987757217077,0.9059746241236956,-0.25,0.5,-2.376891421121724,1.9177447330263502,1.2130248359466167,-0.25,1.3076923076923077,-4.648510770059185,-0.08033918117054477,-0.04635105291165129,0.0,-0.06271028488991907,0.07124095423971821,-0.13888399732339424,-0.09618899405036967,0.1,-0.07395498392282958,-0.3508024306213903
0.3543697214985264,0.8577951542145568,-0.25,0.5,-2.3007196457614416,2.1323324863315545,1.328582889923819,-0.25,1.3076923076923077,-4.95589209938564,-0.0667403191920355,-0.039148984185241986,0.0,-0.05079325919459521,-0.13196129535648565,-0.12063197132454465,-0.09241321229886038,0.1,-0.07395498392282958,-0.5060105934042377
0.6371798007010617,-1.4771560819702805,1.25,0.0,-0.09989428905890392,-0.1021181298619704,-0.37877272573059834,0.25,-0.15384615384615385,0.2088866300506567,-0.19214094594681302,-0.07977851873316119,0.0,-0.09956541541731506,-0.01644487272717848,-0.5517424165668381,-0.21734704856055848,-0.9,-0.3054662379421222,-0.27940237241899063
0.676367406331391,0.8604162676432352,-0.25,0.5,-1.8319961320337177,2.362784951335706,1.671511144958065,-0.4116619429934868,1.6061451255264372,-5.481950165826795,-0.11627864535727986,-0.044109557855310476,0.0,-0.05543198196770319,-0.007005298659610151,0.716789592071512,0.851882807142574,-0.5466477719739472,0.913690326969855,-0.09899147561798402
0.8925923256089413,0.7452778232907336,-0.25,0.5,-0.04291287466371946,2.839471950026553,1.777064229081367,0.1254841677763081,1.7692307692307692,0.0316844551604718,-0.16753456073276668,-0.0588861864821603,0.0,-0.07303488063157096,-0.07387769155421281,0.49324360669996486,1.177440245079612,-0.9,1.4533762057877813,-0.9509131029081058
0.08919638393788516,0.49273951179124,-0.5,0.5,0.32811838550106426,1.159800490084927,1.3152717924307122,-0.5,1.1538461538461537,5.466223396059876,0.3961497261941729,0.06821038171429834,88.85650398148931,0.09584582684935666,0.8678466806377447,1.1083351720900407,0.7008178746642129,1.2833980445525226,0.6816720257234726,-3.684109055866279
0.7165837969660407,0.7658944299843528,-0.25,0.5,-1.2291507297116948,2.0031098666611307,1.7821552289384446,-0.5,1.7692307692307692,-5.436181344690188,-0.06995327910787386,0.04155311601731387,0.0,0.09584582684935666,1.0359929975448985,0.8408013502334644,0.8920997763354228,-0.9,0.6816720257234726,3.2819877117776906
0.10572660486391966,0.9228688210470215,-0.25,0.5,-2.4033399338134585,1.8397219773115068,1.1707215768719348,-0.25,1.3076923076923077,-4.560410494764316,-0.08559257772016957,-0.04902582280838386,0.0,-0.06705729564946247,0.14815101377230847,-0.14597968340574233,-0.09754651248100542,0.1,-0.07395498392282958,-0.2938534501291645
0.1368717567577481,0.8451130743349882,-0.25,0.5,-2.219532210129871,1.8530030820365875,1.1153471218762923,-0.25,1.3076923076923077,-3.814454158917061,-0.08547122667113845,-0.04710384165836809,0.0,-0.062306952015090115,0.06147789587774355,-0.19352574399438643,-0.2073961294062412,0.1,-0.30517895994866157,-0.04505744971331327
0.23947994159934305,0.8884248210602504,-0.25,0.5,-2.3478179792629326,1.99518329131187,1.2539502790996415,-0.25,1.3076923076923077,-4.72004812277432,-0.0753590544871615,-0.043750172071534116,0.0,-0.05844369866867118,-0.00499901420624746,-0.13193473666227312,-0.0948518614378545,0.1,-0.07395498392282958,-0.4056728846048677
0.7260353030927509,0.7795276120650129,-0.25,0.5,-1.2522882452119768,2.0339807112685597,1.796801564954066,-0.5,1.7692307692307692,-5.542554310716304,-0.07549678998327734,0.04097829358077361,0.0,0.09584582684935666,1.0058188815473632,0.8104518208045614,0.8853334173908717,-0.9,0.6816720257234726,3.1948625470378893
-0.04870242951757775,0.8942826679533005,-0.25,0.5,-2.368666309352918,1.6281671055663776,1.0215141820022038,-0.25,1.250398467602138,-3.9204460443570213,-0.08828872778939649,-0.04950855362083961,0.0,-0.066948998498352,0.21958379201849162,-0.2271636178282712,-0.2570938397468628,0.1,-0.40514469453376206,0.1439539628782064
0.719932380457552,0.6953479561722085,-0.32881720686153015,0.5,-0.7555562216198017,2.197851677343042,1.3114231196576593,0.3559139656923491,1.502464838314821,-1.9765605786308615,-0.06281390994710367,-0.02104835894740391,0.0,-0.019792058005787594,0.20832153264261033,0.7214330036970851,1.0499069943670654,-0.9,1.2100819338036368,-1.8296090514334864
0.6009715728241938,0.789902726792309,-0.25,0.5,-1.421927268948772,1.9615505761634169,1.6720729906617064,-0.4593457651637772,1.6941767972254347,-5.252622304644276,-0.07402813762463582,0.026384822147412994,0.0,0.06931803980322834,0.8924148044558209,0.6680128869120943,0.705608350663766,-0.7373830606551087,0.5049372170463882,2.758139678045066
0.9683473857068774,0.6663527497088916,-0.29453640775307877,0.5,0.17386085422469377,3.009941679871738,1.6609958180951967,0.6163907767407637,1.7692307692307692,-0.45997456516692337,-0.1674222329068598,-0.058914720715681504,0.0,-0.07303488063157096,-0.07888635171747485,0.5103524038277465,1.1752439103637402,-0.9,1.4533762057877813,-0.963044004803886
0.9174121933257342,0.674433109021992,-0.25,0.5,-0.889508598568897,2.765324936539287,1.6516726535867317,0.5443656892692077,1.7692307692307692,-4.180925796982759,-0.1613335053402899,-0.057088968694019075,0.0,-0.07303488063157096,-0.11030370089282761,0.7940213877234561,1.2733539235441447,-0.9,1.4533762057877813,-1.2830808265535687
-0.0118178720336563,-0.14264035116149537,0.0,-0.25,1.3997333977536797,-0.07049816153224758,0.15149576591806538,-1.0,0.07692307692307693,0.5037653721535974,-0.18669406268335997,-0.07488856709482751,0.0,-0.09337875279918018,-0.02186192683222259,-0.3589815332960268,0.014217523252313813,-0.9,-0.1382636655948553,-0.35873039664635265
0.6254646910288859,-1.389610128129935,1.18142987709709,0.0,-0.03669603211871117,-0.1063240110859158,-0.3840532391514685,0.25,-0.15384615384615385,0.08362226082578159,-0.19213625283533894,-0.07977883694201886,0.0,-0.09956541541731506,-0.013959671819728547,-0.5514829322887519,-0.2173780626761423,-0.9,-0.3054662379421222,-0.23888551128008811
0.9806613257693048,0.6318096865308757,-0.25,0.5,-0.2080915268884439,2.9703483922512075,1.5949936887424614,0.75,1.7692307692307692,-1.3063620037409014,-0.16725813807307777,-0.05891534899406421,0.0,-0.07303488063157096,-0.10690675334888802,0.5219569042413194,1.1777851661359249,-0.9,1.4533762057877813,-1.4542937927715776
0.6248601520172821,-1.5823322825720516,1.25,-0.10456075907265472,-0.03891408654512035,-0.0896665410398275,-0.3656882264976572,0.25,-0.15384615384615385,0.27217121385586507,-0.19264666495290575,-0.08078134441307416,0.0,-0.10124810270037596,-0.008714505704123734,-0.5688939555752234,-0.2748983110027744,-0.9,-0.40229420775859986,-0.14339681769695703
0.20944217086760353,0.9119835536116151,-0.25,0.5,-2.3905930566226163,1.9700810295822395,1.2556090771167607,-0.25,1.3076923076923077,-5.007502700949229,-0.07668274049321877,-0.04225502122716514,0.0,-0.05190266345248724,-0.004922399592508092,-0.13954926117313804,-0.09220439185181298,0.1,-0.07395498392282958,-0.5080487730545731
0.5726503967084814,0.6942128411361093,-0.25,0.5,-0.9745134194753978,1.534357754476996,1.4670875900950262,-0.5,1.7692307692307692,-3.882656895592672,-0.03195552023119527,0.051531871746398436,0.0,0.09584582684935666,1.4406979606806132,0.7926205838729892,0.874416057301656,-0.9,0.6816720257234726,3.7427686303605103
0.566696319924909,0.6910267122137568,-0.25,0.5,-0.9670361195979504,1.516783251999065,1.4553520596509077,-0.5,1.7692307692307692,-3.8274615484485883,-0.029504276347872272,0.05215463156027564,0.0,0.09584582684935666,1.4597622345383856,0.7964929735488064,0.8738686063680174,-0.9,0.6816720257234726,3.7259415392516755
0.5838084647388982,1.3607515830838277,-0.7368165127513739,0.5,1.8501695191003726,2.74878578232016,2.105454259150469,-0.75,1.7692307692307692,2.8981970498028753,-0.1693672506183998,-0.05885808479243119,0.0,-0.07303488063157096,0.0025731214766372083,0.34607366125654965,1.1620077389330743,-0.9,1.4533762057877813,0.16127436949908858
0.7131788264630959,0.7768880799597981,-0.25,0.5,-1.2474512231104165,2.0002623129493475,1.686281575879825,-0.5,1.7692307692307692,-4.951051823474064,-0.088875506811089,0.010702334635226678,0.0,0.03794102576106213,0.807356201975109,0.9125324762056983,1.0635283141014413,-0.9,0.972190379584347,2.4822414429192037
0.6075715868663666,-1.3137032245818734,1.0,0.0,0.06601116489771286,-0.11930958924777972,-0.41030895975814485,0.25,-0.15384615384615385,0.009644366116394743,-0.19212383531876032,-0.079779678891712,0.0,-0.09956541541731506,-0.01218843042041984,-0.5510293490034796,-0.2174329790971447,-0.9,-0.3054662379421222,-0.20780685105919622
0.21906261452842396,0.910371456132942,-0.25,0.5,-2.3881415524553713,1.981805746752142,1.2626783089337121,-0.25,1.3076923076923077,-5.036500953506981,-0.07591171772463647,-0.0417244856351164,0.0,-0.05079325919459521,-0.017906465232441035,-0.13881066845328646,-0.09182176378561335,0.1,-0.07395498392282958,-0.5233838500524712
0.6206794782452509,0.7199140289710619,-0.25,0.5,-1.0348297134270714,1.6761240170165685,1.5617532736369186,-0.5,1.7692307692307692,-4.327894994595296,-0.05172869357411421,0.04650832519740937,0.0,0.09584582684935666,1.2869143269054266,0.7613836136016089,0.8788321181763911,-0.9,0.6816720257234726,3.8785058336701326
0.6326878865339465,-1.5416971682456326,1.25,-0.10146732116196622,-0.07630420707559134,-0.09896130297438992,-0.375704644092329,0.25,-0.15384615384615385,0.22445985032841104,-0.19273818828642988,-0.0809628324490457,0.0,-0.10155262981438397,-0.009391715017009195,-0.5723782731883622,-0.2871985961915218,-0.9,-0.42292037176304775,-0.16021647998137709
0.627183607197933,-1.5914150794509703,1.25,-0.15477728584224462,-0.04891781227022961,-0.09509300621754432,-0.3713183717177756,0.25,-0.15384615384615385,0.24506826620481398,-0.193051973726569,-0.08158505960199668,0.0,-0.10259669334249054,-0.0060209281991806815,-0.5833564863961643,-0.3238816398851822,-0.9,-0.48462965563732496,-0.10255238515100486
0.562763843579288,1.3476457266725643,-0.7424785994536508,0.5,1.8468199904860008,2.68429192728444,2.073463660635141,-0.7424785994536508,1.7507165525012942,2.9944760137528545,-0.15579013024834915,-0.05509666485535453,0.0,-0.06795400284951142,0.031392339065846486,0.3665391535316824,1.1487758263017058,-0.9,1.4301590208215587,0.09488162383498722
-0.033406369208354214,0.824085100349452,-0.25,0.5,-2.2300691461711315,1.6408912827838642,0.9707406462767224,-0.25,1.0485787928813204,-3.457863814164498,-0.08927055702609339,-0.04815377881302016,0.0,-0.06468101385745874,0.09531982643509967,-0.20924666179470708,-0.23078548350772388,0.1,-0.352856106376135,0.12102278910608999
0.024587655106686007,-0.23287808500742135,0.08083564764443107,-0.25,1.2191298290553703,-0.0539123625763695,0.1501907133803073,-1.0,0.07692307692307693,0.5076556425201751,-0.18663965883448363,-0.07489154006715694,0.0,-0.09337875279918018,-0.02608068066735076,-0.35626740970416004,0.014245525450475414,-0.9,-0.1382636655948553,-0.4233082668641384
0.8962963024171204,0.7255842456908401,-0.25,0.5,0.1817136182957112,3.0368834552401727,1.787187844953865,0.04696026030754452,1.7692307692307692,-1.1246904625807546,-0.16796385665000993,-0.058838494671482805,0.0,-0.07303488063157096,-0.057829822789276446,0.44636821488528255,1.1786430645600379,-0.9,1.4533762057877813,-0.7888166887613973
0.9751876321713991,0.599658990523159,-0.25,0.5,0.013065912191394524,3.08566954408977,1.661222799267266,0.75,1.7692307692307692,-1.3169085895350539,-0.1676587449324581,-0.05887239047548301,0.0,-0.07303488063157096,-0.07702811462005982,0.4796837688726926,1.1777881896291644,-0.9,1.4533762057877813,-1.0498413679921266
0.05421125942191529,0.6012689294682971,-0.5,0.5,0.3722224090824099,1.2348234262369913,1.2363884171941601,-0.5,1.1538461538461537,5.044710598109104,0.41996435065172705,0.06629343248827889,99.75082912494162,0.09584582684935666,0.8209724971483251,0.9093585658540264,0.5584230705864434,0.7711637345593756,0.6816720257234726,-2.3901750641276776
0.7215918299412157,0.7700214485749912,-0.25,0.5,-1.2390801126007012,2.0193771059997965,1.7919750068218332,-0.5,1.7692307692307692,-5.490734581529193,-0.07185911922336197,0.04121375249065991,0.0,0.09584582684935666,1.0211808150329698,0.8361835225452295,0.8912652122590691,-0.9,0.6816720257234726,3.2567621666967406
0.9474685530476703,0.610954874134742,-0.25,0.5,-0.11468549663022776,3.0698433435826566,1.6897251363811308,0.7161805940637633,1.7692307692307692,-2.0831690099825924,-0.16689262038399108,-0.058548742819555334,0.0,-0.07303488063157096,-0.07460830811954425,0.501557246119203,1.1941889041417033,-0.9,1.4533762057877813,-1.043540441164111
0.20773511892639912,0.624126541594042,-0.5467747477174806,0.5,0.7334922516205935,1.2559073961503338,1.249566543122338,-0.5467747477174806,1.2689839943814907,3.9594917082970995,0.2413539366048364,0.05081082432599188,0.5806435779500554,0.06424841690227653,0.8915840918670491,1.0076521524372388,0.7979142818115799,-0.24967919269593797,0.8260570990636057,-2.446301024896644
0.20434261680566565,-0.5599881057646313,0.0,-0.25,0.6476085109424761,0.01158469954058993,0.13982029411760183,-1.0,0.07692307692307693,0.4885739296974628,-0.18669406268335997,-0.07488855005680269,0.0,-0.09337875279918018,-0.04710364156894227,-0.36066032456631214,0.014646610346504784,-0.9,-0.1382636655948553,-0.7817403185688986
-0.07915484990915544,-0.09071553410014084,0.0,-0.25,1.4763690784930392,-0.06103354692130983,0.15253765291391277,-1.0,0.07692307692307693,0.4726999084838556,-0.18669406268335997,-0.07488856709482751,0.0,-0.09337875279918018,-0.015118390711576538,-0.3589815332960268,0.01421752325231388,-0.9,-0.1382636655948553,-0.24206956300541282
0.22156311273718382,0.7803958739643209,-0.5,0.5,-0.9496069027113618,0.7462836986646508,0.7712966109073309,-0.5,0.9230769230769231,-1.9313379596038576,0.1568731237659602,0.06260069586152206,0.0,0.09584582684935666,1.0555100765402232,1.1597674642407978,0.7745711054856367,-0.9,0.6816720257234726,-0.9663548560265949
0.6272766062188693,-1.5508279445576016,1.25,-0.057753146204872374,-0.051438048348642594,-0.09515836405807465,-0.3705442984058337,0.25,-0.15384615384615385,0.24678446695823156,-0.19248088420244683,-0.08045260613788073,0.0,-0.10069649764457866,-0.013212783103742997,-0.563806460670718,-0.25706706452670736,-0.9,-0.37231875444936996,-0.22314146398532803
0.5507934623268297,1.325497769282029,-0.736191432470607,0.5,1.8104506081124843,2.634747340664318,2.0419455211878157,-0.736191432470607,1.7352404491584172,2.9982736313936194,-0.14440919550102316,-0.051952036330044166,0.0,-0.06370687801692274,0.054426791971222466,0.3859167158423543,1.1380917967613609,-0.9,1.4107516886552498,0.024121137767046275
0.028128716554107397,-0.1953842640685,0.0,-0.25,1.298061531335393,-0.08184061170854781,0.15135437529897858,-1.0,0.07692307692307693,0.532069177686279,-0.186693205140835,-0.07488868538301771,0.0,-0.09337875279918018,-0.02509510216218275,-0.35889739641336166,0.014194483307826567,-0.9,-0.1382636655948553,-0.4149708057037722
0.04933728249917153,0.6049420959906509,-0.5,0.5,0.33986113577735605,1.3523272130085968,1.3685191831260985,-0.5,1.1538461538461537,5.716584368277091,0.4540798520006973,0.06663543170586295,127.14444211424318,0.09584582684935666,0.7999431927417552,0.8993936660569153,0.5428929997576166,1.4,0.6816720257234726,-2.6531834490499824
0.0998228409688079,0.5112879225203869,-0.5,0.5,0.4201895933244472,1.2429563701354118,1.3654705990794813,-0.5,1.1538461538461537,5.746911534328841,0.4128472902390126,0.06626520929914737,96.28571428571429,0.09584582684935666,0.8050595224166749,1.0182801490769435,0.6329273477839857,1.4,0.6816720257234726,-3.3801880954317305
0.5996215836075062,1.3133612443578992,-0.6854202924242525,0.5,1.7037146804466203,2.7545279809849945,2.1020935251664965,-0.75,1.7692307692307692,2.7317007397743187,-0.16921908566565927,-0.05885601654259552,0.0,-0.07303488063157096,0.0009971930034873588,0.3566623755685994,1.1637640328112433,-0.9,1.4533762057877813,0.15715427850045385
0.6276906138752987,0.7236658082680747,-0.25,0.5,-1.0436344980297765,1.6968186141778525,1.5755722750749386,-0.5,1.7692307692307692,-4.392889464609931,-0.05461511979147832,0.045775003529122685,0.0,0.09584582684935666,1.2644654713458214,0.7568237380379517,0.8794767609793065,-0.9,0.6816720257234726,3.898320327555854
0.6730635421209151,0.7568770258648059,-0.25,0.5,-1.1423427864967952,1.8508057560494333,1.671566874549666,-0.5,1.7692307692307692,-4.918647995032118,-0.06751586193646297,0.043437499977561814,0.0,0.09584582684935666,1.1401174449084257,0.7490881592029786,0.8755834459007029,-0.9,0.6816720257234726,3.560073712967297
-0.020570212728551182,-0.16675883347211812,0.0,-0.25,1.374168903158328,-0.04852939128527386,0.1487089179897379,-1.0,0.07692307692307693,0.4626623224482001,-0.18669406268335997,-0.07488856319920571,0.0,-0.09337875279918018,-0.020920851727745184,-0.35936537684191955,0.014315630929335018,-0.9,-0.1382636655948553,-0.3395016179181485
0.6346901706299795,-1.4109407757899168,1.1679251711014642,0.0,-0.07923927132405438,-0.1122795542259456,-0.39556143059933896,0.25,-0.15384615384615385,0.14645591976877226,-0.19213532853933393,-0.07977889961241941,0.0,-0.09956541541731506,-0.014965296461716572,-0.5512992169470652,-0.21740030553511935,-0.9,-0.3054662379421222,-0.25531481149442226
0.9651217949520613,0.652572962930887,-0.25,0.5,-0.3363328709660613,2.9310332618268102,1.5818270464075612,0.75,1.7692307692307692,-1.611253428039164,-0.16727599282671704,-0.05891243940227467,0.0,-0.07303488063157096,-0.11884470428252566,0.5191270728754335,1.1785056607821554,-0.9,1.4533762057877813,-1.6816091734511351
0.12576640173180087,-0.40928379117285574,0.0,-0.25,0.918702723256676,-0.01764795178700939,0.14402382680695996,-1.0,0.07692307692307693,0.49339815728905834,-0.18669406268335997,-0.07488855615918796,0.0,-0.09337875279918018,-0.037947975529271705,-0.36005904412193696,0.01449292734657653,-0.9,-0.1382636655948553,-0.6282439055800391
0.5169965626853841,0.7197638628985882,-0.27838939804990726,0.5,-0.8957730595729223,1.4234067802366996,1.3735557163995389,-0.5,1.673143575831083,-3.645606937270676,-0.008523357294842087,0.05393201720996057,0.0,0.09584582684935666,1.459378772724732,0.8407022485056302,0.86193246660335,-0.9,0.6816720257234726,3.277893009989439
0.18777474321704452,-0.32072799880960917,0.1715731955927996,-0.0036798966945996714,0.3183722848894228,0.2740025010355392,0.37787060588691396,-0.8357865977963999,0.4306134816692927,1.3921449671811927,-0.03216165403657528,-0.028569252733895253,0.0,-0.031232328789915442,0.26874014228372245,0.13601933131927002,0.2516238198792378,-0.9,0.1310251933242318,-1.39383769773344
0.18420414733594348,0.7231360473772429,-0.5,0.5,-0.8955679056716116,0.7368450102128814,0.760675292924114,-0.5,0.9230769230769231,-1.583889304278914,0.16513340977022503,0.06130054278060014,0.0,0.09584582684935666,0.9755720157955131,1.119074684164234,0.7728537689761276,-0.9,0.6816720257234726,-1.0053560755044486
0.22543765748622113,0.6927898562349224,-0.5,0.5,-1.0300415906873936,0.750413977272621,0.782040617353518,-0.5,0.9230769230769231,-1.3098944210062953,0.1765661626250528,0.0620647341714964,0.0,0.09584582684935666,0.9612684966016948,1.1612737536496411,0.7633299436122146,-0.9,0.6816720257234726,-1.4577920563773796
0.9996241916294337,0.6154673012073837,-0.25,0.5,-0.20065656836480886,2.937853759225834,1.6023506287497242,0.75,1.7692307692307692,-0.7219091837313903,-0.16722832778544983,-0.05892020684704155,0.0,-0.07303488063157096,-0.10084279561867211,0.5266815892557359,1.1765822286397019,-0.9,1.4533762057877813,-1.3655074407558512
0.5733577428133837,-1.232110584056274,1.0,0.0,0.22205539312889583,-0.10127598840151111,-0.3795303745693679,0.25,-0.15384615384615385,-0.1914000255999601,-0.19212383531876032,-0.079779678891712,0.0,-0.09956541541731506,-0.008502173088867738,-0.551400213486468,-0.21738807764079937,-0.9,-0.3054662379421222,-0.14651394630888348
0.617351816443595,-1.6802216370170817,1.25,-0.25,-6.336378724111102e-16,-0.08411908445348484,-0.36012273869706857,0.25,-0.15384615384615385,0.29992321454602067,-0.19349489690965588,-0.0824633630410153,0.0,-0.10407043903639174,0.0013727185892089245,-0.5982015836243508,-0.3739881917075518,-0.9,-0.568920653048041,0.0275597141361904
0.6183374915463697,1.2940998868233065,-0.75,0.5,2.0568520306417852,2.7684129236770687,2.103956595002504,-0.75,1.7692307692307692,3.1437519321198435,-0.16943390410836523,-0.05885428484957386,0.0,-0.07303488063157096,0.014001954987148624,0.32777051198332674,1.1638305969088827,-0.9,1.4533762057877813,0.2849248348466706
0.20753379801933597,-0.5796227596125509,0.06167319867082749,-0.25,0.5993170536843468,0.013827397482640256,0.14022809766793723,-1.0,0.07692307692307693,0.49455096685143574,-0.186652555508271,-0.07489082037442815,0.0,-0.09337875279918018,-0.047417946214502786,-0.3583825231604506,0.014615048152121182,-0.9,-0.1382636655948553,-0.782450130487457
0.13122050173663546,-0.48498013404109874,0.2982585668938015,-0.25,0.7199950274596183,-0.01052638322502122,0.1465222255179726,-1.0,0.07692307692307693,0.5228314704409364,-0.18649332928822798,-0.07489953644426961,0.0,-0.09337875279918018,-0.03830042077395086,-0.34896725572824383,0.014320842712687203,-0.9,-0.1382636655948553,-0.6120983884969786
0.5870463283908329,0.7049556211543,-0.25,0.5,-1.0067917920205933,1.5836764447446503,1.4976958235214721,-0.5,1.7692307692307692,-4.05188910167071,-0.035915692780623794,0.05084564336487496,0.0,0.09584582684935666,1.4017264311809423,0.7906672726587203,0.8729951998327069,-0.9,0.6816720257234726,3.624715663298821
0.038053790172964716,0.6375426729489732,-0.5,0.5,0.3445395286659423,1.4018885339677483,1.3776123597920409,-0.5,1.1538461538461537,5.755896807213468,0.4694279571363378,0.06636996834002291,136.10562455686738,0.09584582684935666,0.7856761551635256,0.8401963152409938,0.4973314027103511,1.4,0.6816720257234726,-2.3396570428113592
0.5720471262875839,-1.2264997080424929,1.0,0.0,0.2306535626813136,-0.10169567084693862,-0.37903200840327955,0.25,-0.15384615384615385,-0.20994762477029497,-0.19212383531876032,-0.079779678891712,0.0,-0.09956541541731506,-0.00836096505127918,-0.5513459078095542,-0.21739465255992238,-0.9,-0.3054662379421222,-0.1437118480692364
0.8983662530468126,0.7641103551098256,-0.25,0.5,0.23008177949898206,2.977474453004096,1.7890810245681714,-0.180464327030197,1.7692307692307692,-0.6062267892139076,-0.16768458336543263,-0.05886952000408059,0.0,-0.07303488063157096,-0.0603544628743939,0.47686243603231715,1.1778605848448587,-0.9,1.4533762057877813,-0.726268046108806
0.9315492924361632,0.6823615054455511,-0.25,0.5,-0.6707567489391908,2.829904183605253,1.5930523529629819,0.6760199420248059,1.7692307692307692,-2.857668018950652,-0.16515694584756904,-0.058253345946117065,0.0,-0.07303488063157096,-0.12837727750306682,0.6150364365121743,1.2133895330362359,-0.9,1.4533762057877813,-1.778255753803055
0.6499045053684297,0.7343858075288748,-0.25,0.5,-1.0876789401053464,1.7719832390148071,1.626213098761362,-0.5,1.7692307692307692,-4.646732562777185,-0.059114143397349016,0.04456093460924372,0.0,0.09584582684935666,1.2056120280375664,0.7733663917723821,0.8824917541178049,-0.9,0.6816720257234726,3.771486226206851
0.619111868948778,-1.657275086236172,1.25,-0.21590713110330756,-0.009121973150837306,-0.08158698569973477,-0.3582582381573835,0.25,-0.15384615384615385,0.31043251753351225,-0.1931852032831052,-0.08184924983216063,0.0,-0.10303999026787879,0.0003025554161796328,-0.5868389780401524,-0.3362226390188947,-0.9,-0.5054059606358603,0.013050710334343484
0.2531980947919941,0.7134834103578783,-0.4963638335830295,0.5,-1.1971237815607105,0.777117070636509,0.7827696674921992,-0.48181916791514756,0.9353839478728232,-1.6841973373718684,0.15931021783249688,0.05943146535350777,0.0,0.0933895134212912,0.9456523816651039,1.1614083827784374,0.7740108471611703,-0.9,0.692896205017015,-1.3472762296404133
0.9018470414864661,0.7497450158690296,-0.25,0.5,-0.2270242504110918,2.892650034168241,1.6773182773369746,0.22411866179010453,1.7692307692307692,-1.5444480000867058,-0.16753627247984265,-0.05888339901056176,0.0,-0.07303488063157096,-0.10541213292551452,0.4905878600136616,1.1793255113903525,-0.9,1.4533762057877813,-1.515356261563225
0.6676112181100755,0.7427807734839786,-0.25,0.5,-1.1248616447059576,1.8331300942163198,1.6674600250520268,-0.5,1.7692307692307692,-4.855228003702726,-0.0621033122662435,0.04373574423438429,0.0,0.09584582684935666,1.1602768674820967,0.7905345334179881,0.8850199696172045,-0.9,0.6816720257234726,3.6460227605202378
0.29085421630496294,0.7862604040950723,-0.25,0.5,-2.0582835819108616,2.027813178562309,1.1712579264316154,-0.25,1.3076923076923077,-3.539333570760808,-0.08152096668264586,-0.043919629422367726,0.0,-0.05726192878110729,-0.09080304839521816,-0.1591164258897851,-0.15689966537049505,0.1,-0.20386217570827148,-0.21187894285127493
0.06561354785238391,-0.278384637731689,0.0,-0.25,1.224087153641523,-0.030358927477229875,0.14310727567902998,-1.0,0.07692307692307693,0.44832107047621367,-0.18669406268335997,-0.07488855751051127,0.0,-0.09337875279918018,-0.029457540829084042,-0.3599258954862499,0.014458895503432231,-0.9,-0.1382636655948553,-0.4828777341562319
0.6164180184602233,1.1249064418940726,-0.7260396736234371,0.5,2.0884913908322624,2.6180931950344517,1.9950955196384184,-0.7260396736234371,1.710251504303845,3.4132750884225733,-0.12103416312811344,-0.04591985093456932,0.0684580753616083,-0.056849133151779474,0.12892576975826586,0.3903628599544473,1.1232509130257184,-0.8233269555949988,1.3794150697057863,0.08168413170386346
0.6658992623165738,1.1972866425698963,-0.5758722664883498,0.5,1.3599013114980658,2.812550359887225,2.035687074241537,-0.75,1.7692307692307692,1.7782843348666102,-0.16890328076828928,-0.05885160818950656,0.0,-0.07303488063157096,-0.012844041326544093,0.3792315984161439,1.1675074700930546,-0.9,1.4533762057877813,-0.06162852199944227
-0.04642037235345342,-0.11541637734891279,0.0,-0.25,1.4398134224192647,-0.06563457334586875,0.15203591941008407,-1.0,0.07692307692307693,0.4876614345792427,-0.18669406268335997,-0.07488856709482751,0.0,-0.09337875279918018,-0.018396621169074895,-0.3589815332960268,0.014217523252313844,-0.9,-0.1382636655948553,-0.2987818117717528
0.9949903950244195,0.5980733949344638,-0.25,0.5,0.00862504150623424,3.054356331777964,1.6333349233256038,0.75,1.7692307692307692,-0.9894141370090133,-0.16738745723933934,-0.05890252866403705,0.0,-0.07303488063157096,-0.08329763726595611,0.5093060326740957,1.1770280842823013,-0.9,1.4533762057877813,-1.0655524724327223
0.5708444814161928,-1.2232994734374683,1.0,0.0,0.23670100198057875,-0.10085047623168698,-0.37718117769314635,0.25,-0.15384615384615385,-0.2160152674788885,-0.19212383531876032,-0.079779678891712,0.0,-0.09956541541731506,-0.008231390062056868,-0.5514829322887519,-0.2173780626761423,-0.9,-0.3054662379421222,-0.14227783274854586
0.5285116461538705,0.8617526995434083,-0.25,0.5,-2.0413415935397747,2.2620799071987547,1.5326078073312324,-0.34447832494303166,1.4821138306640584,-5.574343145141889,-0.09659109978012069,-0.04222864356972381,0.0,-0.05350421731722518,-0.030762103879696773,0.3654251158762607,0.4595700302918311,-0.27791329977212653,0.5032437858255951,-0.2737764750539635
-0.02393924441643814,-0.13242807555959618,0.0,-0.25,1.4146462158245603,-0.06879443021287043,0.15169092223587743,-1.0,0.07692307692307693,0.49794899542610527,-0.18669406268335997,-0.07488856709482751,0.0,-0.09337875279918018,-0.020648018589321887,-0.3589815332960268,0.01421752325231382,-0.9,-0.1382636655948553,-0.3377302054934005
0.7475120624635949,0.918110235287718,-0.27523968817117894,0.5,0.5375713586829847,2.8270320374021725,2.0436202565882264,-0.75,1.7692307692307692,1.1092136218621693,-0.16803991129311202,-0.058839012471454066,0.0,-0.07303488063157096,-0.01586477140085673,0.4393762421755677,1.1780419529542296,-0.9,1.4533762057877813,0.027131290689114296
0.16563097514340372,0.6212602141583455,-0.5,0.5,-0.9465328193280396,0.733479108403573,0.7608255790936556,-0.5,0.9230769230769231,-0.9272650314330562,0.18408210035868341,0.05993751918051434,0.0,0.09584582684935666,0.851344659259732,1.0954941635053739,0.7636400353284175,-0.9,0.6816720257234726,-1.3960840360703493
0.15367214824122385,0.932135506556294,-0.5,0.5,-0.3737539982503667,0.7644242882338118,0.7844350551810828,-0.5,0.9230769230769231,-2.2706303654856304,0.1508801591155864,0.06530987313016798,0.0,0.09584582684935666,1.3496587249578376,1.1673162125837224,0.769208765936926,-0.9,0.6816720257234726,-0.27860995957265144
0.10089592725922378,0.5130050095378151,-0.5,0.5,0.4290881136137037,1.248612446022411,1.3680786092749238,-0.5,1.1538461538461537,5.762201160139348,0.41391949522110527,0.06614669900589809,96.28571428571429,0.09584582684935666,0.8009983397726622,1.0104402961567964,0.6267579641183728,1.4,0.6816720257234726,-3.3476482766416784
0.9667810753794166,0.6003320985871405,-0.25,0.5,0.01495112547692132,3.098962451730607,1.673061602501512,0.75,1.7692307692307692,-1.4559346807251268,-0.1677739104483054,-0.05885959638227655,0.0,-0.07303488063157096,-0.07436661235532359,0.46710869312180553,1.1781108652484062,-0.9,1.4533762057877813,-1.04317177886838
0.21961439214563183,0.893645401984198,-0.25,0.5,-2.3564665239453313,1.9721474624366468,1.2417760918989995,-0.25,1.3076923076923077,-4.698767739308807,-0.07684050440817328,-0.04452386217223152,0.0,-0.05971289004116125,0.01768026734879241,-0.134001949468698,-0.09524962140042781,0.1,-0.07395498392282958,-0.3893504424487418
0.6168364049069869,-1.3355951499931351,1.0,0.0,0.023969416137111454,-0.12428349022682714,-0.4186990433588783,0.25,-0.15384615384615385,0.06320101475395906,-0.19212383531876032,-0.079779678891712,0.0,-0.09956541541731506,-0.013186637560630248,-0.5509233351986569,-0.21744581444387537,-0.9,-0.3054662379421222,-0.22436741263925047
0.6046360530231291,-1.301702573215095,1.0,0.0,0.0846719410379762,-0.11999640932634328,-0.4090375248891229,0.25,-0.15384615384615385,-0.029425827816025638,-0.19212383531876032,-0.079779678891712,0.0,-0.09956541541731506,-0.011872151047225287,-0.5509233351986569,-0.21744581444387537,-0.9,-0.3054662379421222,-0.20163423046481385
0.7307096250829519,0.7326444441175535,-0.25,0.5,-1.4012737687817531,2.543180676339747,1.5583057757352174,0.2534362922843688,1.6174992567903808,-4.6996563969092895,-0.12926868131566782,-0.05090725014549369,0.0,-0.06572291176876002,-0.11653876430498648,0.5341949903624389,0.8379063286716291,-0.5712483897124918,0.9512636177280823,-0.914967594367654
0.7270370557502346,0.7816707159420586,-0.25,0.5,-1.2552659343962067,2.03727300085554,1.7978896816750578,-0.5,1.7692307692307692,-5.5542367378747395,-0.0763168796353408,0.040925210872571505,0.0,0.09584582684935666,1.0023556317046187,0.8046507729032399,0.8839961321029406,-0.9,0.6816720257234726,3.1809076729167174
0.22137307746220009,0.7722056680449603,-0.5,0.5,-1.0055919643641458,0.7506400817717382,0.7738038951114299,-0.5,0.9230769230769231,-1.862232609316922,0.1596574703737057,0.06217482451245087,0.0,0.09584582684935666,1.062246396075302,1.1708225262345953,0.7687226905492427,-0.9,0.6816720257234726,-1.0524428534659769
-0.17322603883581203,0.8606580940212092,-0.25,0.5,-2.331410540036596,1.4323738551201235,0.8765402347384691,-0.25,1.0233425624949735,-3.3015893261520155,-0.08372840260965712,-0.0465037567956756,0.0,-0.0656186096362076,0.24625889111277358,-0.21976911438644073,-0.24448939413759774,0.1,-0.38001954085147144,0.2094899599824815
0.0411573793222102,-0.19973287004922974,0.0,-0.25,1.318463838774738,-0.07794414966268996,0.15053332474624026,-1.0,0.07692307692307693,0.5324149358796553,-0.18669406268335997,-0.07488856709482751,0.0,-0.09337875279918018,-0.027167191967214198,-0.3589815332960268,0.014217523252313872,-0.9,-0.1382636655948553,-0.450509641579801
0.4432738769634036,0.7758660760485919,-0.25,0.5,-2.038174269551178,2.2044993452292454,1.2781845625753476,-0.25,1.3076923076923077,-3.6734670214678493,-0.07905698780924834,-0.04075478140959955,0.0,-0.05079325919459521,-0.2086908880247329,-0.11987663212670514,-0.09211103500030578,0.1,-0.07395498392282958,-0.42800627863394275
0.5735685902960463,-1.2326134098373225,1.0,0.0,0.22109374927924189,-0.10138712292752021,-0.379720051800518,0.25,-0.15384615384615385,-0.19016106210228417,-0.19212383531876032,-0.079779678891712,0.0,-0.09956541541731506,-0.008524890152685548,-0.5513979279834849,-0.21738835435215118,-0.9,-0.3054662379421222,-0.14689167219819507
0.9413567241912029,0.6749643966747174,-0.25,0.5,-0.4692726549799742,2.9015514266283278,1.5785032582622986,0.75,1.7692307692307692,-2.054556668910731,-0.16739684584855893,-0.058898041415881286,0.0,-0.07303488063157096,-0.12901581484861202,0.5050070003536764,1.1795480436289614,-0.9,1.4533762057877813,-1.9143021053043432
0.9384547268175065,0.6266956314047218,-0.25,0.5,-0.33434392258131473,2.985380201012167,1.684988335472787,0.6602186862008037,1.7692307692307692,-2.741641606394277,-0.16512001605937834,-0.05806928240350724,0.0,-0.07303488063157096,-0.08227200959094386,0.5928800649404948,1.219913035546074,-0.9,1.4533762057877813,-1.062353091482481
0.10931093472392313,0.5264701895501293,-0.5,0.5,0.4988691883769006,1.292966680379053,1.388530296579729,-0.5,1.1538461538461537,5.8821004790263824,0.42232759157699146,0.06521735622028685,96.28571428571429,0.09584582684935666,0.7691510572473866,0.9489611574944105,0.5783784348462141,1.4,0.6816720257234726,-3.0924751181884713
0.869230735433018,0.8042654218659584,-0.25,0.5,0.05092193025415004,2.9155721177371707,1.7788644627639911,-0.2314990750142052,1.7692307692307692,-1.0509130825013662,-0.16773626344557055,-0.05886239621680946,0.0,-0.07303488063157096,-0.0767163179509836,0.4699053133938711,1.1790063152877486,-0.9,1.4533762057877813,-1.0465085629738713
0.06087124146971734,0.8892188504371835,-0.25,0.5,-2.2607122012588623,1.715161964727939,1.1356004779489008,-0.27580289752349707,1.3553284261972254,-4.229709571164484,-0.08747799678815323,-0.04080051634592614,0.0,-0.05044773924074994,0.2956261691605504,-0.11710277075007758,-0.13854598260543394,-0.0032115900939881925,-0.29297261269527974,0.44475997426098024
0.6597872644175717,1.1511029666233268,-0.5130191798685638,0.5,1.2055315000734552,2.78380098621894,2.0778654265229664,-0.75,1.7692307692307692,2.0423277004409,-0.16872208797727575,-0.05884907890067472,0.0,-0.07303488063157096,-0.0065812300709505635,0.39218067081118607,1.1696552640466131,-0.9,1.4533762057877813,0.09741208292471187
0.10078891425342823,0.8892965057571682,-0.25,0.5,-2.3599512960972033,1.8282761776893186,1.1512016552981483,-0.25,1.3076923076923077,-4.529459876389368,-0.08229257023826106,-0.046646232867430915,0.0,-0.06180224835417263,0.11145131934578065,-0.19361807969268424,-0.20237187757660305,0.1,-0.29504323815969713,-0.09121635406329254
0.5768466456081363,-1.2652709252038683,1.0430799678004075,0.0,0.2010713321616484,-0.09725371630133534,-0.3726654203351548,0.25,-0.15384615384615385,-0.15482336286846515,-0.19212678381998255,-0.07977947897333995,0.0,-0.09956541541731506,-0.009317374838693146,-0.5515793619872419,-0.2173665371924531,-0.9,-0.3054662379421222,-0.1599777117299914
0.5614483542514563,1.0575493222460697,-0.7019277452978323,0.5,1.918585830738243,2.4104555048994856,1.8569101683243348,-0.7019277452978323,1.6508990653485103,3.301939705646888,-0.08243828825627933,-0.034806531094400496,0.0,-0.04056097509434924,0.19866112218739918,0.4628457812709888,1.0840483055694192,-0.9,1.3049859661926655,-0.16762642807930844
0.9142938681808266,0.6688875043700121,-0.25,0.5,-0.9231212122965344,2.75898333074343,1.6722917098429726,0.5102171540666197,1.7692307692307692,-4.506626077116771,-0.1603686883310472,-0.056784126129331876,0.0,-0.07303488063157096,-0.10281396404582085,0.8376637627292033,1.288864564734926,-0.9,1.4533762057877813,-1.1127789343284846
0.9194508077022945,0.6598819909298094,-0.25,0.5,-0.7974514701597366,2.8073059084043512,1.6750017017138854,0.5422337657680412,1.7692307692307692,-4.129904441982999,-0.16138282073876217,-0.05705843232354535,0.0,-0.07303488063157096,-0.09842945030110957,0.7854166657066979,1.2741474194841436,-0.9,1.4533762057877813,-1.1020159467299768
-0.0653953863069214,0.8898677969759143,-0.25,0.5,-2.3637225378885667,1.6021902700026032,1.002329252669418,-0.25,1.221972203374782,-3.8383532826319784,-0.0877528462472015,-0.04914287262669399,0.0,-0.06678244046365742,0.22348133959311023,-0.22700852209451816,-0.25703162857288614,0.1,-0.40514469453376206,0.15606716949251787
0.7434478158483379,0.784614715632483,-0.25,0.5,-1.2967612888084306,2.0996129066681952,1.8030576183129412,-0.5,1.7692307692307692,-5.540970101895217,-0.08387684176715911,0.025667931877835344,0.0,0.06861938787977696,0.8550254198573489,0.9006531713352606,0.9767223272849125,-0.9,0.8182717563550457,2.713283654808442
0.3363291738868023,0.8629732595136143,-0.25,0.5,-2.305654287045618,2.1074883824380484,1.3133023089467555,-0.25,1.3076923076923077,-4.823795004088625,-0.06813663721364864,-0.039978250612449966,0.0,-0.05225609180997611,-0.11556585317311066,-0.12185658736448718,-0.0929126879405558,0.1,-0.07395498392282958,-0.4852486343499591
0.8489994985248576,0.693347677218086,-0.25,0.5,-1.119448744438139,2.6711263774232914,1.6291054877620041,0.4095230966745494,1.7135526748766456,-4.583934891487683,-0.14985181767518294,-0.054771674742237056,0.0,-0.0703517432548316,-0.11429397413069894,0.7366578340780261,1.126402662854848,-0.7793641288993992,1.2691252772579247,-1.0345731914221012
0.22852010717451005,0.8396822591685228,-0.25,0.5,-2.2098284091843827,1.9593051065751685,1.180523887123682,-0.25,1.3076923076923077,-3.902064170577575,-0.08401441476387675,-0.045200629892732234,0.0,-0.0583921651311428,-0.008844614589843591,-0.16984261034932874,-0.1681860069772516,0.1,-0.22656017076325002,-0.1758854539834777
0.08143026996342173,-0.28118734473527407,0.0,-0.25,1.1698953621061854,-0.060398050232782705,0.14820318030237245,-1.0,0.07692307692307693,0.5269422632716932,-0.18669406268335997,-0.0748885635793085,0.0,-0.09337875279918018,-0.03194217163800227,-0.35932792454125195,0.014306058387978226,-0.9,-0.1382636655948553,-0.5302959540122993
0.6255567465352307,-1.5732504844820843,1.25,-0.09106746526201887,-0.0425243859373464,-0.09394968128049111,-0.36932075064513087,0.25,-0.15384615384615385,0.2528660070814154,-0.19267697415168944,-0.08084144664872611,0.0,-0.10134895100296815,-0.0109231494204784,-0.5705923656157663,-0.27999984586705734,-0.9,-0.41088195335796396,-0.18439585619926135
0.06905417378843548,0.5671410747978549,-0.5,0.5,0.3949929872987551,1.0887852046978481,1.11657301646571,-0.5,1.1538461538461537,4.442053003075624,0.37665155210054235,0.06625845465551015,68.17371467264036,0.09584582684935666,0.8522469798916943,0.9741012239731354,0.6148655009220284,0.24214027703382923,0.6816720257234726,-2.4674090612080604
0.07220967566537895,0.5388585473800747,-0.5,0.5,0.33037772067499416,1.25186310260357,1.350086706210227,-0.5,1.1538461538461537,5.636895426796894,0.422968216979391,0.06717354369275338,108.9795263119103,0.09584582684935666,0.8288634315625337,1.0193906530814845,0.6352494024402335,1.4,0.6816720257234726,-3.288722431499805
0.22182258603316846,0.9091082568334896,-0.25,0.5,-2.38670348959201,1.985548952519141,1.2646805455195875,-0.25,1.3076923076923077,-5.053912278811881,-0.07572136697983302,-0.04166649638009114,0.0,-0.05079325919459521,-0.01920425041643052,-0.1385319018711883,-0.0918302230260544,0.1,-0.07395498392282958,-0.5232708060033832
0.6891216167159742,0.7521578533833083,-0.25,0.5,-1.1813950789625305,1.9141654107268973,1.7223928702792475,-0.5,1.7692307692307692,-5.142231025818321,-0.062464972339081076,0.043513966829869286,0.0,0.09584582684935666,1.1138395951918616,0.833198781964912,0.888775665083512,-0.9,0.6816720257234726,3.3601739017090795
0.9866279979673133,0.598742967154415,-0.25,0.5,0.010500351745729934,3.0675794116294126,1.645111537196831,0.75,1.7692307692307692,-1.1277099226197924,-0.16750201778947083,-0.05888980177834229,0.0,-0.07303488063157096,-0.08065011590175879,0.4967970139338193,1.177349064882982,-0.9,1.4533762057877813,-1.058917918733672
0.399731221227685,0.7950488961824539,-0.25,0.5,-2.0911769925492876,2.1552608884960724,1.265112534792972,-0.25,1.3076923076923077,-3.7728413343825427,-0.08025079888594404,-0.041654514923642534,0.0,-0.052141583458526014,-0.16388570083692186,-0.1293318271417092,-0.10560436905198907,0.1,-0.10103273405380644,-0.3835402706956168
0.88856322045823,0.6309660613565632,-0.2816053439733057,0.5,-0.4727453306064353,2.5794166667944225,1.482920471128578,0.5919732801334716,1.6622588357826578,-0.7059720198419317,-0.12357087309165787,-0.04400598613826776,0.0,-0.05168474923001121,0.005991042319120621,0.5978737319467644,1.124731315885686,-0.9,1.3558163015615001,-1.5933744916561965
0.6183730617522188,-1.6669072289155653,1.25,-0.2302181001329533,-0.005292894534823615,-0.08054854803771966,-0.3573032871240529,0.25,-0.15384615384615385,0.3153501122604778,-0.19325441977596625,-0.08198650406954996,0.0,-0.10327029545892785,0.001461487495219977,-0.5891453905082766,-0.34410444552051056,-0.9,-0.5186585621809985,0.03315837695687357
0.4851355546537645,0.7153578842451761,-0.25,0.5,-1.8646062202726663,2.248628662300667,1.2454144597715011,-0.25,1.3076923076923077,-3.2206824581202746,-0.07663818235511592,-0.039901167007427046,0.0,-0.05079325919459521,-0.28063668537359054,-0.11533899250058668,-0.092150703779704,0.1,-0.07395498392282958,-0.42593176324874943
0.9200809984320976,0.6759298336820645,-0.25,0.5,-0.8482125696765545,2.7775162229544477,1.6406062985715215,0.5692194120368009,1.7692307692307692,-3.931120862642171,-0.16205529539566096,-0.05730878012293097,0.0,-0.07303488063157096,-0.11371563520628745,0.7602325638619555,1.2620338309043884,-0.9,1.4533762057877813,-1.3765600731842746
0.07248555955810604,0.880359213118878,-0.25,0.5,-2.3179622778358797,1.78071931818207,1.1034333813726256,-0.25,1.3076923076923077,-4.01983238264083,-0.0874444146453842,-0.048432408670982696,0.0,-0.06408868015599822,0.13245325551808193,-0.20676241994430583,-0.2252202574507877,0.1,-0.34096055247165696,0.013362338516620609
0.44965963357484023,0.7666359016462958,-0.25,0.5,-2.0116974683485918,2.2112310171018206,1.273185673085419,-0.25,1.3076923076923077,-3.6043973573148764,-0.07868801303870154,-0.04062456747377476,0.0,-0.05079325919459521,-0.21966580294533905,-0.11918444146829121,-0.09211708624297654,0.1,-0.07395498392282958,-0.4276898233204574
0.3945641826436377,0.8386540321528622,-0.25,0.5,-2.2226804279206065,2.1531510557271285,1.3137343917426207,-0.25,1.3076923076923077,-4.174050685117157,-0.07626687922934328,-0.04076775122294658,0.0,-0.05079325919459521,-0.189539876446338,-0.12104951258010267,-0.09208741905162354,0.1,-0.07395498392282958,-0.4374092320199549
0.12449874063010377,-0.35465314769790307,0.0,-0.25,1.1215435573405106,-0.017943928909228853,0.13927994457727208,-1.0,0.07692307692307693,0.4385223870426773,-0.18669406268335997,-0.07488855362370166,0.0,-0.09337875279918018,-0.035290247362511865,-0.36030887074985435,0.014556781253683404,-0.9,-0.1382636655948553,-0.5808396957542263
0.9678339244450986,0.6129003800254959,-0.25,0.5,-0.13359992629425968,3.0195404912253023,1.6541589296372547,0.75,1.7692307692307692,-1.3025794857745128,-0.1676913637248926,-0.05886876675298571,0.0,-0.07303488063157096,-0.08615112997635163,0.4761220795705759,1.177879582343123,-0.9,1.4533762057877813,-1.2550233531661636
0.14261487170066697,-0.47169420223160435,0.25773850740448934,-0.25,0.7650495034135019,-0.023006784984258292,0.1466378524782704,-1.0,0.07692307692307693,0.5369127516778791,-0.1865206000191141,-0.07489804619808295,0.0,-0.09337875279918018,-0.03915435698315992,-0.35032775017108586,0.014306806198248328,-0.9,-0.1382636655948553,-0.6310843718987695
0.898724798375039,0.7635572756481472,-0.25,0.5,0.22933957377007316,2.977668282574717,1.7885109277896163,-0.17738215729544393,1.7692307692307692,-0.6068597717231925,-0.16768307201556237,-0.05886968790461024,0.0,-0.07303488063157096,-0.06044264411239369,0.4770274623335041,1.1778563502807906,-0.9,1.4533762057877813,-0.7274224551888644
0.07828365382834179,0.8232248458819188,-0.25,0.5,-2.214174918767318,1.7739445542488967,1.0538635264624896,-0.25,1.1135118890983915,-3.5958775846500144,-0.08715971555361986,-0.046457943196399565,0.0,-0.061200782768699814,0.03248040668043645,-0.18769245018564246,-0.1960267105024176,0.1,-0.28296429300422327,-0.016947093987535744
0.10757050354866218,0.8478101520947131,-0.25,0.5,-2.2812363679619123,1.8116112333318073,1.1051375769459488,-0.25,1.1423183741948146,-3.8613687500182676,-0.08421517103850298,-0.04556278278807167,0.0,-0.05965683629408082,0.0028067120064511064,-0.17799716768373525,-0.18060014523980877,0.1,-0.25195795575011504,-0.08312343251910531
0.09784020809254901,0.49326302170716,-0.5,0.5,0.41374845801815074,0.87656766949441,0.9789359877260212,-0.5,1.1538461538461537,3.7571783013058395,0.31296115358074095,0.06652805585664144,24.31494109969259,0.09584582684935666,0.901914994612144,1.1111930317988479,0.7273956428482388,-0.31918315770764005,0.6816720257234726,-2.911605003181219
0.6340695542481842,0.7268782663214921,-0.25,0.5,-1.0544267877459537,1.7173001661372898,1.589326350147834,-0.5,1.7692307692307692,-4.4602769984936534,-0.056440957040302824,0.045298894807810845,0.0,0.09584582684935666,1.2461548471310226,0.7580130798533254,0.8802307941395996,-0.9,0.6816720257234726,3.88368705509653
0.6211326874585767,1.2553488589572788,-0.6237815278279897,0.5,1.5255986849891081,2.7649939916266457,2.0934312256791823,-0.75,1.7692307692307692,2.4852284179860407,-0.1690413935204925,-0.0588535361196396,0.0,-0.07303488063157096,-0.0017123291624167396,0.3693612718046152,1.1658703313722913,-0.9,1.4533762057877813,0.1357945838037763
0.5989383950106286,-1.3842513749781458,1.071662603528862,-0.07166260352886189,0.10688473422455673,-0.10759429460204877,-0.38858098622403636,0.25,-0.15384615384615385,-0.011120769504232464,-0.19255055018844722,-0.08061578315994906,0.0,-0.10096891120130917,-0.007462402561583713,-0.5658413477967188,-0.26673804518410027,-0.9,-0.3884197339883932,-0.12629901820193723
0.906461704434793,0.6312063604325584,-0.27619829057820017,0.5,-0.45881337164132296,2.6252508239003616,1.501044381941266,0.6190085471089992,1.6805596318891687,-0.6967981735447326,-0.131039805839965,-0.046557516277817575,0.0,-0.055337337241021495,-0.01447467633813082,0.5856941550635801,1.1336019883290145,-0.9,1.3725068843888355,-1.600274493532701
0.8818922656659469,0.764809083955343,-0.25,0.5,-1.2637356385610703,2.6186583369200855,1.7633074214670317,0.011677442115666126,1.7692307692307692,-5.213488173565721,-0.15197464218252926,-0.051890393237559465,0.0,-0.06567677323869585,-0.020801348217670712,1.0103159015335075,1.3298641504920492,-0.9,1.4533762057877813,-0.5113932629721709
0.8886349330801866,0.7423822805385047,-0.25,0.5,0.2038580336813343,3.025516692144535,1.7999884809700655,-0.04817022789797343,1.7692307692307692,-1.0488414558772945,-0.16796385665000993,-0.058838494671482805,0.0,-0.07303488063157096,-0.056186162629176264,0.44636821488528255,1.1786430645600379,-0.9,1.4533762057877813,-0.755887606435317
0.6201182067936657,-1.3488201504790358,1.026793002834944,0.0,0.005346881632057723,-0.12252043718406043,-0.41535039676181557,0.25,-0.15384615384615385,0.07977333825224184,-0.19212566909918402,-0.07977955455518664,0.0,-0.09956541541731506,-0.013517099436594723,-0.5509833083443423,-0.2174385533506556,-0.9,-0.3054662379421222,-0.2301123162081974
0.06509534626341695,0.5594134639316497,-0.5,0.5,0.33332748366671394,1.2831118997584046,1.3558200246050558,-0.5,1.1538461538461537,5.661682224368274,0.4326453162740203,0.06700616698223326,114.62962132547592,0.09584582684935666,0.8198679537452668,0.9820662643858129,0.606522462225025,1.4,0.6816720257234726,-3.091041601335696
0.6242259398634256,-1.5906007753309217,1.25,-0.11684568338624421,-0.03562710151349411,-0.08877511796038337,-0.36486847060667954,0.25,-0.15384615384615385,0.27639261066697773,-0.19270608226939134,-0.08089916717647716,0.0,-0.10144580292844603,-0.007719646946054435,-0.5708738426498254,-0.2816642676704274,-0.9,-0.41367060069208467,-0.12613585080722667
0.11674642351371389,0.5244480966823155,-0.5,0.5,0.13471966934999507,0.9636837475951981,1.1199918957822856,-0.5,1.0978914222381393,3.7635247856727085,0.33048737676247597,0.06993422568766966,9.956101952229266,0.09584582684935666,0.9531231257653846,1.174209952774174,0.7122446194239053,0.8423178416401217,0.6816720257234726,-3.2920548026339986
0.3085896371013714,0.8706478512893113,-0.25,0.5,-2.2985695385105243,2.0600771693922786,1.2798276668306732,-0.25,1.3076923076923077,-4.352094609037104,-0.07827642349754696,-0.043001666787854526,0.0,-0.05523346809304688,-0.09603021708047214,-0.1279328177911147,-0.09357485970863964,0.1,-0.07395498392282958,-0.39975216561757154
-0.08375073360995619,0.8815758669512513,-0.25,0.5,-2.356411702578913,1.5636046948462552,0.971978148439592,-0.25,1.1160874348014223,-3.715891252374649,-0.0843644942510355,-0.04736347088920335,0.0,-0.06616202974712375,0.2158351068630549,-0.1958173748400355,-0.1965866181717241,0.1,-0.28019206173705424,0.04593035882445687
-0.07829368465583447,-0.09129751768216969,0.0,-0.25,1.47549500555953,-0.061154588843536924,0.15252504979125245,-1.0,0.07692307692307693,0.4730759279880938,-0.18669406268335997,-0.07488856709482751,0.0,-0.09337875279918018,-0.015204633058275742,-0.3589815332960268,0.014217523252313879,-0.9,-0.1382636655948553,-0.2435615256613667
0.5852772059502288,0.7009696639962304,-0.25,0.5,-0.9903705275759116,1.5716279977697447,1.49197512676191,-0.5,1.7692307692307692,-3.9997096553661518,-0.0371538725609999,0.050211185154826574,0.0,0.09584582684935666,1.400268359571222,0.7844084079935714,0.8755770363685268,-0.9,0.6816720257234726,3.778453838537701
0.9614303920216967,0.6079820220986625,-0.25,0.5,-0.06850013340339171,3.0630431372948923,1.670654379701898,0.75,1.7692307692307692,-1.4668332330417977,-0.16780833053751026,-0.05885577254815205,0.0,-0.07303488063157096,-0.07920839241781069,0.46335031783108227,1.178207304911936,-0.9,1.4533762057877813,-1.159364790905182
0.3141292527933591,0.6277662664224523,-0.41812566195552137,0.5,0.40140711885447544,1.5318876640064878,1.3779068107467243,-0.5818743380444786,1.3553829859556397,3.083035084096126,0.17089274456213674,0.03187457763908141,0.4803590341586324,0.040537842315419924,0.7274767516238755,0.9321507095213545,0.8655141783324088,-0.3619978817423317,0.9344031013591624,-2.0866841279421093
0.6369816872674577,-1.4253003291814952,1.2200594670451872,0.0,-0.0951043895204818,-0.1074102889255462,-0.38580330177002353,0.25,-0.15384615384615385,0.14761833711988612,-0.19213889674152065,-0.07977865767622248,0.0,-0.09956541541731506,-0.01516719130031381,-0.5514159137482822,-0.21738617677228053,-0.9,-0.3054662379421222,-0.2588644009505654
0.7324751809566407,0.9550740014234427,-0.3047363596300525,0.5,0.6036618469991664,2.8191665589614794,2.0485947528034956,-0.75,1.7692307692307692,1.2094759937422084,-0.1681216505517046,-0.05884069733280867,0.0,-0.07303488063157096,-0.015736944367136844,0.43509136084980404,1.1767726325959817,-0.9,1.4533762057877813,0.025235791268027524
0.5733876655095413,-1.2279643376418663,1.0,0.0,0.22668361256684144,-0.10263777483697295,-0.3794251436469594,0.25,-0.15384615384615385,-0.2059644117650018,-0.19212383531876032,-0.079779678891712,0.0,-0.09956541541731506,-0.008505397010679035,-0.5514829322887519,-0.2173780626761423,-0.9,-0.3054662379421222,-0.14696619077212073
0.40160466038833476,0.8297515959008335,-0.25,0.5,-2.196408146206119,2.160572914856333,1.3086546128026892,-0.25,1.3076923076923077,-4.102292763898821,-0.07679735936435987,-0.04078812460430803,0.0,-0.05079325919459521,-0.1908426402955447,-0.12097319659717087,-0.09209032088618152,0.1,-0.07395498392282958,-0.4358915128577644
0.44225385387384086,0.861603823694336,-0.25,0.5,-2.165623040308823,2.201459666516863,1.4447866383481953,-0.3027071903481654,1.4049978898735362,-5.506163682501141,-0.08398706834728781,-0.04098624269314709,0.0,-0.05230563767803594,-0.056912259461801534,0.14831806600658126,0.21560328036873178,-0.11082876139266173,0.24805035904023898,-0.3801719764358598
0.22376968541431533,0.7735707717180258,-0.5,0.5,-0.9759863834116406,0.7462836986646508,0.7712966109073309,-0.5,0.9230769230769231,-1.905329325685718,0.15761779518009886,0.0624547289727541,0.0,0.09584582684935666,1.0458800938230204,1.1609155460764151,0.7738992678249559,-0.9,0.6816720257234726,-1.0043648704552481
0.7478474019144524,0.8103972052294048,-0.25,0.5,-1.313546846895794,2.1097942832298204,1.8142786642674102,-0.5,1.7692307692307692,-5.696434806670307,-0.09046858000541179,0.032757463721816336,0.0,0.08247639323360213,0.8859239452894567,0.7779473598008068,0.9125058545602727,-0.9,0.7487487753729314,2.773642842412477
0.6094619360003338,-1.3794862063994544,1.115723364545363,0.0,0.049514125514872415,-0.10699714563137701,-0.3866305341782626,0.25,-0.15384615384615385,0.04014365184614074,-0.19213175571655128,-0.07977914186190838,0.0,-0.09956541541731506,-0.013572171376788695,-0.5514414028631016,-0.2173834923164802,-0.9,-0.3054662379421222,-0.22957439296864796
0.615903685392838,1.298822069029458,-0.75,0.5,2.0470277484113493,2.7669468408283664,2.1043821094207744,-0.75,1.7692307692307692,3.1346771385188856,-0.1694322139661785,-0.05885454033198369,0.0,-0.07303488063157096,0.013402198289498644,0.32869009542654987,1.163696476530643,-0.9,1.4533762057877813,0.27870708564551583
0.6046809449273868,-1.3115851860917223,1.0636401314539174,0.0,0.07899971456219357,-0.11308536686083037,-0.394946212901587,0.25,-0.15384615384615385,-0.04890313685787023,-0.19212819100923445,-0.07977938356114128,0.0,-0.09956541541731506,-0.011822060073895909,-0.5510657865281564,-0.2174285675182563,-0.9,-0.3054662379421222,-0.2008386800404685
1.0008121414636093,0.6123495433314559,-0.25,0.5,-0.16549126463518873,2.954551104001817,1.6048392037175,0.75,1.7692307692307692,-0.734739287257954,-0.16722832778544983,-0.05892020684704155,0.0,-0.07303488063157096,-0.0984832665427135,0.5266815892557359,1.1765822286397019,-0.9,1.4533762057877813,-1.3160391924848858
0.6365780723222179,-1.4238793980224556,1.218104924301109,0.0,-0.09292886619363287,-0.10748120204097761,-0.3859175473045951,0.25,-0.15384615384615385,0.14516269684007788,-0.19213876296770505,-0.0797786667465404,0.0,-0.09956541541731506,-0.01512539210751025,-0.5514115387225541,-0.2173867064671846,-0.9,-0.3054662379421222,-0.25813933872378875
0.34806300087297465,0.8583748236929375,-0.25,0.5,-2.3042198091587403,2.1301163681575974,1.330180255822134,-0.25,1.3076923076923077,-5.09407761696144,-0.07020184216267233,-0.03979361277420432,0.0,-0.05079325919459521,-0.11768146585256162,-0.12435914535736432,-0.09219282351613856,0.1,-0.07395498392282958,-0.49315092026887747
0.30767904300650384,0.8766002646812726,-0.25,0.5,-2.3296877511424974,2.0780533218956996,1.3035560651274123,-0.25,1.3076923076923077,-4.91752709542092,-0.06991648209556885,-0.04005666143697506,0.0,-0.05079325919459521,-0.09617685261782835,-0.12658527161385122,-0.09222164046374148,0.1,-0.07395498392282958,-0.5111674565204984
0.4700091118851882,0.7372221226331936,-0.25,0.5,-1.9273238968857416,2.232682822909454,1.2572557215634739,-0.25,1.3076923076923077,-3.384293191417497,-0.07751220184714118,-0.04020961497495483,0.0,-0.05079325919459521,-0.2546395432120456,-0.11697863882858633,-0.09213636972635561,0.1,-0.07395498392282958,-0.4266813757816911
0.6136978695486416,-1.3433293752109818,1.107305423832772,0.0,0.030397624670994383,-0.11150113856590593,-0.3923939204612406,0.25,-0.15384615384615385,0.005956881486569837,-0.19213117957154127,-0.07977918092649197,0.0,-0.09956541541731506,-0.0127558713095404,-0.5511635264103698,-0.2174167339152673,-0.9,-0.3054662379421222,-0.21703686973009795
0.21177894531693767,-0.6141161589246799,0.3219516370510769,-0.25,0.5312610101889812,0.01681080157992193,0.14050076605930442,-1.0,0.07692307692307693,0.4986741770848217,-0.18647738342466638,-0.07490040176049083,0.0,-0.09337875279918018,-0.04643539628523269,-0.34876955341613247,0.014481846715466921,-0.9,-0.1382636655948553,-0.7457749770012237
0.5920613120687235,-1.2686453477153496,1.003371187801755,0.0,0.14691250752455673,-0.11514968453340751,-0.3983154481875618,0.25,-0.15384615384615385,-0.1239357686868062,-0.1921240660513226,-0.07977966324726259,0.0,-0.09956541541731506,-0.010551704402103894,-0.5509384272537291,-0.21744399891080235,-0.9,-0.3054662379421222,-0.17875542309779435
0.7369154827522051,0.7941437915056258,-0.25,0.5,-1.3360150255343302,2.1014574989668553,1.6978664915285797,-0.5,1.7692307692307692,-5.028360589876398,-0.09807852943487946,-0.007697372082752098,0.0,0.002670040025665732,0.6196501534035372,1.025806840992447,1.1730324741738276,-0.9,1.149150985998884,1.539597630546088
0.6996409916507074,0.8738724794752125,-0.25,0.5,-1.7709419040169134,2.3672841491207435,1.7177830024450147,-0.4406933020660014,1.6597414807372333,-5.640953887864721,-0.12750915653974457,-0.04564546038768156,0.0,-0.056265006883588146,0.04693112378264049,0.8623200596459748,1.021619455781921,-0.6627732082640055,1.0910523277344135,-0.030891627536524885
0.9449580340940367,0.6812750331214155,-0.25,0.5,-0.5319028077849172,2.8642727458932176,1.5630379165989738,0.75,1.7692307692307692,-1.9653139427065258,-0.16729759104298644,-0.058908919779769885,0.0,-0.07303488063157096,-0.13599912580358164,0.5157039335210015,1.1793772157475506,-0.9,1.4533762057877813,-2.013474062343643
0.16365812774475316,0.6725453039860301,-0.5,0.5,-0.4213687652621091,0.7644242882338118,0.812868067917722,-0.5,0.9230769230769231,-0.4261447398541657,0.20755182094637348,0.065111559028904,0.0,0.09584582684935666,1.024248599110227,1.1348429968879823,0.7510060080563623,-0.9,0.6816720257234726,-1.6059489714613289
0.1624565685151142,0.7037803975201107,-0.5,0.5,-0.8716022959322136,0.737066745499463,0.758471911345245,-0.5,0.9230769230769231,-1.413257561009635,0.17008594882099448,0.060595871860781664,0.0,0.09584582684935666,0.9673804459038922,1.1096350939492832,0.7675447919325784,-0.9,0.6816720257234726,-1.028873680250097
0.2986032603450639,0.6230454557077842,-0.4598296566851111,0.5,-0.9319628803228563,1.0686564519377808,0.8855301159370909,-0.29914828342555544,1.059038085065778,-1.008355283288537,0.12261596999790439,0.04009614347938277,0.0,0.0687098428542759,0.6805707764759042,0.9993302296930295,0.8323411018487994,-0.9,0.8056705131263452,-1.3659404342704624
0.6278502343932196,-1.5433493108274547,1.25,-0.04664175601282644,-0.05441103965974187,-0.09386928049088081,-0.3695530809115606,0.25,-0.15384615384615385,0.2522688450191992,-0.1923665336596646,-0.08022585242795004,0.0,-0.10031601717650732,-0.013404907206147842,-0.559559499570058,-0.24299925693184524,-0.9,-0.3486586036388875,-0.22477607316343023
0.9817034335512574,0.623553126906931,-0.25,0.5,-0.2746005663486839,2.9253174427717377,1.6184311813017178,0.75,1.7692307692307692,-0.9468197749126122,-0.1674380235111708,-0.05889691110056629,0.0,-0.07303488063157096,-0.10118851175612507,0.5037846342412194,1.1771697630040603,-0.9,1.4533762057877813,-1.4622117005714355
0.6324957395186228,-1.5007064203069067,1.25,0.0,-0.07755992698738713,-0.09882626591852131,-0.3746397674259044,0.25,-0.15384615384615385,0.22739839379707272,-0.19214094594681302,-0.07977851873316119,0.0,-0.09956541541731506,-0.016943740599240913,-0.5519455100194207,-0.21732277439697845,-0.9,-0.3054662379421222,-0.28678395885489427
0.5955363291612144,-1.2907809837699806,1.0258086438433938,0.0,0.12746142096611715,-0.11352156980929767,-0.3959818953180675,0.25,-0.15384615384615385,-0.09116804764881584,-0.1921256017271817,-0.07977955912323664,0.0,-0.09956541541731506,-0.011154911183974877,-0.5510388747346094,-0.21743191535274695,-0.9,-0.3054662379421222,-0.18890429992072166
0.8103155721563841,0.861877675563697,-0.25,0.5,-1.6361517464700284,2.4593982920360418,1.8168780135389793,-0.47994156358458945,1.7321998096946265,-5.749569618344944,-0.13733309869132065,-0.046231091452460814,0.0,-0.057391195281054755,0.049886673288840354,1.0699942998186598,1.2507334840464828,-0.8197662543383578,1.3308327035714467,0.07209406427821254
0.6308908293674925,-1.3947440944334237,1.1311278473925637,0.0,-0.05718516353383915,-0.11494965481253248,-0.4007209984192707,0.25,-0.15384615384615385,0.12906980172107696,-0.19213281003805666,-0.07977907037533839,0.0,-0.09956541541731506,-0.01458770873397019,-0.5512168502459821,-0.21741027787003586,-0.9,-0.3054662379421222,-0.2487437767777449
0.6352730677458444,0.7370305093694767,-0.25,0.5,-1.0966402532225785,1.7401046692238784,1.5973577735835809,-0.5,1.7692307692307692,-4.57274784576304,-0.051714671668107094,0.04749148498119565,0.0,0.09584582684935666,1.2619989627534545,0.7745823894756995,0.8717694123511525,-0.9,0.6816720257234726,3.4336437925851477
0.095868604732431,0.9235677497820096,-0.25,0.5,-2.406600883407142,1.8270471781350643,1.163567267565836,-0.25,1.3022703436641865,-4.547591548609923,-0.08564143160778553,-0.04908932447811579,0.0,-0.0672529314268478,0.15476015458419012,-0.14773488326747494,-0.10042304653556458,0.1,-0.07979100468943257,-0.28241126868261063
-0.06758976301355268,0.8386123834847479,-0.25,0.5,-2.274657359509697,1.6015297645189444,0.9604505302576943,-0.25,1.0344735083594008,-3.5351930829282656,-0.09030234653641406,-0.04872446793242648,0.0,-0.06543701738368624,0.1260214245892717,-0.21500425774374365,-0.23832665964303848,0.1,-0.3680385629475582,0.15050204727235128
-0.07764420315133531,0.8830034677535217,-0.25,0.5,-2.3581179874603135,1.5725609662764022,0.9784916163227362,-0.25,1.1224171073986897,-3.7441666220440526,-0.08440790637433306,-0.04742214484716953,0.0,-0.06619911720327448,0.21375873769372428,-0.19418271121181005,-0.1933173389024362,0.1,-0.2733790138208637,0.03476770692011061
0.08661702045589915,0.49723244980055575,-0.5,0.5,0.32440410741211895,1.1885806525704627,1.338476069389651,-0.5,1.1538461538461537,5.5866992777733175,0.40337096497818703,0.06751250100582094,97.53742652142417,0.09584582684935666,0.8470803207654851,1.0949768828792827,0.6934247987527838,1.4,0.6816720257234726,-3.689049112727856
0.1028352330788067,0.4989103498535365,-0.5,0.5,0.34559150403405176,1.0664993174527926,1.2411699609169462,-0.5,1.1538461538461537,5.11717704410729,0.3744255260953506,0.07057699456653993,24.324978961386208,0.09584582684935666,0.924096506669663,1.1519857256228596,0.6808685363105969,1.4,0.6816720257234726,-3.6405247760888853
0.14359606764753868,0.9131976308131702,-0.25,0.5,-2.3924001888587023,1.887813800520642,1.1992980278961831,-0.25,1.3076923076923077,-4.7269938941745435,-0.08245992278189454,-0.04736133930250183,0.0,-0.06426795516861358,0.10855012692917435,-0.14254709939850205,-0.09663726567942428,0.1,-0.07395498392282958,-0.33266538773510745
0.12860867832065004,-0.3510142365256227,0.0,-0.25,1.1247372162021754,-0.022925551125050327,0.13983913838068018,-1.0,0.07692307692307693,0.44822382907442504,-0.18669406268335997,-0.07488855445095746,0.0,-0.09337875279918018,-0.03571555175505198,-0.36022735955168717,0.014535947571864433,-0.9,-0.1382636655948553,-0.588823444892538
0.342235114454172,0.8595846162727344,-0.25,0.5,-2.3114689324591273,2.1280685075061934,1.3316890809605957,-0.25,1.3076923076923077,-5.223785537173267,-0.06935902504721375,-0.03964441783984774,0.0,-0.05079325919459521,-0.10663326162544913,-0.12486452115326206,-0.09221005577781677,0.1,-0.07395498392282958,-0.501613031504883
0.07406232647129002,0.800748518015073,-0.25,0.5,-2.1520909509115227,1.766769344070959,1.0268147135891985,-0.25,1.1019559323309442,-3.4019790238682477,-0.08663076825013674,-0.04644050341992313,0.0,-0.06182014950685715,0.0167567892565203,-0.18983136205085954,-0.20222746527670998,0.1,-0.29540273843156395,0.008382856966602181
0.6275236401144049,-1.4945381034561476,1.2323439972818964,0.0,-0.05158459163241419,-0.09853487749629977,-0.37450168981820897,0.25,-0.15384615384615385,0.2104567369700982,-0.1921397375256314,-0.0797786006682113,0.0,-0.09956541541731506,-0.01670739118255525,-0.5519634873968969,-0.2173206869706551,-0.9,-0.3054662379421222,-0.2823240645204717
0.6410034768327895,0.7408417193610536,-0.25,0.5,-1.107316248436142,1.758691820895315,1.6091998295031096,-0.5,1.7692307692307692,-4.634637447259628,-0.05359194169282999,0.04709293637646002,0.0,0.09584582684935666,1.245396232287301,0.772671147662814,0.8716237615396544,-0.9,0.6816720257234726,3.410940205346185
0.8896825610734544,0.7485438461794807,-0.25,0.5,-0.03283491820775769,2.839244736252835,1.7825083858795123,0.10741903420484977,1.7692307692307692,0.05147123233404227,-0.16754341901755598,-0.05888520238791638,0.0,-0.07303488063157096,-0.07272763792560377,0.4922763588095803,1.1774650645970584,-0.9,1.4533762057877813,-0.9311621983177312
0.11039223923096239,0.5226371802856862,-0.5,0.5,0.49360259580463783,1.2008955960943735,1.3033753177687297,-0.5,1.1538461538461537,5.431877539763047,0.40151009253496445,0.06787703215514117,69.52771233446713,0.09584582684935666,0.8463514672542152,0.9857921144497866,0.5966425390028951,0.9800313595095737,0.6816720257234726,-2.9937338709406114
0.42476349750704123,0.8004680616583332,-0.25,0.5,-2.109988514609263,2.184986261922261,1.291945267594188,-0.25,1.3076923076923077,-3.8662533828036807,-0.0785423124040612,-0.04085514048556162,0.0,-0.05079325919459521,-0.19512793127748723,-0.1207221639993329,-0.09209986613528402,0.1,-0.07395498392282958,-0.4308991512391819
-0.0554484645743152,-0.1124593953112127,0.0,-0.25,1.4449156152968594,-0.0643656210370727,0.15214040702610812,-1.0,0.07692307692307693,0.484534362323196,-0.18669406268335997,-0.07488856709482751,0.0,-0.09337875279918018,-0.01749249288900164,-0.3589815332960268,0.01421752325231388,-0.9,-0.1382636655948553,-0.2831407064251426
0.05259604820661706,0.8259345170885605,-0.25,0.5,-2.2248255850673573,1.7435831407863196,1.0374139480649862,-0.25,1.0995936112013058,-3.585191336385406,-0.08771311772276304,-0.046857067278164556,0.0,-0.06194676326649547,0.04895252908297934,-0.19250192785853024,-0.203475527667789,0.1,-0.297945461898273,0.01253989271301234
0.11100605864008885,-0.3809698132664151,0.0,-0.25,0.9696425101554214,-0.02313968407954623,0.1448131615832447,-1.0,0.07692307692307693,0.4943011602499117,-0.18669406268335997,-0.07488855730539928,0.0,-0.09337875279918018,-0.036227923628765056,-0.3599461055871016,0.01446406106129591,-0.9,-0.1382636655948553,-0.5994067789186301
0.7418857287797256,0.7948540413165625,-0.25,0.5,-1.3171049168317952,2.10280083828007,1.7227315134808379,-0.5,1.7692307692307692,-5.135537821290323,-0.10036838692831154,-0.0014034254333577245,0.0,0.017768965741118387,0.6515546224394763,0.9674747811406438,1.1275468298630895,-0.9,1.0733970767982932,1.9858917337329969
0.1574144980658365,0.9094279920907987,-0.25,0.5,-2.387307356901172,1.9050783602273043,1.2091022014356094,-0.25,1.3076923076923077,-4.777453625350753,-0.08141331492324516,-0.04678311585339621,0.0,-0.06328701450888707,0.0941025734575621,-0.1413155231676787,-0.09631686946346649,0.1,-0.07395498392282958,-0.3458970930182059
0.5974676754645482,-1.2861907861588697,1.0287092061848009,0.0,0.11787992988704288,-0.11435270201798653,-0.39698797036252736,0.25,-0.15384615384615385,-0.0927895073973242,-0.19212580024895518,-0.07977954566278783,0.0,-0.09956541541731506,-0.011075039071385566,-0.5509875975516166,-0.21743803404599843,-0.9,-0.3054662379421222,-0.18788061374300277
-0.0874697615420281,-0.10853919080610079,0.0,-0.25,1.341340396908265,-0.08312655230828798,0.15517247920389063,-1.0,0.07692307692307693,0.49215420270955584,-0.18669057998588406,-0.07488904749313947,0.0,-0.09337875279918018,-0.011169403898493253,-0.35863983209712264,0.014123952199945167,-0.9,-0.1382636655948553,-0.17500269702168922
0.18598759554253086,-0.4637196503740169,0.0,-0.25,0.9177780600056485,-0.001314840052078988,0.13693768205507903,-1.0,0.07692307692307693,0.44657683804374654,-0.18669406268335997,-0.07488855005680269,0.0,-0.09337875279918018,-0.042508181808629426,-0.36066032456631214,0.014646610346504784,-0.9,-0.1382636655948553,-0.7027862258026919
0.195724738452194,0.8226192452684574,-0.25,0.5,-2.157902056976498,1.919816506377806,1.1367165529575463,-0.25,1.3076923076923077,-3.709301487722324,-0.08396141458296505,-0.04588681742724715,0.0,-0.060378715117779064,0.003275243107662751,-0.18037430470394228,-0.18809609041304165,0.1,-0.26645510227179764,-0.10881758389196089
0.44463249199312366,0.7739022909510769,-0.25,0.5,-2.032541142227108,2.2059315561852415,1.2771210133663529,-0.25,1.3076923076923077,-3.6587719603300846,-0.07897848580872509,-0.04072707747080963,0.0,-0.05079325919459521,-0.21102587904746156,-0.11972936365263447,-0.09211232244512105,0.1,-0.07395498392282958,-0.42793895052056524
0.107795992949293,0.5144857120924656,-0.5,0.5,0.49274335352261495,1.0558673167028454,1.139141328536395,-0.5,1.1538461538461537,4.597926049556701,0.3577932696234899,0.06541291418638016,49.95879590712186,0.09584582684935666,0.8323995540534763,1.0105125216901594,0.640559358823194,0.2933777657339198,0.6816720257234726,-2.7980919665389967
0.6310993448172975,-1.55604581794035,1.25,-0.11685264186210353,-0.0684004601977222,-0.09360535618936032,-0.37093303823865686,0.25,-0.15384615384615385,0.24922936628155462,-0.1927061159247849,-0.08089923391411703,0.0,-0.10144591491059823,-0.006987005013475189,-0.5705769286086928,-0.2817037219102415,-0.9,-0.4136770445539737,-0.11529374633974464
0.21123655858133444,0.9117714410997647,-0.25,0.5,-2.3903037256181516,1.9723229132754547,1.2570410796230487,-0.25,1.3076923076923077,-5.01471867004802,-0.07653374950620423,-0.04214099812930848,0.0,-0.051647904002328326,-0.007537626891906644,-0.1394368807938956,-0.0921146547421516,0.1,-0.07395498392282958,-0.5116274480095416
0.1693420568081737,-0.5471628327244029,0.3316978609030397,-0.25,0.6099057085904567,-0.006906789664845977,0.14556338547179798,-1.0,0.07692307692307693,0.5369127516778791,-0.1864708240402239,-0.07490076627416152,0.0,-0.09337875279918018,-0.04235513027017039,-0.34784450383089954,0.014332426386035768,-0.9,-0.1382636655948553,-0.678766513457157
0.9859667989895863,0.6396890039645641,-0.25,0.5,-0.41234928377706304,2.849862678510755,1.5849945299553874,0.75,1.7692307692307692,-0.8488289707201664,-0.16723869275618547,-0.05891851778236104,0.0,-0.07303488063157096,-0.11698196652927204,0.5250388267798841,1.177000487332834,-0.9,1.4533762057877813,-1.690537142430772
0.4399352279211567,0.7806918648788155,-0.25,0.5,-2.052017068823931,2.2009798421824427,1.280798119374233,-0.25,1.3076923076923077,-3.709578539977597,-0.07924989795901714,-0.04082286083363366,0.0,-0.05079325919459521,-0.2029529009046476,-0.12023852842488648,-0.09210787124434443,0.1,-0.07395498392282958,-0.4281717301682824
0.617351816443595,-1.3404725579799561,1.0025099419025136,-0.0025099419025136904,0.021190098580722766,-0.12410034604790926,-0.41854875200553276,0.25,-0.15384615384615385,0.06927028566124649,-0.19213878076421043,-0.07980896296784627,0.0,-0.09961457205836327,-0.013109220571798167,-0.5514458300994599,-0.21917224677135055,-0.9,-0.30837163692895475,-0.22306105662529638
0.9802031128581881,0.6224007763470146,-0.25,0.5,-0.25934795889225054,2.935509929634606,1.6222959958192538,0.75,1.7692307692307692,-0.9853037365208457,-0.16746542834303066,-0.05889386661306894,0.0,-0.07303488063157096,-0.09956185756951373,0.5007922642245259,1.1772465470224842,-0.9,1.4533762057877813,-1.4397993020794855
0.8525285872290707,0.8321842149876528,-0.25,0.5,0.19325252693743755,2.9273100514039747,1.8308642028868691,-0.46481166878195235,1.7692307692307692,-0.7981838701918735,-0.16783867475921116,-0.05885164111249528,0.0,-0.07303488063157096,-0.06202177364077659,0.4593142011350912,1.1788428614434328,-0.9,1.4533762057877813,-0.8064211743503158
0.10246929826134368,0.8391775653515924,-0.43633983630905904,0.5,-1.1464855745504403,0.9125796364695578,0.7919793553214052,-0.43633983630905904,0.9426646657510588,-2.4049334209031965,0.09131709911732422,0.03572208362601972,0.0,0.054765244503230795,0.9073848043879187,0.8002708389933637,0.5159131836529645,-0.6453593452362362,0.404924304468964,-0.435446862592895
0.9657410184894152,0.6112928828010524,-0.25,0.5,-0.11232295988785357,3.033758729070761,1.6595502392144192,0.75,1.7692307692307692,-1.3562635500017368,-0.16772959270892182,-0.058864519776959424,0.0,-0.07303488063157096,-0.08388199228417487,0.4719478059912824,1.1779866939294676,-0.9,1.4533762057877813,-1.2237586758864065
0.9523667336411048,0.6737620442234699,-0.25,0.5,-0.5103041046436892,2.861669403413589,1.5670046283944434,0.75,1.7692307692307692,-1.7636082408320135,-0.16728695039794733,-0.058910653768043636,0.0,-0.07303488063157096,-0.13256345980239978,0.5173903881029711,1.1789478327418819,-0.9,1.4533762057877813,-1.955131836763723
-0.04115141970264822,-0.11940344742088617,0.0,-0.25,1.4339149274561984,-0.06637515612544276,0.15195506164437725,-1.0,0.07692307692307693,0.4900725534139498,-0.18669406268335997,-0.07488856709482751,0.0,-0.09337875279918018,-0.018924286259485893,-0.3589815332960268,0.01421752325231384,-0.9,-0.1382636655948553,-0.30791023463911205
-0.02166059864465661,0.8827984819533996,-0.25,0.5,-2.351507920097181,1.6717584416188944,1.0373370022533617,-0.25,1.145100365707741,-4.010051464874773,-0.08884621424265171,-0.04944261142885217,0.0,-0.06728470034539037,0.16029434091206773,-0.1889160765801774,-0.18172319069819493,0.1,-0.24896351311682857,-0.019565339284571492
0.6370515357174715,0.8619400329748569,-0.25,0.5,-1.8849557859442774,2.3383595574774323,1.64311492478469,-0.39703977146318287,1.5791503473166453,-5.66013471422713,-0.11245100233054296,-0.043791981215783406,0.0,-0.055012413831789814,0.002143155157517951,0.6386152195579421,0.7665582268813992,-0.4881590858527315,0.8243587324117281,-0.13989690701952168
0.966963987941483,0.6122322083328277,-0.25,0.5,-0.12475595042765483,3.0254504386289427,1.6563998793515657,0.75,1.7692307692307692,-1.324893783751873,-0.16770725397003852,-0.058867001456525445,0.0,-0.07303488063157096,-0.08520794105532327,0.47438700258212124,1.1779241043048807,-0.9,1.4533762057877813,-1.2420278891485061
0.617351816443595,-1.6802216370170817,1.25,-0.25,-6.336378724111102e-16,-0.07975231816756818,-0.3565118214807475,0.25,-0.15384615384615385,0.3193098984261137,-0.19336858593842654,-0.08221289215881099,0.0,-0.10365016243527915,0.0028475818109580196,-0.5930827902961898,-0.35742399039404193,-0.9,-0.5410561910081644,0.05668913146520266
0.9324541762600935,0.6463058297680282,-0.25,0.5,0.07720293063315886,3.090528954881299,1.726775174342579,0.4959291116815936,1.7692307692307692,-1.482660258172949,-0.16796385665000993,-0.058838494671482805,0.0,-0.07303488063157096,-0.06558708576615939,0.44636821488528255,1.1786430645600379,-0.9,1.4533762057877813,-0.9442256701260505
0.6178031899674976,-1.6743368890013903,1.25,-0.24125672766662815,-0.0023393717823269045,-0.08850063774653702,-0.36380469205838495,0.25,-0.15384615384615385,0.28028310733245826,-0.19356099656833212,-0.08259443668933664,0.0,-0.10429037353307702,-0.0006009095008696931,-0.6011849182264423,-0.3833865459969674,-0.9,-0.5847344757555825,-0.009720989070037322
0.7520153232766291,0.8125221333362411,-0.25,0.5,-1.3243975697077102,2.125267147915265,1.8161331692270846,-0.5,1.7692307692307692,-5.701828122851915,-0.0926401690345134,0.02949855333644287,0.0,0.07672735043173151,0.8523848946283918,0.7941497488532973,0.9311475638764384,-0.9,0.7775927126576551,2.665112270609516
0.3403600173704607,0.8602156937999194,-0.25,0.5,-2.315241501732334,2.1274096172569075,1.3321862831008493,-0.25,1.3076923076923077,-5.266240999243935,-0.06763803645738166,-0.03932920418709497,0.0,-0.05079325919459521,-0.1038488997957971,-0.12397288317137098,-0.09229483934892337,0.1,-0.07395498392282958,-0.511634188102526
0.9436314530890666,0.6812874661729641,-0.25,0.5,-0.5136838063070294,2.876662534476987,1.5636182826879514,0.75,1.7692307692307692,-2.032901997505261,-0.1673006849981925,-0.05890841559209826,0.0,-0.07303488063157096,-0.13535425336253057,0.5152135671085778,1.17950206642915,-0.9,1.4533762057877813,-1.9959742143891626
0.6279190761058928,-1.542451792230112,1.25,-0.04530826654141504,-0.05476783143317687,-0.09396604163166349,-0.3696420628069181,0.25,-0.15384615384615385,0.25181062581828473,-0.19236008409889155,-0.08021306314162806,0.0,-0.10029455744538505,-0.013512895960947032,-0.5593445891236302,-0.24226483384953446,-0.9,-0.3474237323598956,-0.22664969623397488
0.23791950510830936,0.7077183233875493,-0.5,0.5,-1.1953200432561673,0.7450774171704689,0.7699391872152105,-0.5,0.9230769230769231,-1.637865331838475,0.16506004535770047,0.0610367023634801,0.0,0.09584582684935666,0.9530736594116498,1.1655612989545705,0.7679178669945187,-0.9,0.6816720257234726,-1.3353368910451624
0.7756249076879678,0.8175456577075542,-0.25,0.5,-1.4193060026028554,2.2340902741684867,1.7533869418163506,-0.5,1.7692307692307692,-5.302958203224035,-0.1136789432541976,-0.021140783449728355,0.0,-0.01814785103609383,0.4297762777236547,1.076600532870669,1.239935796157905,-0.9,1.2535979287125856,1.0530278570325775
0.13322614746264097,0.8854088283336023,-0.25,0.5,-2.3547210455807397,1.86964712228537,1.176687408540145,-0.25,1.3076923076923077,-4.653656007381407,-0.08031120615462121,-0.04563840353012856,0.0,-0.06026714873331582,0.08337355710891847,-0.18413772053651023,-0.1870144887957206,0.1,-0.2642145680306461,-0.1502284939021883
0.6957787877558685,0.7554877688926765,-0.25,0.5,-1.192971637424522,1.9357266433316214,1.736880002754493,-0.5,1.7692307692307692,-5.213488206863033,-0.06428023021391538,0.04303863241999971,0.0,0.09584582684935666,1.0949686202477502,0.8350417382358768,0.8895814706298343,-0.9,0.6816720257234726,3.34122060540881
0.16762893965076248,0.6165553101559632,-0.5349430941565724,0.5,0.5910495882118645,1.1580909270588642,1.202656989460029,-0.5349430941565724,1.2398599240777166,3.946575283174684,0.26528101165682083,0.057193761215570224,0.6144483024097932,0.07224096899841823,0.9386839938338515,1.0533558624881663,0.7757180500662713,-0.21181790130103162,0.7895349530235031,-2.6467011549383295
0.10872104915890778,0.5255262907653786,-0.5,0.5,0.4939775885908346,1.2898574825911664,1.3870966489957048,-0.5,1.1538461538461537,5.873695628791451,0.42173819047539984,0.06528250243631611,96.28571428571429,0.09584582684935666,0.7713835273105961,0.9532707979312909,0.5817698027183879,1.4,0.6816720257234726,-3.11036256075847
-0.05782567161170016,0.8262394517659868,-0.25,0.5,-2.2296303042491386,1.5712539307234985,0.9312404669023887,-0.25,1.062039175399306,-3.1951503106571786,-0.08213426984686964,-0.04498678013851849,0.0,-0.06252021965087193,0.14504301428898597,-0.20345707366007076,-0.2233998917983671,0.1,-0.3383678007558917,0.11426859374320789
0.16563097514340372,0.6212602141583455,-0.5,0.5,-0.9365055497830842,0.7340807396756516,0.7619465910696702,-0.5,0.9230769230769231,-0.9104377277765193,0.1847560687411555,0.060037350324309784,0.0,0.09584582684935666,0.8534563416855042,1.0961344488291735,0.763324490442342,-0.9,0.6816720257234726,-1.4052624579187607
0.7058466401782069,0.7609086479926128,-0.25,0.5,-1.2051530248611928,1.9651690475150814,1.7565275814498544,-0.5,1.7692307692307692,-5.305447719772295,-0.06855804697633382,0.04195384927004677,0.0,0.09584582684935666,1.062381282702662,0.8276069788528371,0.8904793334251109,-0.9,0.6816720257234726,3.3751001655331185
0.1306741629660358,-0.3626515975246959,0.0,-0.25,1.110789580234679,-0.016641940143618382,0.13887856377408744,-1.0,0.07692307692307693,0.43749477711760487,-0.18669406268335997,-0.0748885532160832,0.0,-0.09337875279918018,-0.03590193638833255,-0.36034903422534637,0.014567046752019332,-0.9,-0.1382636655948553,-0.5911131865451552
0.5872181285653911,-1.2560340664682852,1.0,0.0,0.1686469388731801,-0.112357545967514,-0.39377364719884766,0.25,-0.15384615384615385,-0.14773384796072447,-0.19212383531876032,-0.079779678891712,0.0,-0.09956541541731506,-0.009995514454349983,-0.551110689859711,-0.21742313096373558,-0.9,-0.3054662379421222,-0.17033536968750743
0.6185425745100696,-1.3603852159751453,1.1307663561922798,0.0,0.004284199537482103,-0.11064994827621857,-0.39102259882241774,0.25,-0.15384615384615385,0.035432630061736664,-0.19213278529669078,-0.07977907205288683,0.0,-0.09956541541731506,-0.013257598906963132,-0.551216041088287,-0.21741037583670722,-0.9,-0.3054662379421222,-0.22573999781996973
0.9009619120681154,0.7512245707631132,-0.25,0.5,-0.21948144832854222,2.8932720853123373,1.680074000682698,0.2117542738147462,1.7692307692307692,-1.5310546294878948,-0.1675416997617329,-0.058882829044404734,0.0,-0.07303488063157096,-0.10463339636424102,0.49002658460652054,1.1793168491629324,-0.9,1.4533762057877813,-1.5026328437099763
0.6205215921587443,-1.3505397917985873,1.030699864796723,0.0,0.0030053430052764674,-0.12223694606665245,-0.4148025928124204,0.25,-0.15384615384615385,0.08161926497780718,-0.19212593649463153,-0.07977953642486939,0.0,-0.09956541541731506,-0.013557188850228087,-0.5509920534186831,-0.21743749456343878,-0.9,-0.3054662379421222,-0.2308099790542023
0.06189296821322044,0.5836066136469751,-0.5,0.5,0.3588060889492158,1.209078020518006,1.2517476312823146,-0.5,1.1538461538461537,5.1099836875512,0.4182575218945942,0.07014772828369352,83.68892532913722,0.09584582684935666,0.9041930541532639,0.9643869667381106,0.5783342810398049,0.8113323388660468,0.6816720257234726,-2.6152869796174114
0.6289622892898643,-1.4043060350205157,1.2041498598678944,0.0,-0.05776759750626309,-0.10466051393826571,-0.38196470679736044,0.25,-0.15384615384615385,0.10793587113301362,-0.19213780784803716,-0.07977873150688972,0.0,-0.09956541541731506,-0.01431689937901794,-0.5514829322887519,-0.2173780626761423,-0.9,-0.3054662379421222,-0.24482182271999142
0.3513811348883574,0.8001432959871932,-0.6097837271425546,0.5,1.1737385273746765,1.8059165923695346,1.6021657621071954,-0.6097837271425546,1.424083020658596,4.264378388899432,0.13099810417569088,0.014253932917218777,7.371369773077129,0.02168441281044571,0.5451982850864582,0.8019829688547235,0.9055142796136342,0.3899897102884977,1.020554270279268,-1.91776698191815
0.6237045896855213,-1.3785581510776264,1.155763892643773,0.0,-0.02353955813103062,-0.10974300817820522,-0.38956146070020226,0.25,-0.15384615384615385,0.06683893089206919,-0.1921344961908846,-0.07977895604846418,0.0,-0.09956541541731506,-0.013792187801944201,-0.5512719952829181,-0.21740360132757297,-0.9,-0.3054662379421222,-0.23501314853430688
0.20627656938225786,-0.5827535348332017,0.2686601071651968,-0.25,0.6133917836375915,0.012943842495232224,0.13971730635513355,-1.0,0.07692307692307693,0.48722901630396154,-0.18651324958548507,-0.07489843998937801,0.0,-0.09337875279918018,-0.0454765817632407,-0.350737791229489,0.014509119463783984,-0.9,-0.1382636655948553,-0.733354488679884
0.6263684499988379,-1.5626679622608135,1.25,-0.07534446854103552,-0.04673127020907214,-0.09178654398089738,-0.3676377888770782,0.25,-0.15384615384615385,0.2621317905322483,-0.19250535731952198,-0.08050113559786704,0.0,-0.10077792745517133,-0.011080501763336388,-0.5641853424397414,-0.25880735670134414,-0.9,-0.3752386075235313,-0.18444724752737665
0.013642440684678792,-0.18635010284197584,0.0,-0.25,1.2928742377976856,-0.0836916413775031,0.15201413154659177,-1.0,0.07692307692307693,0.5287820471466443,-0.1866926231626867,-0.07488876566025165,0.0,-0.09337875279918018,-0.02312361016486056,-0.3588402962396061,0.014178847063745836,-0.9,-0.1382636655948553,-0.38107343272372574
0.3061015943374062,0.8147323289154275,-0.25,0.5,-1.7166900655782755,1.6931533849026648,1.319497542838119,-0.3743199024768802,1.5372059738034711,-4.252778392586391,-0.07271783509112804,-0.0026569020475246605,0.0,0.013836784582021658,0.730322903291402,0.26099873309863786,0.3081775079321313,-0.39727960990752087,0.13530710015672676,2.0029840294018952
-0.10424106839355733,0.8587589929864344,-0.25,0.5,-2.319055587495186,1.562135089299534,0.952327332320533,-0.25,1.0714500600451746,-3.642753636124983,-0.0911379698163427,-0.049836704765679196,0.0,-0.06728470034539037,0.1772485790521444,-0.22704656558206304,-0.2568791335821364,0.1,-0.40514469453376206,0.19938741014974593
0.6415581108315493,0.7333640462150918,-0.25,0.5,-1.0716902481238848,1.7428665132495351,1.6045790905527453,-0.5,1.7692307692307692,-4.548255186356039,-0.05885063022094844,0.044938645932293915,0.0,0.09584582684935666,1.2254007091686214,0.753356988754974,0.8786952022404533,-0.9,0.6816720257234726,3.818560278834063
-0.08178946057707205,0.8820343785355609,-0.25,0.5,-2.356959720892583,1.5664812372216952,0.9740701201404345,-0.25,1.118120375807142,-3.724972631793488,-0.08437843719741081,-0.047382315575604475,0.0,-0.06617394136012554,0.215168226236533,-0.19529235957750635,-0.1955366030590066,0.1,-0.2780038720210908,0.04234517926892714
0.06462892399632511,0.5607610639985267,-0.5,0.5,0.3335208729609463,1.2851606009063765,1.356195906464411,-0.5,1.1538461538461537,5.663307270618452,0.4332797561961624,0.06699519360436891,115.00004698004075,0.09584582684935666,0.8192782015817042,0.9796192416223672,0.6046390964396153,1.4,0.6816720257234726,-3.0780814562881087
0.6371289364150164,-1.4274744225822522,1.2266180277411367,0.0,-0.09714930434992375,-0.1063240110859158,-0.3840532391514685,0.25,-0.15384615384615385,0.15058564110904013,-0.1921393456258912,-0.07977862724034139,0.0,-0.09956541541731506,-0.015177395488124136,-0.5514829322887519,-0.2173780626761423,-0.9,-0.3054662379421222,-0.25937119159764516
0.9780524898545865,0.620748948418614,-0.25,0.5,-0.23748422761650229,2.9501202704853666,1.6278359840660748,0.75,1.7692307692307692,-1.040468271334448,-0.16750471158566005,-0.05888950251619537,0.0,-0.07303488063157096,-0.09723014280426942,0.4965028747473845,1.1773566124752197,-0.9,1.4533762057877813,-1.4076724241490963
-0.04941446367948482,-0.12939955964884156,0.0,-0.25,1.42439873319867,-0.05461073902922481,0.15058369318472017,-1.0,0.07692307692307693,0.4674620975803386,-0.18669406268335997,-0.07488856510311578,0.0,-0.09337875279918018,-0.018063765879212504,-0.3591777807062814,0.014267682692918043,-0.9,-0.1382636655948553,-0.2915160502280754
0.9553386911600389,0.6033031724825759,-0.25,0.5,-0.006570492351249568,3.1044273435461234,1.6863465540719365,0.75,1.7692307692307692,-1.623088347812818,-0.16791960144020834,-0.058843411119561095,0.0,-0.07303488063157096,-0.07260374398766214,0.4512005000665887,1.1785190684391302,-0.9,1.4533762057877813,-1.0683644948778563
-0.003379879654774126,-0.1757343733209954,0.0,-0.25,1.286778829075008,-0.0858667221413096,0.15278938823050786,-1.0,0.07692307692307693,0.5249194540587034,-0.18669193930034966,-0.07488885999124498,0.0,-0.09337875279918018,-0.020806978297044972,-0.3587731998058597,0.014160473455646201,-0.9,-0.1382636655948553,-0.3412418054143235
0.6259966076441126,-1.6021367624933802,1.25,-0.16627359633572847,-0.04301192769747083,-0.08822620468202699,-0.3653840592710948,0.25,-0.15384615384615385,0.27629480175167404,-0.19294514552057415,-0.08137322246117343,0.0,-0.10224124207106497,-0.0032565223046045542,-0.5786524287241368,-0.3089092298545623,-0.9,-0.45944307313405075,-0.04987538536845315
0.6579563486602703,1.2172295650765081,-0.75,0.5,2.216777188760662,2.7922786398581234,2.0970298334307564,-0.75,1.7692307692307692,3.291476495348826,-0.1694614171877042,-0.058850125964086834,0.0,-0.07303488063157096,0.023765129787581305,0.3128010186288558,1.1660138834018647,-0.9,1.4533762057877813,0.386140832190234
0.9505521466257941,0.6756021744668107,-0.25,0.5,-0.5155941998916647,2.86230703103365,1.5660330754691547,0.75,1.7692307692307692,-1.8130113169333337,-0.16728955657413247,-0.05891022906832592,0.0,-0.07303488063157096,-0.133404945528077,0.5169773306470827,1.1790530000282229,-0.9,1.4533762057877813,-1.9694213951820485
0.05618171240904492,0.5851669804890053,-0.5,0.5,0.33702327926174447,1.3222639154284859,1.3630033721919617,-0.5,1.1538461538461537,5.69273791851603,0.4447698771442183,0.06679645857135842,121.70869727878333,0.09584582684935666,0.8085974050993001,0.9353020627479571,0.5705301132111902,1.4,0.6816720257234726,-2.843364773267371
0.51229970139356,0.8883147525764034,-0.25,0.5,-2.011103307395797,2.2168159331256567,1.5407127242522443,-0.3666347270059196,1.52301795754939,-5.4071474871381255,-0.10751798710421107,-0.04413589515519026,0.0,-0.05413997243012393,0.022370120204279094,0.47341929391357007,0.589201192692861,-0.3665389080236785,0.6386044415152645,-0.22225500664923997
0.027395749515463308,0.897612252235598,-0.25,0.5,-2.365854938800191,1.7296077645549104,1.0878149678067892,-0.25,1.3076923076923077,-4.105560836965032,-0.08790243935520006,-0.04923699852312492,0.0,-0.06553483612311235,0.16933770299503212,-0.21619451078885382,-0.239697101611115,0.1,-0.3700030098207352,0.0602252111202668
0.617351816443595,-1.6802216370170817,1.25,-0.25,-6.336378724111102e-16,-0.08103061234465023,-0.3575688541106904,0.25,-0.15384615384615385,0.3136347870292025,-0.19340556125802283,-0.08228621311287326,0.0,-0.10377319103282483,0.002415841492170024,-0.5945812271889948,-0.3622728695647369,-0.9,-0.5492130231445609,0.04816200587261953
0.08036286471743026,0.5153021289005042,-0.5,0.5,0.3269972228133681,1.2160512450893108,1.343516188298061,-0.5,1.1538461538461537,5.608489172998939,0.4118780332717283,0.0673653613450826,102.5043843547571,0.09584582684935666,0.8391724610035215,1.0621652815944869,0.6681711525066526,1.4,0.6816720257234726,-3.5152693186667037
0.4011309671710901,0.8303505642979306,-0.25,0.5,-2.1981757821679073,2.1600735617646345,1.3089963874543824,-0.25,1.3076923076923077,-4.10712073748205,-0.0767616679168541,-0.04078675385463546,0.0,-0.05079325919459521,-0.19075498851658615,-0.12097833124353906,-0.09209012564668251,0.1,-0.07395498392282958,-0.43599362713166484
0.08795912108025257,-0.2959978200023521,0.0,-0.25,1.1421485059056502,-0.05657442924333389,0.14775798581559282,-1.0,0.07692307692307693,0.524905222774093,-0.18669406268335997,-0.07488856286106338,0.0,-0.09337875279918018,-0.03274756690806677,-0.35939869469470803,0.014324146735254867,-0.9,-0.1382636655948553,-0.5436530347707622
0.6047580307849674,-1.3118565677594463,1.0640134268568309,0.0,0.07858421438482277,-0.11307182326344577,-0.39492439330567986,0.25,-0.15384615384615385,-0.04843413753286782,-0.19212821655850962,-0.07977938182881386,0.0,-0.09956541541731506,-0.011830043243650744,-0.5510666221082412,-0.21742846635256255,-0.9,-0.3054662379421222,-0.20097715866770846
-0.11390294956278996,0.8455040875417027,-0.25,0.5,-2.299601955460753,1.5470111867556529,0.9331505224975108,-0.25,1.0103176722263936,-3.5342905005770517,-0.09113236743078616,-0.04941215741342172,0.0,-0.06673170217130239,0.15492990477664456,-0.22337010063510776,-0.2512537241395113,0.1,-0.3940390971775393,0.20130494285442363
0.617351816443595,-1.484638532511606,1.1075275787821708,-0.10752757878217087,0.012198488593229896,-0.10885969126265291,-0.3951829050875467,0.25,-0.15384615384615385,0.15948677908806613,-0.1927641081320318,-0.08103422817049673,0.0,-0.10167131858092383,-0.007546575444282985,-0.5733073639098866,-0.2914073224448205,-0.9,-0.42993546096971547,-0.12821941717913327
0.7707079161694118,0.894710151457557,-0.25,0.5,0.426901092840279,2.85534959981618,2.006108208140135,-0.75,1.7692307692307692,0.6390747664820537,-0.16796385665000993,-0.058838494671482805,0.0,-0.07303488063157096,-0.02429939172104784,0.44636821488528255,1.1786430645600379,-0.9,1.4533762057877813,-0.11706814129562454
0.9477639123320514,0.6757658455730254,-0.25,0.5,-0.4795803231389101,2.887117687597258,1.5671197148390146,0.75,1.7692307692307692,-1.9518215968634332,-0.1672959368470047,-0.05890918934579941,0.0,-0.07303488063157096,-0.13217956963120026,0.5159661099569801,1.1793104638128709,-0.9,1.4533762057877813,-1.9355237698416698
0.2709253612301198,0.8801611000767218,-0.25,0.5,-2.3341280927905124,2.0316469847632903,1.273220947956792,-0.25,1.3076923076923077,-4.753733100355037,-0.07301404940503459,-0.042525488609478516,0.0,-0.056434680222304696,-0.04089832457188812,-0.12866252039080214,-0.09422224235963146,0.1,-0.07395498392282958,-0.4315098766394663
0.22922738210175295,0.6973224207360587,-0.5,0.5,-1.0680148222288475,0.7495261965390815,0.7797312520953138,-0.5,0.9230769230769231,-1.3889849594967567,0.17389325991235544,0.061874150978386264,0.0,0.09584582684935666,0.9613514103965504,1.1633550952182836,0.7643387407453747,-0.9,0.6816720257234726,-1.431787292151259
0.6403087410154968,-1.4348928737790536,1.222342065761198,0.0,-0.11185349267146934,-0.1083309360193436,-0.3879313197584501,0.25,-0.15384615384615385,0.17216698946035128,-0.19213905296831116,-0.07977864708351681,0.0,-0.09956541541731506,-0.015523683581609568,-0.5514210230906796,-0.2173855581718884,-0.9,-0.3054662379421222,-0.26503223841415224
0.6965044055555822,0.7558507227586146,-0.25,0.5,-1.1942334582233431,1.9380767728487989,1.7384590700681994,-0.5,1.7692307692307692,-5.221255091417089,-0.0644780895474306,0.04298682195778523,0.0,0.09584582684935666,1.0929117232211694,0.8352426166369713,0.8896693017587051,-0.9,0.6816720257234726,3.3391547355255957
-0.046680746816791754,-0.13294028868362875,0.0,-0.25,1.4196381958692357,-0.05403437866875578,0.15040601117200297,-1.0,0.07692307692307693,0.4670071983965053,-0.18669406268335997,-0.07488856492267251,0.0,-0.09337875279918018,-0.01833454648556563,-0.35919556014941006,0.014272226991976196,-0.9,-0.1382636655948553,-0.29606388736149236
0.09332062946707985,0.49298929515003925,-0.5,0.5,0.32056164665106435,1.1203981300521677,1.28925031558576,-0.5,1.1538461538461537,5.345502037009851,0.3873323423482132,0.06911522181357636,63.254113841980896,0.09584582684935666,0.8895414855417704,1.1372607473171439,0.700265659567633,1.4,0.6816720257234726,-3.7387889495357314
0.12464494556193577,0.9220073362756931,-0.25,0.5,-2.404265946927072,1.8641365253995907,1.187937058280044,-0.25,1.3076923076923077,-4.666498272092208,-0.08372359470644636,-0.04764340092070288,0.0,-0.06394180879915042,0.11866517116249906,-0.14486001105491553,-0.09644509069744558,0.1,-0.07395498392282958,-0.33893163960002937
0.9951958323900352,0.6270894686582956,-0.25,0.5,-0.3317434149616472,2.875610523960382,1.593073886892073,0.75,1.7692307692307692,-0.6740819894679846,-0.16722832778544983,-0.05892020684704155,0.0,-0.07303488063157096,-0.10963848890769201,0.5266815892557359,1.1765822286397019,-0.9,1.4533762057877813,-1.549911838976597
0.627299336677208,-1.5505315979344128,1.25,-0.05731284880816037,-0.051555855419774116,-0.0951743385667989,-0.3705604693770268,0.25,-0.15384615384615385,0.246704090520711,-0.19247829258729104,-0.08044746704245549,0.0,-0.1006878745202494,-0.013243043957895117,-0.5637167750230386,-0.2567639743177734,-0.9,-0.37180908543709884,-0.22365354379740418
0.3111991764490672,0.8181284895392011,-0.25,0.5,-2.152530793023492,2.0539335526184352,1.2213723489724742,-0.25,1.3076923076923077,-3.839661540440459,-0.0821969377874827,-0.04348818565798558,0.0,-0.05537371461772546,-0.08371506199691756,-0.15027966392665035,-0.13796488724473804,0.1,-0.16594207541965972,-0.2761634474483537
0.3406395922688874,0.8601673899883234,-0.25,0.5,-2.3149517064325247,2.1275078570633252,1.3321143744957673,-0.25,1.3076923076923077,-5.260047737675983,-0.06762012178830794,-0.03932560775220584,0.0,-0.05079325919459521,-0.10440990522900016,-0.12390621259205746,-0.09229720157621615,0.1,-0.07395498392282958,-0.5115219647534678
0.1795253545584569,0.6974723692654092,-0.5,0.5,-0.5431136807154087,0.7579144947260621,0.8015515548757475,-0.5,0.9230769230769231,-0.8054604762752764,0.1944594301131359,0.0645940246198532,0.0,0.09584582684935666,1.0212062072540817,1.136460041793278,0.7590374425146431,-0.9,0.6816720257234726,-1.4381542724489256
0.4108060267543153,0.8961389720272858,-0.25,0.5,-2.141212709877138,2.1352985477335156,1.4447834543165583,-0.326512888883225,1.4489468717844154,-5.2804809592662085,-0.09668760772781708,-0.043318075856823686,0.0,-0.05298871765270118,0.009063995843899705,0.2627291266257321,0.3549350656592134,-0.2060515555329,0.3934871025020177,-0.3259276807878304
0.6313609559946324,-1.5536827908316133,1.25,-0.11431888916310096,-0.06970209962236255,-0.09802876289267493,-0.3746472343185438,0.25,-0.15384615384615385,0.22942797326039333,-0.19281383333601676,-0.0811128343223589,0.0,-0.10180432484943865,-0.00857911091444678,-0.575024818809189,-0.2960418703025639,-0.9,-0.4377967848833323,-0.1463152508137921
0.6238514097423404,-1.6215134605654347,1.25,-0.1870502352732618,-0.032338552839988786,-0.08596480180447234,-0.3630512606898264,0.25,-0.15384615384615385,0.2876731489818936,-0.19304563389964316,-0.0815724879146153,0.0,-0.10257559873062827,-0.0016882221143223026,-0.5820473803580258,-0.3203464637504193,-0.9,-0.4786831760729884,-0.022373414185134277
0.4098935224915706,0.810150391355594,-0.25,0.5,-2.145128424868228,2.175581912229027,1.2985611526490928,-0.25,1.3076923076923077,-4.126392089476781,-0.0749415133855306,-0.04026626617239086,0.0,-0.05079325919459521,-0.17810070328163438,-0.12020627197145609,-0.09222558148201339,0.1,-0.07395498392282958,-0.4545125715579563
0.8613628903696985,0.8238276360106748,-0.25,0.5,0.22948045380029303,2.9245275421591184,1.8389354642428621,-0.4776034247978615,1.7692307692307692,-0.518878016901147,-0.16783028628756427,-0.05885333341599915,0.0,-0.07303488063157096,-0.05669470151392825,0.460952940299575,1.1782688214622026,-0.9,1.4533762057877813,-0.7164782086032235
0.2008052081587119,0.8141946390978563,-0.5,0.5,-0.7151643633472446,0.7479444594567846,0.775616712854407,-0.5,0.9230769230769231,-1.9444935123477889,0.15726045834327107,0.06386140268178367,0.0,0.09584582684935666,1.11500745196844,1.148762183801536,0.7768456279902869,-0.9,0.6816720257234726,-0.7795503858556538
0.617351816443595,-1.6802216370170817,1.25,-0.25,-6.336378724111102e-16,-0.08289188596332062,-0.3591079575373191,0.25,-0.15384615384615385,0.3053714816684611,-0.19345939955920602,-0.08239297285561367,0.0,-0.10395232811023566,0.0017872014812213828,-0.5967630419135106,-0.3693331308428854,-0.9,-0.5610898639685203,0.03574599538527344
0.10883222358861508,0.5177391788983354,-0.5,0.5,0.4487807909259324,1.201365373617608,1.3264074091594165,-0.5,1.1538461538461537,5.563745484023161,0.402660582920885,0.06742126672470652,62.95778220622309,0.09584582684935666,0.8313737289474318,1.0245759340873997,0.6113551993208636,1.4,0.6816720257234726,-3.2698700908139506
0.3210071219104602,0.9003402100419142,-0.6155014509110331,0.5,1.1122951273003994,1.6836774451635677,1.4369156756391324,-0.6155014509110331,1.4381574176271585,3.0711736202551068,0.07406198690751303,0.008413015171686307,0.0,0.01782195986964101,0.4966017340210045,0.7578930995222835,0.9329985756517931,-0.9,1.03820383560962,-1.3342143067532668
0.5670873325339212,-1.2166219375415677,1.0,0.0,0.25121799712693105,-0.09821002760089424,-0.37403608724466003,0.25,-0.15384615384615385,-0.2305807613005711,-0.19212383531876032,-0.079779678891712,0.0,-0.09956541541731506,-0.007826588497182742,-0.5514534321989991,-0.2173816343230726,-0.9,-0.3054662379421222,-0.1351829461022963
0.763927650285372,0.897846001645296,-0.25,0.5,0.43348996623691194,2.84581953096296,2.0184400667796143,-0.75,1.7692307692307692,0.7636645343148192,-0.16796385665000993,-0.058838494671482805,0.0,-0.07303488063157096,-0.022117447654973865,0.44636821488528255,1.1786430645600379,-0.9,1.4533762057877813,-0.07335508093996514
-0.009268518112337379,-0.17206200716492856,0.0,-0.25,1.2846702059552955,-0.0866191615255204,0.1530575776566468,-1.0,0.07692307692307693,0.5235832429106351,-0.18669170272754543,-0.07488889262375946,0.0,-0.09337875279918018,-0.020005571248135335,-0.35874998871405517,0.014154117357705257,-0.9,-0.1382636655948553,-0.32746259977583936
0.9660222674893391,0.659914286793773,-0.25,0.5,-0.47049390314351897,2.856870986211858,1.574315974582137,0.75,1.7692307692307692,-1.3918292232284089,-0.16726733782119546,-0.058913849812830474,0.0,-0.07303488063157096,-0.1262309242376484,0.5204988199514065,1.1781564044850716,-0.9,1.4533762057877813,-1.8475968731541923
0.0760259664357929,0.5511110472448998,-0.5,0.5,0.32715937738567374,1.1754802711067804,1.2795637564821019,-0.5,1.1538461538461537,5.2883253159592805,0.4071265086071071,0.06948730001795482,61.378038486755855,0.09584582684935666,0.8859942311596963,1.0503616944442478,0.6195273900927046,1.4,0.6816720257234726,-3.184635489825392
0.6300243905529818,-1.515003915119828,1.25,-0.004527545955210127,-0.06567922288534134,-0.09708945159547737,-0.3724991354200865,0.25,-0.15384615384615385,0.23706811577171602,-0.19216759533607497,-0.07983136367587426,0.0,-0.09965408637464943,-0.016870883602046912,-0.5529647603400649,-0.22042783290559637,-0.9,-0.31070712715072557,-0.2850445221842317
0.57224369177067,0.6939952063268304,-0.25,0.5,-0.9740026677850526,1.533157293482426,1.466285971581703,-0.5,1.7692307692307692,-3.8788866687306918,-0.03178808319143822,0.05157441058165048,0.0,0.09584582684935666,1.4420001834425262,0.792885095074227,0.8743786625877459,-0.9,0.6816720257234726,3.7416192227711007
0.13978811158180704,0.5408676247112374,-0.5169704293790969,0.5,0.5082121222857197,1.0294324235320633,1.1256160110576805,-0.5169704293790969,1.1956195184716232,4.050304866187209,0.30160403980767325,0.06689312165204561,0.6657987732025803,0.08438191437016865,1.0183825232984844,1.1102817465257357,0.7438243003227842,-0.15430537401311006,0.7340566308808135,-2.8666000542871264
-0.021757397067001305,0.8459325514311665,-0.35871670410269774,0.5,-1.6374656593762527,1.1153502675392362,0.8171985710909137,-0.35871670410269774,0.9665487064299392,-2.735014068996824,0.018465510854238837,0.001559601321738012,0.0,0.004674209707141885,0.6351709462233561,0.37284407855094914,0.19413180768529548,-0.3348668164107911,0.0674758326265188,-0.1496388373382862
0.6185127709053676,-1.4371394443882122,1.174162705969223,0.0,-0.0011470852010055377,-0.10275664920152776,-0.3805526930621426,0.25,-0.15384615384615385,0.12548862294568391,-0.1921357554518903,-0.07977887066630175,0.0,-0.09956541541731506,-0.015143249978994244,-0.5517030227463645,-0.21735202015789393,-0.9,-0.3054662379421222,-0.25600758916625194
0.6183520634360486,-1.6671809928668644,1.25,-0.23062484529432392,-0.005184064783578607,-0.08888637497546416,-0.3641951732759771,0.25,-0.15384615384615385,0.2783422536376483,-0.19349841671277024,-0.08247034270543131,0.0,-0.10408215053599541,-0.001331619798576135,-0.5990192745870921,-0.3760678121737686,-0.9,-0.5724274736525936,-0.02208620487163504
0.4377341981376247,1.116312137424769,-0.6768096585783496,0.5,1.4669447895888523,2.166802804087509,1.7442592922052969,-0.6768096585783496,1.5890699288082453,3.0341418169661236,-0.03691720496364703,-0.02225127912592742,0.0,-0.023593134071335148,0.2719853008907168,0.5689361945390011,1.0371820184567588,-0.9,1.2274510361260953,-0.6442058202292917
0.10109942638623379,0.49346041502108745,-0.5,0.5,0.38973404108029003,0.8811086728070575,1.0249672266536123,-0.5,1.1538461538461537,3.9554121413065895,0.3278607866466221,0.0745451431089085,0.6053292550612419,0.09584582684935666,1.0645251727768765,1.1603532030186918,0.7166404068835486,-0.2220312343314091,0.6816720257234726,-3.033954078635397
0.022344407163201657,-0.24917285641908676,0.0,-0.25,1.158504170628449,-0.058821821531885275,0.14791601054068157,-1.0,0.07692307692307693,0.4728485210326999,-0.18669077579809934,-0.07488901326387294,0.0,-0.09337875279918018,-0.022222431776071173,-0.35937036740869194,0.014311022362842077,-0.9,-0.1382636655948553,-0.36068195166464795
0.46798528920140975,0.740147419895094,-0.25,0.5,-1.9357151266378618,2.2305493701231276,1.2588400077427029,-0.25,1.3076923076923077,-3.406183276113709,-0.07762914014526504,-0.04025088336852221,0.0,-0.05079325919459521,-0.2511612894794994,-0.11719801317077294,-0.09213445192038094,0.1,-0.07395498392282958,-0.42678166921296384
0.6322165123086385,-1.5459548994485184,1.25,-0.1060326678255965,-0.07395889720897697,-0.09478304043823182,-0.37214790365349193,0.25,-0.15384615384615385,0.24330379660787022,-0.1926537839929567,-0.08079546125680244,0.0,-0.10127179000106475,-0.007803738046730549,-0.5688089194208583,-0.27574748547687533,-0.9,-0.40365726152338194,-0.12961611171611498
0.042768688263983334,-0.25007370975324394,0.0,-0.25,1.2051381950383395,-0.04852807567206101,0.14846227252500355,-1.0,0.07692307692307693,0.49847576155203666,-0.18669406268335997,-0.07488856260435785,0.0,-0.09337875279918018,-0.0282760882363411,-0.3594239884124934,0.014330611629406879,-0.9,-0.1382636655948553,-0.46609214792728587
0.2282682494340713,0.9070982172106368,-0.25,0.5,-2.3807282497013316,1.990559378793065,1.2657017900634482,-0.25,1.3076923076923077,-4.9885341375139,-0.07600210857837268,-0.04169164944739822,0.0,-0.05079325919459521,-0.027564804845278262,-0.13788458000705558,-0.09183132555415231,0.1,-0.07395498392282958,-0.5181085379875944
0.5900719264094224,1.3391153106138471,-0.7127842564533882,0.5,1.7827876424801352,2.7498816915824964,2.1059390735504246,-0.75,1.7692307692307692,2.8411198657378023,-0.16929797046324488,-0.05885711770360982,0.0,-0.07303488063157096,0.0022000605101544363,0.351024817092401,1.1628289608895939,-0.9,1.4533762057877813,0.16663671899356916
0.22911022304687173,0.8913873161560858,-0.25,0.5,-2.340510961403726,1.9737534367847456,1.2374311567901728,-0.25,1.3076923076923077,-4.436257692356316,-0.08111184448370468,-0.045352804627531385,0.0,-0.059849709383417646,-0.0006459139216844767,-0.1349816610446636,-0.09512535196545363,0.1,-0.07395498392282958,-0.3584672587437116
-0.12413291842862327,0.8474698468071322,-0.25,0.5,-2.2957287970261175,1.4897299393357297,0.9013072875352547,-0.25,1.0348424756433092,-3.259330366044306,-0.08310070619732,-0.04567614235325963,0.0,-0.06381853251829915,0.20281790675965694,-0.2138843018365629,-0.2379248547700667,0.1,-0.36764141890161484,0.1737681423315986
0.5663066772135708,0.6911619871241088,-0.25,0.5,-0.9681529420990652,1.516405323923157,1.454836735231916,-0.5,1.7692307692307692,-3.8278965861165934,-0.029121426457302813,0.052288081228208744,0.0,0.09584582684935666,1.46181548123543,0.7975844905943383,0.8735223431794248,-0.9,0.6816720257234726,3.7068850987901447
0.859863251997447,0.6305807451526184,-0.2902754783885165,0.5,-0.397668115152004,2.5117672049816053,1.4647498880454415,0.5486226080574177,1.6329137654542518,-0.5572015544109956,-0.10504680721185944,-0.038944763879460775,0.0,-0.04582787549402906,0.05932295011949862,0.6236240121337203,1.1074417355363804,-0.9,1.3290531856817496,-1.6714806277639422
0.03481962914299004,0.8966384404287762,-0.25,0.5,-2.3636208270191914,1.7381911521010822,1.092647233198948,-0.25,1.3076923076923077,-4.108997919471184,-0.0876460114680818,-0.04906062318073508,0.0,-0.06522883307462636,0.16192477486071602,-0.21422165113115788,-0.2366329644082831,0.1,-0.3638576972220692,0.049852776864947115
0.9076625843468766,0.6868445819498114,-0.25,0.5,-1.0119384014543886,2.723315363878345,1.6863209232381202,0.4208418826173723,1.7692307692307692,-4.721941630949577,-0.15873682655026156,-0.0559174948787549,0.0,-0.0718421158917181,-0.09069192241096118,0.8796214064924477,1.2994459062039534,-0.9,1.4533762057877813,-1.018170966222285
0.35586730571288494,0.8575364077171195,-0.25,0.5,-2.2991673144583396,2.1328587223568234,1.3281977008655264,-0.25,1.3076923076923077,-4.922716979545654,-0.06664435662257294,-0.039129719350851515,0.0,-0.05079325919459521,-0.1349664037752387,-0.12027484052451959,-0.09242586591806691,0.1,-0.07395498392282958,-0.5054094524685604
0.5987217412175969,-1.28917948904221,1.0,0.0,0.11023621470766883,-0.11573603933310077,-0.4022405682387744,0.25,-0.15384615384615385,-0.05430663793325982,-0.19212383531876032,-0.079779678891712,0.0,-0.09956541541731506,-0.01123493310642722,-0.5511925920217536,-0.21741321487167978,-0.9,-0.3054662379421222,-0.19227579618505936
0.9285210461144533,0.680663198238453,-0.25,0.5,-0.7176146282561519,2.816070944843983,1.6056091518051465,0.6478188589362324,1.7692307692307692,-3.1411172943429193,-0.1643379433377894,-0.058003929775005465,0.0,-0.07303488063157096,-0.12450581551057616,0.6533760220178846,1.2262342435083577,-0.9,1.4533762057877813,-1.6721864930351202
0.9233594607310457,0.6777684675179536,-0.25,0.5,-0.7974829478330527,2.792492465615436,1.6270119646811838,0.5997506759675326,1.7692307692307692,-3.6242509239665757,-0.1629419699147735,-0.05757880489201107,0.0,-0.07303488063157096,-0.11790698585474607,0.7187250798978386,1.2481277960082648,-0.9,1.4533762057877813,-1.4913935561846334
0.16563097514340372,0.6212602141583459,-0.5,0.5,-0.4638895045934418,0.7624374714058016,0.8147833323519275,-0.5,0.9230769230769231,-0.11731516637508095,0.21652227090404264,0.06474269908907876,0.0,0.09584582684935666,0.9529864273474595,1.1263130648692106,0.7484518897340171,-0.9,0.6816720257234726,-1.8378697011598448
0.7785726726924007,0.891072727993502,-0.25,0.5,0.4192583416692228,2.8664039850659275,1.9918038921539842,-0.75,1.7692307692307692,0.494557102128071,-0.16796385665000993,-0.058838494671482805,0.0,-0.07303488063157096,-0.026830333592641212,0.44636821488528255,1.1786430645600379,-0.9,1.4533762057877813,-0.16777302255717555
0.4890547215943883,0.8154222596869686,-0.25,0.5,-2.002922204770182,2.261486435198089,1.3897703013225744,-0.10214008644850858,1.3986830237239947,-4.341266894122832,-0.09220720791630024,-0.04388593553129493,0.0,-0.055178118158483516,-0.17130283970905147,0.0711616499182689,0.1810915613393902,-0.09714655140198858,0.2271530929773138,-0.5728818458832394
-0.07964869245751578,-0.09045563363881731,0.0,-0.25,1.4759163213228494,-0.06114059241941615,0.1525648584344832,-1.0,0.07692307692307693,0.47263244100957097,-0.18669403626441905,-0.07488857073901846,0.0,-0.09337875279918018,-0.015045294915058391,-0.35897894122943214,0.014216813443861796,-0.9,-0.1382636655948553,-0.24081450751123679
0.9260774236248867,0.6483099958529739,-0.25,0.5,-0.6359671031693891,2.869399939411603,1.6784840142768167,0.583374792922786,1.7692307692307692,-3.64582089293804,-0.16268597078203972,-0.057410913051053135,0.0,-0.07303488063157096,-0.09279539380838236,0.7182796664075479,1.2552360344178755,-0.9,1.4533762057877813,-1.0881856148639495
0.6380255474536545,-1.4729038697563719,1.25,0.0,-0.10392694650241346,-0.10271250366105465,-0.3795189662105265,0.25,-0.15384615384615385,0.20554417497513525,-0.19214094594681302,-0.07977851873316119,0.0,-0.09956541541731506,-0.016354797925348077,-0.5517057463310524,-0.21735143146552494,-0.9,-0.3054662379421222,-0.2780695647305356
0.22515728672943264,0.7692788120871832,-0.5,0.5,-0.9925750969814117,0.7462836986646508,0.7712966109073309,-0.5,0.9230769230769231,-1.888973818793405,0.15808608115331788,0.062362937821292326,0.0,0.09584582684935666,1.0398242875396224,1.1616375163434614,0.7734767832944586,-0.9,0.6816720257234726,-1.0282674350774974
0.9268598648940858,0.6314802193312666,-0.2700360958968099,0.5,-0.4429356953613226,2.6774861133465304,1.5216994520238059,0.6498195205159507,1.7014162908107973,-0.6863431210920115,-0.13955183897411927,-0.04946538944022676,0.0,-0.05950004043073512,-0.03779860777455857,0.5718135960221102,1.1437115261042683,-0.9,1.3915284499648313,-1.6081381397292536
-0.090983710979479,0.8653624161744464,-0.25,0.5,-2.3279115467672553,1.5797338746666583,0.9683601523185648,-0.25,1.1065679982664496,-3.708629231647442,-0.09087498030225155,-0.049897486875310156,0.0,-0.06728470034539037,0.18237405004169438,-0.22711043424418903,-0.2569296893642243,0.1,-0.40514469453376206,0.18751783902532454
0.6096831364076117,1.310891463170772,-0.75,0.5,2.021917930700341,2.7631996894114295,2.105469678896647,-0.75,1.7692307692307692,3.111482933818704,-0.16942789414298748,-0.05885519331777835,0.0,-0.07303488063157096,0.011869284128880156,0.33104045264225146,1.1633536791465757,-0.9,1.4533762057877813,0.2628151817535364
0.012207395166633231,-0.18545515698464998,0.0,-0.25,1.2923603719560317,-0.0838750088526324,0.15207948859588957,-1.0,0.07692307692307693,0.5284564160465154,-0.18669256551052402,-0.07488877361270857,0.0,-0.09337875279918018,-0.022928309400183658,-0.35883463975831537,0.01417729809959595,-0.9,-0.1382636655948553,-0.37771547698637903
0.9749737861660817,0.618384290025476,-0.25,0.5,-0.20618541326810336,2.9710355634921926,1.6357667009891232,0.75,1.7692307692307692,-1.1194385308921975,-0.1675609471340462,-0.058883255135264746,0.0,-0.07303488063157096,-0.09389219894508224,0.49036244047201727,1.177514175616108,-0.9,1.4533762057877813,-1.361681500859059
0.15769203848733915,-0.5844194526665699,0.387697588530009,-0.25,0.4810174338139117,0.0012091633253336065,0.14620207979084093,-1.0,0.07692307692307693,0.5296771600663897,-0.18643185417028363,-0.07490300253663582,0.0,-0.09337875279918018,-0.04043903237345294,-0.34583857854799066,0.014317406887705726,-0.9,-0.1382636655948553,-0.6402554679905492
0.1594926717762086,-0.05505911257745438,-0.0475604838673066,0.16067036290047998,0.35941465309185805,0.4369862807700399,0.5345025567307848,-0.7262197580663468,0.6666035980109455,1.9627749512786505,0.07072128483994122,0.0023482950954371584,0.0,0.010233149592760352,0.4811696777352264,0.45509366481406366,0.4099110231974649,-0.9,0.31070071828348284,-1.798551744940989
0.2098037374047635,0.8167685435927067,-0.5,0.5,-0.8090240803806821,0.7462836986646508,0.7712966109073308,-0.5,0.9230769230769231,-2.0699444470749646,0.15290458434329127,0.06337858976409652,0.0,0.09584582684935666,1.1068306527396525,1.153649050214702,0.7781514956972435,-0.9,0.6816720257234726,-0.7637900229306402
-0.044688613121878676,-0.17386611186896345,0.0,-0.25,1.2147527522870116,-0.08125489666358265,0.15312971005319903,-1.0,0.07692307692307693,0.49143936745727707,-0.18668936517138224,-0.07488921205762965,0.0,-0.09337875279918018,-0.014316959479605339,-0.3588167587834497,0.014166998663151097,-0.9,-0.1382636655948553,-0.22761543527280803
0.1977492873077259,0.8357178293703477,-0.5,0.5,-0.7866046129298983,0.755383603014048,0.776533993817235,-0.5,0.9230769230769231,-2.0629981664335544,0.1547865578664595,0.06326015541524391,0.0,0.09584582684935666,1.1717778604398519,1.1706761990893897,0.76948430507898,-0.9,0.6816720257234726,-0.7428065842340096
0.6281653796717238,-1.3831254381386155,1.104731362376137,0.0,-0.041364694348623235,-0.1168650460155385,-0.4044222038582174,0.25,-0.15384615384615385,0.11659790544485923,-0.1921310033963086,-0.07977919287176961,0.0,-0.09956541541731506,-0.014316846948567215,-0.5511577646611664,-0.21741743150412307,-0.9,-0.3054662379421222,-0.24403005844286396
0.8253109940377944,0.8475834882045366,-0.25,0.5,-1.5262154357875581,2.4043331422147407,1.8246510820549946,-0.5,1.7692307692307692,-5.655422254314652,-0.13370309782135972,-0.03839628386401434,0.0,-0.04486897992479125,0.18606070203988878,1.1417975686023003,1.3258105989664584,-0.9,1.3876624316924244,0.4284836324121657
0.03343552989068191,0.8300358048385698,-0.25,0.5,-2.2310639775145056,1.6886026385491286,1.0086534540092553,-0.25,1.11150581511281,-3.395780819918881,-0.08207185076132774,-0.044331248152495575,0.0,-0.060158786998210916,0.09038732020422455,-0.18767204642757293,-0.19695339985505927,0.1,-0.28512356395815686,0.004593947360270051
0.21059049366397894,0.6750324372901674,-0.5,0.5,-1.134886813733759,0.7386753240665201,0.7627349377092897,-0.5,0.9230769230769231,-1.4256423905027429,0.16999157182831368,0.060286412392041355,0.0,0.09584582684935666,0.9075339682114038,1.136925187907284,0.7673586504896309,-0.9,0.6816720257234726,-1.3275269311925948
-0.0843350211406173,-0.10129117181522392,0.0,-0.25,1.395279389488575,-0.07431442240856326,0.15412732615779282,-1.0,0.07692307692307693,0.48432974106033716,-0.1866919652870296,-0.07488885640667949,0.0,-0.09337875279918018,-0.012722888726437271,-0.3587757494616225,0.014161171650366232,-0.9,-0.1382636655948553,-0.20138054115045512
0.38470023869227116,0.8507811810967197,-0.25,0.5,-2.25871798134102,2.1429903249087467,1.3206955384891748,-0.25,1.3076923076923077,-4.278698813869752,-0.07542970541296287,-0.040718531655210784,0.0,-0.05079325919459521,-0.1871739182943429,-0.12113078714618626,-0.09208834755020696,0.1,-0.07395498392282958,-0.440308628151853
0.5700690683343929,-1.2218771632168395,1.0,0.0,0.23975528924873676,-0.1003055315211384,-0.37649699578108925,0.25,-0.15384615384615385,-0.21907975857263787,-0.19212383531876032,-0.079779678891712,0.0,-0.09956541541731506,-0.008147845747266047,-0.5514829322887519,-0.2173780626761423,-0.9,-0.3054662379421222,-0.14084835929707615
-0.0336331634275015,-0.14983960915486294,0.0,-0.25,1.396916929950558,-0.051283504952414606,0.14955796399149845,-1.0,0.07692307692307693,0.4648360390069635,-0.18669406268335997,-0.07488856406144628,0.0,-0.09337875279918018,-0.019626938023917732,-0.3592804185230045,0.014293916187999491,-0.9,-0.1382636655948553,-0.3177699700392398
0.004537741732631162,0.8956916283514554,-0.25,0.5,-2.3581108407885853,1.702769594351039,1.0672968356823522,-0.25,1.3076923076923077,-4.050895453294652,-0.08886611831144249,-0.0498403844511063,0.0,-0.06664269377691875,0.19234961221942215,-0.2230974447741244,-0.25079327899114384,0.1,-0.39225158424229545,0.09831055495648067
0.9589021740850491,0.6060401750200047,-0.25,0.5,-0.042797684633515375,3.0802186839795356,1.6771670495798696,0.75,1.7692307692307692,-1.5316832630791408,-0.16785451092266326,-0.05885064222639201,0.0,-0.07303488063157096,-0.0764672875924814,0.4583078201942511,1.178336695070669,-0.9,1.4533762057877813,-1.1215972468511701
0.6936323311883181,0.7722278240912803,-0.25,0.5,-1.188469346248399,1.9212754949606317,1.7153008449394154,-0.5,1.7692307692307692,-5.1604644451472685,-0.07317308724912673,0.04245745453020138,0.0,0.09584582684935666,1.0844389983118337,0.7463011903843886,0.8735518895257522,-0.9,0.6816720257234726,3.3913169166791124
0.7721984398822517,0.8804121895437684,-0.25,0.5,0.3740708101396915,2.830070794443367,2.0023206659649824,-0.6219754978820342,1.7692307692307692,0.8503785319084008,-0.16790107950555747,-0.05884546877854473,0.0,-0.07303488063157096,-0.026293282763158142,0.45322293473007663,1.1784671728982727,-0.9,1.4533762057877813,-0.13370328360758071
0.10146250325116438,0.924747706169968,-0.25,0.5,-2.4080039346921427,1.8351726961291845,1.169436421412734,-0.25,1.3076923076923077,-4.573272161553812,-0.08564847132862742,-0.049116512817273646,0.0,-0.06723315225365561,0.15245238199432368,-0.14631189998544888,-0.09760444179639789,0.1,-0.07395498392282958,-0.2926972471898931
0.5722080617968187,-1.2258006361822487,1.0,0.0,0.23132997292083168,-0.10180877308438514,-0.3783843261232638,0.25,-0.15384615384615385,-0.21062629477502412,-0.19212383531876032,-0.079779678891712,0.0,-0.09956541541731506,-0.008378304514798823,-0.5514829322887519,-0.2173780626761423,-0.9,-0.3054662379421222,-0.1447915921869667
-0.08481099643038123,-0.10239170248048872,0.0,-0.25,1.3870893563963826,-0.07565244583167388,0.15428602096510133,-1.0,0.07692307692307693,0.4855177980997837,-0.18669175494453558,-0.07488888542102247,0.0,-0.09337875279918018,-0.012487009420198151,-0.35875511192911014,0.014155520292859547,-0.9,-0.1382636655948553,-0.19737536037156617
0.3256216137641552,0.8647459083331953,-0.25,0.5,-2.3269292662374514,2.1152340511524974,1.32913500706812,-0.25,1.3076923076923077,-5.394564134794183,-0.06861649655316075,-0.03957552331577004,0.0,-0.05079325919459521,-0.08497207824132177,-0.12653040596380644,-0.0922077997955761,0.1,-0.07395498392282958,-0.5150405508630597
0.043030215767686675,0.9051509899541414,-0.25,0.5,-2.3813066513109256,1.7553658254385927,1.110605642806969,-0.25,1.3076923076923077,-4.324198746330959,-0.08603456249788521,-0.04812347989755589,0.0,-0.06316118815760591,0.15470938601799752,-0.20536863700227753,-0.21586128564070714,0.1,-0.32233417508397205,-0.041279022044507285
-0.02540677807284064,-0.16049448050386633,0.0,-0.25,1.3825913737447866,-0.04954910352515832,0.14902327778198243,-1.0,0.07692307692307693,0.46346714231001496,-0.18669406268335997,-0.0748885635184508,0.0,-0.09337875279918018,-0.02044177940154128,-0.3593339209732997,0.014307591033309685,-0.9,-0.1382636655948553,-0.33145546223497063
0.1353087422622467,0.9105824848020261,-0.25,0.5,-2.37314811136756,1.8717061786861604,1.1807901579051063,-0.25,1.3076923076923077,-4.48751871449055,-0.08504251003016826,-0.04829853132949038,0.0,-0.0656034686591259,0.11726879894125111,-0.14371040700295057,-0.09706008029494441,0.1,-0.07395498392282958,-0.3058745286160792
0.3353948141434372,0.623539406837598,-0.4487150898794982,0.5,-0.9033247890491569,1.1628716859863393,0.9227850499625134,-0.24357544939749104,1.0966566188693907,-0.989497816923041,0.10726306964133801,0.03485129936183959,0.0,0.061201699232372155,0.6385020968052348,0.9742942792334339,0.8505753736929301,-0.9,0.839979143780327,-1.380123858440951
0.39488254007250345,0.8382514803916593,-0.25,0.5,-2.221492443758117,2.153486658519362,1.3135046935003756,-0.25,1.3076923076923077,-4.170805924160838,-0.07629086656343796,-0.040768672469706065,0.0,-0.05079325919459521,-0.18959878502676283,-0.12104606171199563,-0.09208755026723452,0.1,-0.07395498392282958,-0.43734060355641363
0.20246301905946806,0.8381379673338906,-0.5,0.5,-0.7301326946247619,0.7469467311879723,0.7716782143916119,-0.5,0.9230769230769231,-2.145610097907032,0.15086078050898766,0.06379745526591622,0.0,0.09584582684935666,1.1397662370107273,1.1515272738526487,0.7794876095529526,-0.9,0.6816720257234726,-0.6509407985788493
0.13123819779367196,-0.3941749240250901,0.0,-0.25,0.9582174747685687,-0.031228042388410086,0.1448068377497322,-1.0,0.07692307692307693,0.5114018926496375,-0.18669406268335997,-0.07488855809989102,0.0,-0.09337875279918018,-0.03808644859705016,-0.3598678226998712,0.014444052512763959,-0.9,-0.1382636655948553,-0.6321957373792817
-0.02807536149326681,0.8945918023402705,-0.25,0.5,-2.3719684981034406,1.6452621512415722,1.0313637112598353,-0.25,1.1737972717731127,-3.9736876784710056,-0.08476029774949423,-0.047898421867579984,0.0,-0.0665001690450516,0.19690412355961398,-0.18091357530873436,-0.166779456624856,0.1,-0.21807512306736498,-0.05584343937320352
0.1848446151601313,-0.5311232343018809,0.0,-0.25,0.6874104947102027,0.0044378603595242655,0.1409402318547782,-1.0,0.07692307692307693,0.4896489982190071,-0.18669368791133026,-0.07488860287186623,0.0,-0.09337875279918018,-0.04458051105430058,-0.36051324311263927,0.014608346464498564,-0.9,-0.1382636655948553,-0.7391230397877254
0.617351816443595,-1.6802216370170817,1.25,-0.25,-6.336378724111102e-16,-0.08114915741974792,-0.35766688006961583,0.25,-0.15384615384615385,0.3131084946320406,-0.193408990235575,-0.08229301267291303,0.0,-0.1037846003270207,0.002375803221300127,-0.5947201876232762,-0.3627225397234024,-0.9,-0.5499694626993241,0.047371226440260976
0.07890401948892006,0.5828712151498737,-0.5,0.5,0.4504767933145966,1.358826903630458,1.390362182135537,-0.5,1.1538461538461537,5.863811494141339,0.44715843099925145,0.06544051293000334,114.87055651038341,0.09584582684935666,0.7660761677925534,0.8773735541645438,0.5241645393572888,1.4,0.6816720257234726,-2.654684155671098
0.6234901829484494,-1.6001931501959843,1.25,-0.131097567331895,-0.03181383185012238,-0.09249734197636861,-0.3678505497485049,0.25,-0.15384615384615385,0.26017351564719143,-0.19291259357616553,-0.08130867292795287,0.0,-0.10213293144355175,-0.008171951958315448,-0.5787462308387294,-0.3075556117893818,-0.9,-0.4572190490015505,-0.137839580149461
0.15841328593084741,0.8088874172899468,-0.5,0.5,-0.6628858843135235,0.7484328960546471,0.7681379051051218,-0.5,0.9230769230769231,-1.8421771786885737,0.15987258206648716,0.0625622004010699,0.0,0.09584582684935666,1.1390320552281448,1.1348797786462759,0.7689536712285677,-0.9,0.6816720257234726,-0.6648402677565551
0.7193018353268289,1.0190907603189419,-0.450381530437663,0.5,1.1765263941981527,2.8171192474181104,2.0624793625622395,-0.75,1.7692307692307692,1.9322627356540631,-0.16856766544821403,-0.058842605560254425,0.0,-0.07303488063157096,-5.546697571727835e-05,0.3908579335042749,1.1738707526868182,-0.9,1.4533762057877813,0.17190475851463685
0.8853096058660554,0.7496732699121116,-0.25,0.5,0.21346955661990935,3.020583082368501,1.8055444464157795,-0.08946049696232683,1.7692307692307692,-1.0159200869857163,-0.16796385665000993,-0.058838494671482805,0.0,-0.07303488063157096,-0.05547275127661098,0.44636821488528255,1.1786430645600379,-0.9,1.4533762057877813,-0.7415951257077009
0.1716417112430155,0.6542297436527641,-0.5,0.5,-0.9901921155050156,0.7309592586815347,0.7540520805038629,-0.5,0.9230769230769231,-1.2407104883132631,0.1739067541725621,0.05977974805279686,0.0,0.09584582684935666,0.8788798763162499,1.0992843798581127,0.7685147553741773,-0.9,0.6816720257234726,-1.2145742142965508
0.7346123725405147,0.8711765108884525,-0.25,0.5,-1.726110484840365,2.3953723580049204,1.7508370725565408,-0.4545179673761822,1.6852639397714133,-5.684599005729883,-0.13124094892679974,-0.045927254009637514,0.0,-0.05666169140078163,0.051515976433093656,0.9349169590700022,1.1023398552274428,-0.7180718695047289,1.1755116977966116,0.004830564886328034
0.5112961997994365,1.2524187529123672,-0.7154464052533793,0.5,1.6726959518029387,2.506372945791702,1.9875127522250837,-0.7154464052533793,1.684175766777549,3.2660833598944956,-0.09536958366378451,-0.04084250596233738,1.8165318381080588,-0.049693138524296715,0.13473866281928515,0.46021872943383124,1.0979000726034955,-0.5821069283310898,1.34671559177892,-0.3632821059984641
0.04074058084816111,0.6360241877854813,-0.5,0.5,0.3555362085492345,1.4035277315112387,1.3799484458572449,-0.5,1.1538461538461537,5.771199778927937,0.46905501252296067,0.06624684699297922,135.07644823319322,0.09584582684935666,0.7820507211573186,0.8368332552134057,0.49456751020780926,1.4,0.6816720257234726,-2.3334879079538418
0.9815522810680322,0.630619229023175,-0.25,0.5,-0.20073883996593442,2.972602515891344,1.595748595045148,0.75,1.7692307692307692,-1.288881126537475,-0.16725711437502988,-0.05891551581481656,0.0,-0.07303488063157096,-0.1062222937750848,0.522119151948769,1.1777438567469662,-0.9,1.4533762057877813,-1.4412607195545948
0.6208461310587365,-1.3843882317504268,1.0676861682858885,0.0,-0.0025005701077867697,-0.117097398664776,-0.40653333574976064,0.25,-0.15384615384615385,0.11290446820954045,-0.19212846793015972,-0.07977936478496436,0.0,-0.09956541541731506,-0.014308871715059217,-0.5512263510611566,-0.21740936246186313,-0.9,-0.3054662379421222,-0.24292143191006416
0.9071716678464286,0.7289134526106352,-0.25,0.5,-0.093408361303285,2.8406104020654404,1.7497863431264398,0.21599931485852364,1.7692307692307692,-0.06745696768394138,-0.1674901763971941,-0.0588911172752197,0.0,-0.07303488063157096,-0.07964002223027544,0.4980899912958386,1.1773158871686509,-0.9,1.4533762057877813,-1.0498747865808524
0.6326139363100877,-1.5423651304690191,1.25,-0.1021835427745241,-0.07593626971214942,-0.09890933224513401,-0.3756457143389131,0.25,-0.15384615384615385,0.22473672526051397,-0.19274240400698572,-0.0809711920969565,0.0,-0.10156665685169676,-0.009346428354661299,-0.5725257659434944,-0.2876914344228989,-0.9,-0.4237494385814427,-0.15944176044753766
0.1027376472342962,0.4967047861753062,-0.5,0.5,0.4219424778538742,0.7732643212890468,0.8568959024992382,-0.5,1.1479877640783818,3.059635107911996,0.2815062659524579,0.06615474587713652,0.0,0.09584582684935666,0.9207876707592835,1.1142473672340059,0.7369937426807678,-0.9,0.6816720257234726,-2.6147088586256304
0.609290401283199,-1.3178022263375853,1.0,0.0,0.058171909281421866,-0.12021555038660903,-0.41185519571661394,0.25,-0.15384615384615385,0.01974431274531655,-0.19212383531876032,-0.079779678891712,0.0,-0.09956541541731506,-0.012373618388068674,-0.5510107177377538,-0.2174352348293677,-0.9,-0.3054662379421222,-0.21088604695928947
0.9491034895726748,0.6256909798984648,-0.25,0.5,-0.14266933674435617,3.0485467389007948,1.6549609477732357,0.75,1.7692307692307692,-1.8070427823936068,-0.1677768479462506,-0.05885813408479654,0.0,-0.07303488063157096,-0.08944883070472379,0.46570816966639544,1.1789415402895576,-0.9,1.4533762057877813,-1.323111401912026
0.1052016696286564,0.5198947949995955,-0.5,0.5,0.46479329051970875,1.2713073642306578,1.3785432103966808,-0.5,1.1538461538461537,5.82355055044752,0.4182217013543359,0.0656711782622126,96.28571428571429,0.09584582684935666,0.7847029063704211,0.9789830059184548,0.6020034062793937,1.4,0.6816720257234726,-3.217082750169721
0.20330077658088877,0.8278830984374062,-0.5,0.5,-0.7353413936339961,0.7467752359436256,0.7725752364420962,-0.5,0.9230769230769231,-2.0780721980867143,0.15289799509374896,0.06377548535319742,0.0,0.09584582684935666,1.126007876532791,1.1502049022383103,0.7789340608415708,-0.9,0.6816720257234726,-0.7023134323981626
0.6273932847169269,-1.4731270937973242,1.1945069595167626,0.0,-0.04729145379749422,-0.1032937751294428,-0.38297420263387116,0.25,-0.15384615384615385,0.19870001019660166,-0.19213714786371214,-0.0797787762560629,0.0,-0.09956541541731506,-0.016307508988472014,-0.5517940994270474,-0.2173410638815505,-0.9,-0.3054662379421222,-0.27588591515677174
0.09117543953531505,0.4928593725393155,-0.5,0.5,0.3515727494061197,1.0873416048191793,1.2264495714851251,-0.5,1.1538461538461537,5.017323516513969,0.3739403846408762,0.06723378473137301,74.0365124428057,0.09584582684935666,0.8654088023158971,1.1057025300140868,0.708323319210197,0.8685279678474357,0.6816720257234726,-3.4789636804739468
0.8717491710505403,0.779405377393523,-0.25,0.5,0.25266462582468036,3.0004641919661386,1.8282012565316967,-0.25783911539809257,1.7692307692307692,-0.8816692153738441,-0.16796385665000993,-0.058838494671482805,0.0,-0.07303488063157096,-0.05256351332192208,0.44636821488528255,1.1786430645600379,-0.9,1.4533762057877813,-0.6833114619421514
0.6294949552781535,-1.5070952546448444,1.2450723655614089,0.0,-0.06261884581403991,-0.09761127707692471,-0.37317790693179276,0.25,-0.15384615384615385,0.22904528017561449,-0.19214060868713279,-0.07977854160051011,0.0,-0.09956541541731506,-0.017049579622015816,-0.552020469459704,-0.21731383218387487,-0.9,-0.3054662379421222,-0.28808134117366724
0.5818278187225857,0.7014848678647879,-0.25,0.5,-0.9970694871388937,1.5667496897380058,1.4869116225385495,-0.5,1.7692307692307692,-3.9955281196058006,-0.034206119934202514,0.051208589485391476,0.0,0.09584582684935666,1.4168460340124942,0.7924077825817595,0.8731278396070159,-0.9,0.6816720257234726,3.6453911312650322
0.22499241880283644,0.7624751299045931,-0.5,0.5,-1.0391424644718659,0.7499133388392869,0.7733856235705244,-0.5,0.9230769230769231,-1.8314738243845854,0.16040373060074042,0.0620085437006479,0.0,0.09584582684935666,1.0454653565180243,1.1708449446476628,0.7686060055069577,-0.9,0.6816720257234726,-1.0998814457690593
0.994623484439566,0.6131540293542921,-0.25,0.5,-0.09286758511329073,3.0056727592210475,1.6068238238730834,0.75,1.7692307692307692,-1.0324192127185001,-0.16724209570305631,-0.05891796324173418,0.0,-0.07303488063157096,-0.09618058876299937,0.5244994877340422,1.1771378067857585,-0.9,1.4533762057877813,-1.250052528954462
0.617351816443595,-1.6802216370170817,1.25,-0.25,-6.336378724111102e-16,-0.08226282189905074,-0.35858777896326377,0.25,-0.15384615384615385,0.3081642727994311,-0.19344120355609506,-0.0823568907250795,0.0,-0.10389178424562215,0.0019996661270871045,-0.5960256429495323,-0.3669469386087677,-0.9,-0.5570757879699879,0.039942297283522464
0.6521698414026297,0.7354598306500185,-0.25,0.5,-1.0924359676693993,1.7798061577285784,1.631490088894402,-0.5,1.7692307692307692,-4.673406753644029,-0.059496567399467105,0.044455362585880655,0.0,0.09584582684935666,1.1998120032491706,0.7755628248696768,0.8828152053284603,-0.9,0.6816720257234726,3.7554348611713166
0.7049958900235435,0.7600981614466061,-0.25,0.5,-1.2089998155519068,1.9655789762135507,1.7569379794520261,-0.5,1.7692307692307692,-5.312146438874714,-0.06679352262810812,0.04238051415311764,0.0,0.09584582684935666,1.0688410497064105,0.8375933801153689,0.8906971385439985,-0.9,0.6816720257234726,3.3149790578712386
0.055398611348906786,0.6156088918413174,-0.5,0.5,0.39200152815392597,1.3863587833812534,1.3839482128968665,-0.5,1.1538461538461537,5.806770613073751,0.4606448489929426,0.06593714562146111,127.31565445473666,0.09584582684935666,0.7759151238737332,0.8524042037363848,0.5059353054447193,1.4,0.6816720257234726,-2.4568547890172345
0.10109942638623379,0.49346041502108723,-0.5,0.5,0.42631911713443554,0.8087622742113244,0.9126494787971541,-0.5,1.1538461538461537,3.4078615795857288,0.2977967148818772,0.06892343169504107,0.19838076296024343,0.09584582684935666,0.9672079071578705,1.1291090322765223,0.7301410732501815,-0.6778135454845273,0.6816720257234726,-2.765178069116257
0.8335740306308961,0.8541031456813989,-0.25,0.5,-1.536726654039847,2.4280432161646126,1.8524224880865288,-0.5,1.7692307692307692,-5.807365597746856,-0.13513425151061315,-0.03427244791767986,0.0,-0.035771053137006986,0.1960861355805118,1.1112012938186084,1.2959322089270444,-0.9,1.3420165670273587,0.5413646334789073
0.2299214235467752,0.6981525041682775,-0.5,0.5,-1.1776337138500808,0.743203786910764,0.7678307986532835,-0.5,0.9230769230769231,-1.575756374934218,0.16650330103546893,0.06081712323971296,0.0,0.09584582684935666,0.9397460582560577,1.1571806829111437,0.7677542072432042,-0.9,0.6816720257234726,-1.333051235890003
0.8747625755705023,0.7950185693955554,-0.25,0.5,0.003781281164554895,2.911684451803647,1.7616418728289729,-0.15422470557231782,1.7692307692307692,-1.1346183390645919,-0.16770234427490988,-0.05886595836444469,0.0,-0.07303488063157096,-0.08158322902282003,0.47341314598991246,1.1790604520685728,-0.9,1.4533762057877813,-1.1260267804315323
0.0710579324807032,0.5421861955268313,-0.5,0.5,0.33085525962914847,1.256921989691715,1.3510148766692727,-0.5,1.1538461538461537,5.640908176777925,0.4245348485661919,0.06714644697362174,109.89422368631779,0.09584582684935666,0.827407148098054,1.0133481847231072,0.6305987803309551,1.4,0.6816720257234726,-3.256719759706204
0.8997377003996235,0.7108202121330905,-0.25,0.5,-1.0893710442950104,2.691131253034481,1.7099957978690272,0.29501570458417903,1.7692307692307692,-4.873101938788111,-0.1566573207821057,-0.05467908127799942,0.0,-0.06994615078452648,-0.06919918511320375,0.9198125550214609,1.3088001194306895,-0.9,1.4533762057877813,-0.8623267744977705
-0.003919801940273346,-0.18832456097072645,0.0,-0.25,1.3451736172200741,-0.04501891918962485,0.14762669965842368,-1.0,0.07692307692307693,0.45989164111633213,-0.18669406268335997,-0.0748885621001692,0.0,-0.09337875279918018,-0.022570111163061,-0.3594736671464929,0.014343309160060238,-0.9,-0.1382636655948553,-0.36720139820738384
0.1735776975629144,-0.5144278257826047,0.0,-0.25,0.7104634334637608,0.00030664489824232255,0.1415864848311384,-1.0,0.07692307692307693,0.4902603626547203,-0.1866934714302761,-0.07488863337964088,0.0,-0.09337875279918018,-0.04312201123842177,-0.3604282838691014,0.014586243946547527,-0.9,-0.1382636655948553,-0.7144877445700243
0.08836092348699381,0.49268891244741075,-0.5,0.5,0.32364625722852136,1.1796530165813626,1.335636488712038,-0.5,1.1538461538461537,5.573494160816477,0.40077238632679546,0.06760081968214353,95.20469721667881,0.09584582684935666,0.8503975601325452,1.1043588664225754,0.6998045174885038,1.4,0.6816720257234726,-3.733037572759934
0.08377871829240854,0.5054329506239524,-0.5,0.5,0.3255809321285671,1.201047537860675,1.3407634093600962,-0.5,1.1538461538461537,5.596588111589959,0.40723169876100646,0.06744572511553729,99.79156405074748,0.09584582684935666,0.8434915237464239,1.080086105801028,0.6819640226266734,1.4,0.6816720257234726,-3.6101832216179113
0.22428752283814624,0.764370230814916,-0.5,0.5,-1.0326082335404685,0.7500548778963247,0.7734670853320939,-0.5,0.9230769230769231,-1.8374643462328966,0.16025839039291326,0.062040928232034685,0.0,0.09584582684935666,1.0487335995362834,1.1708405784806122,0.7686287308615748,-0.9,0.6816720257234726,-1.090642396688613
0.11622126067057065,0.5119899661080101,-0.5066330509684549,0.5,0.3675643606316999,1.074496432679157,1.2398000379873346,-0.5066330509684549,1.1701736639223506,4.9442036506643054,0.35203906840101373,0.06803222312025654,12.79414817765837,0.09136504948811779,0.9264204751863638,1.1654889532787986,0.7133461843877629,1.3389759310902145,0.7021470383592178,-3.637239602954495
0.04827618725483945,0.6149152576337029,-0.5,0.5,0.3631173895651587,1.2932181162947114,1.2842976776325588,-0.5,1.1538461538461537,5.285688631818439,0.4372833608414736,0.06630741868779497,112.3772209826721,0.09584582684935666,0.808467115288241,0.8834706344992546,0.5358540596055235,0.9826984992934662,0.6816720257234726,-2.3592923590803627
0.338741819323431,0.7846557010922652,-0.604239609757577,0.5,1.1678484883787883,1.6925673764016815,1.4885520533434828,-0.604239609757577,1.4104359624801894,3.7843974306715706,0.12518741908399494,0.019803002350768484,0.4164582578354944,0.02542959067577505,0.6471076275379141,0.8097749388546924,0.9022036431287954,-0.43356675122424626,1.0034405960362505,-1.6359343704643694
0.10109942638623379,0.4934604150210871,-0.5,0.5,0.36984730165382196,0.9204343796933134,1.0653746562600506,-0.5,1.1538461538461537,4.209556803200998,0.3312275461078875,0.06925371040645938,7.604134477927169,0.09584582684935666,0.9378000442039158,1.1572630723114745,0.7160478943310098,0.4307235336372547,0.6816720257234726,-3.278487734255416
0.722486182968095,0.7719347865881562,-0.25,0.5,-1.241738558590464,2.022316423540391,1.792946464671979,-0.5,1.7692307692307692,-5.501164515517777,-0.07259128564903203,0.04116636087118095,0.0,0.09584582684935666,1.0180888661805674,0.831004414997214,0.8900712996339042,-0.9,0.6816720257234726,3.2443034187046567
0.5857012770072597,-1.2557391342718562,1.0,0.0,0.17231989608722878,-0.10963569250562662,-0.39045256544233586,0.25,-0.15384615384615385,-0.13916696591517724,-0.19212383531876032,-0.079779678891712,0.0,-0.09956541541731506,-0.009832086306130812,-0.5513807742371226,-0.21739043119754556,-0.9,-0.3054662379421222,-0.16917592674722837
0.033611448667423105,0.9221149283800013,-0.414545662075531,0.5,-1.037790603265553,0.9814511782007171,0.8059320071274185,-0.414545662075531,0.9493705655152213,-2.7025741167124706,0.06720250330631923,0.027176380510035333,0.0,0.040701231510539275,0.9954365040533963,0.6931537255253494,0.4197247912946693,-0.558182648302124,0.31017921262417336,-0.01480650976611425
0.6885121990172195,1.1725700033983886,-0.6202882832843537,0.5,1.4014951635919821,2.81942484600093,1.982964031508802,-0.3608648498530613,1.7692307692307692,2.007431922917621,-0.1688405097765306,-0.05887459360013471,0.0,-0.07303488063157096,-0.019722546908843248,0.3909161257930003,1.1654550721873576,-0.9,1.4533762057877813,-0.14586203728948396
0.593334170679517,-1.2753426344390797,1.0,0.0,0.13592502328566922,-0.11321185522500453,-0.3973629620687521,0.25,-0.15384615384615385,-0.08941990236850195,-0.19212383531876032,-0.079779678891712,0.0,-0.09956541541731506,-0.010654467159236474,-0.5512704575220103,-0.21740378750799044,-0.9,-0.3054662379421222,-0.18271759810499816
0.2687070725878571,0.8810548611467031,-0.25,0.5,-2.319615636097249,2.0167601435218248,1.2585532076898613,-0.25,1.3076923076923077,-4.3943274266800865,-0.07969923041866826,-0.04418146167797259,0.0,-0.05754988603929541,-0.04816662032951463,-0.13146990911406464,-0.0943528927149938,0.1,-0.07395498392282958,-0.37903550607221936
0.6053780464669557,-1.3140393402559083,1.067015910205719,0.0,0.07524227029903977,-0.11296288962720491,-0.3947488942963719,0.25,-0.15384615384615385,-0.044661889996546425,-0.19212842205601288,-0.07977936789538694,0.0,-0.09956541541731506,-0.011894253341265598,-0.5510733428320216,-0.21742765265834466,-0.9,-0.3054662379421222,-0.20209096764906773
0.5754282786692867,-1.2332335056385022,1.0,0.0,0.21663453488347006,-0.1040718767031651,-0.3824377892811217,0.25,-0.15384615384615385,-0.19588176191665896,-0.19212383531876032,-0.079779678891712,0.0,-0.09956541541731506,-0.008725256118276663,-0.5512726071112752,-0.21740352725203993,-0.9,-0.3054662379421222,-0.14952610540151606
0.06757341931528082,-0.299984376620708,0.0,-0.25,1.1205517141741097,-0.043685612191697275,0.14439818488392198,-1.0,0.07692307692307693,0.46030476848688506,-0.18669172758652627,-0.07488887913228824,0.0,-0.09337875279918018,-0.027556470150653566,-0.3597439022894431,0.014408199092098907,-0.9,-0.1382636655948553,-0.4504655696685186
0.6289146521194999,-1.5757792564032893,1.25,-0.13801179521299506,-0.05753058003760497,-0.09130231908994356,-0.36855729098395384,0.25,-0.15384615384615385,0.2608171979153314,-0.19280845437467067,-0.08110216800271472,0.0,-0.10178642734164459,-0.005389831171922443,-0.5740343839967511,-0.29335152435990874,-0.9,-0.43327137305897934,-0.08728544203849417
0.07488787065342722,-0.3681884517272259,0.0,-0.25,0.9123900487702964,-0.03587973307796845,0.14724718074254567,-1.0,0.07692307692307693,0.4956154608720051,-0.18669157521708532,-0.07488890060507987,0.0,-0.09337875279918018,-0.03034663650663594,-0.35968410401984247,0.014392642311314952,-0.9,-0.1382636655948553,-0.49870086231754474
0.5991401295484056,-1.286434898142563,1.0,0.0,0.11201676147869241,-0.1180651971135069,-0.4046852761454078,0.25,-0.15384615384615385,-0.07115167665350358,-0.19212383531876032,-0.079779678891712,0.0,-0.09956541541731506,-0.011280010971676474,-0.5509233351986569,-0.21744581444387537,-0.9,-0.3054662379421222,-0.19139355619926607
0.3274255036289697,0.8639749493696254,-0.25,0.5,-2.3258904692656155,2.1174878067045095,1.3302551403918232,-0.25,1.3076923076923077,-5.4004842136607145,-0.06849302329879935,-0.03953918496847738,0.0,-0.05079325919459521,-0.08611503613445018,-0.12632183583262901,-0.09221436158061994,0.1,-0.07395498392282958,-0.5148975199102944
0.018964418940313976,-0.1807120364711374,0.0,-0.25,1.3461851315098943,-0.07482479646749877,0.15089347665024733,-1.0,0.07692307692307693,0.5216819840532732,-0.18669406268335997,-0.07488856709482751,0.0,-0.09337875279918018,-0.024944653405473402,-0.3589815332960268,0.01421752325231388,-0.9,-0.1382636655948553,-0.4120604960909835
0.11038904804426987,0.5281953205132379,-0.5,0.5,0.5078093950880543,1.2986492529821403,1.3911505243809963,-0.5,1.1538461538461537,5.897461731328876,0.42340481946039693,0.06509829074820751,96.28571428571429,0.09584582684935666,0.7650708493983289,0.9410845776347477,0.5721801497990263,1.4,0.6816720257234726,-3.059782861850327
0.15714300991693064,0.6044504478979821,-0.5,0.5,-0.3156943904758241,0.7656173224660303,0.8236691599754121,-0.5,0.9534304671004816,0.3595106167887252,0.2272177137897407,0.065218453847987,0.0,0.09584582684935666,0.9546733858996738,1.1265138037903444,0.7460041028368847,-0.9,0.6816720257234726,-1.9689304458360493
0.05965832977392613,-0.3456211963665323,0.0,-0.25,0.9435508050384235,-0.041463914750261996,0.14812072366473836,-1.0,0.07692307692307693,0.49644184480404585,-0.18669128259871515,-0.07488894184256983,0.0,-0.09337875279918018,-0.028375176044889257,-0.3595692642456641,0.014362766242925281,-0.9,-0.1382636655948553,-0.4654012280245565
0.15816843188118493,0.9437821830548252,-0.5,0.5,-0.40873566397427075,0.7625114034609155,0.7806363468543966,-0.5,0.9230769230769231,-2.412800156562966,0.14608946764574593,0.0651610988182707,0.0,0.09584582684935666,1.3541824925147727,1.1683320245894198,0.7718718391151794,-0.9,0.6816720257234726,-0.20720503315218303
0.9502294147165399,0.618529516224192,-0.25,0.5,-0.09520037777075085,3.06991123233359,1.6660734096619205,0.75,1.7692307692307692,-1.771068786207803,-0.1678320779545759,-0.05885233390042535,0.0,-0.07303488063157096,-0.08369811280883105,0.45999642554914977,1.1788533902906813,-0.9,1.4533762057877813,-1.237186961840473
0.8764465255013704,0.7812844106767356,-0.25,0.5,-1.3169450049029758,2.5965423909642635,1.7795760780842094,-0.07478649553076655,1.7692307692307692,-5.317360957718146,-0.15054566881717923,-0.051039392928800435,0.0,-0.06437392345520498,-0.006032190268088725,1.0379340412137446,1.336292082436025,-0.9,1.4533762057877813,-0.4043018557113352
0.08848311248787971,0.4926963127776854,-0.5,0.5,0.3235702637147738,1.17819319307334,1.33449370319774,-0.5,1.1538461538461537,5.567877269426213,0.40044127283898,0.06763812900735801,94.41755179395597,0.09584582684935666,0.8513619231725539,1.1051694483340668,0.6998158783413732,1.4,0.6816720257234726,-3.7331792656314016
0.42279294702984077,0.802959753364609,-0.25,0.5,-2.1173418305555596,2.182908967088145,1.293367040544425,-0.25,1.3076923076923077,-3.8863376172870874,-0.07839383698504725,-0.04084943820542953,0.0,-0.05079325919459521,-0.1947633023392497,-0.12074352398398701,-0.09209905394445261,0.1,-0.07395498392282958,-0.43132394375011107
0.7152163891997452,1.0990829285098935,-0.47918289266956654,0.5,1.0653662343083263,2.8508577689430474,1.9937735198363704,-0.75,1.7692307692307692,1.1054820343611436,-0.1686245447754246,-0.05884771728507354,0.0,-0.07303488063157096,-0.022106104756048062,0.39915166549231806,1.1708115059587485,-0.9,1.4533762057877813,-0.19554036726147847
0.15050816551830387,0.8600193460944805,-0.25,0.5,-2.2638916482629416,1.8700183151717669,1.1419812686538056,-0.25,1.3076923076923077,-3.9609442521286207,-0.08572929749160943,-0.04681640884262509,0.0,-0.0612402279771686,0.06179949190703607,-0.18830125349009175,-0.19670118318864588,0.1,-0.28375645222538,-0.08126802487810836
0.31188466641734613,0.7480890034768549,-0.25,0.5,-1.9736643826551092,2.0320756040549357,1.1422599866586651,-0.25,1.2283422506359378,-3.1893464449442237,-0.0782901688390379,-0.041500376735392364,0.0,-0.05458126292415263,-0.14680375570583795,-0.14357121528582756,-0.13454840240543886,0.1,-0.15936473183157504,-0.2513322570424339
0.9595142762526921,0.6701622529768887,-0.25,0.5,-0.2746967514380947,2.844697661167403,1.651853550313727,0.5409658888907638,1.7692307692307692,-0.4233935105165695,-0.16733082820038217,-0.05890881975905173,0.0,-0.07303488063157096,-0.10032788408106702,0.5154894327079286,1.176869418642868,-0.9,1.4533762057877813,-1.4051660316404697
0.49851344770328454,1.2287677226913198,-0.7087325591998248,0.5,1.6304093215363151,2.4602864270313383,1.9634860233968414,-0.7087325591998248,1.6676493764918763,3.3197400570795477,-0.08098427556793636,-0.037341932851190765,2.1694883163520693,-0.0451577822385274,0.16017336438797447,0.4829251296111936,1.0855313333294552,-0.5203395446383878,1.3259911795235748,-0.4687523977982626
0.569659806623982,1.3604048437348737,-0.746100545175888,0.5,1.865768636327509,2.716795196071562,2.0972142111960075,-0.746100545175888,1.759632111202186,3.0210971194936675,-0.16105015537797523,-0.05682545479704408,0.20499991075331536,-0.07040070987362718,0.018608668989434807,0.35654563913340187,1.1543733758855572,-0.8641250156181699,1.4413393034368247,0.11827512017402686
0.9465494169785182,0.6419361967356328,-0.25,0.5,-0.25034893502692024,3.0000830666379783,1.6297532023754644,0.75,1.7692307692307692,-1.888646962086272,-0.16765156301820083,-0.058871291346648466,0.0,-0.07303488063157096,-0.10249388174977417,0.478664811761281,1.1791415016258258,-0.9,1.4533762057877813,-1.5180242331519898
-0.045964553022949675,-0.1724326857786184,0.0,-0.25,1.2158234158109225,-0.08168189899083161,0.15322895020696092,-1.0,0.07692307692307693,0.4917932348892818,-0.18668933832081058,-0.07488921584156905,0.0,-0.09337875279918018,-0.014166482781748459,-0.3588062211210929,0.01416425724430477,-0.9,-0.1382636655948553,-0.22508258091179612
0.27822935464988446,0.6051329738610292,-0.43192316837015776,0.5,0.3977892574836619,1.4254822957164155,1.3234969915051966,-0.5680768316298422,1.3214198932426884,3.2547538484941247,0.19870156371850914,0.039319093738161566,0.5197804810575937,0.049858372894525674,0.7886672556572873,0.9720172415421028,0.8398167460303926,-0.3178458612154952,0.8918127278606063,-2.2584456539107163
0.834087610697717,0.8630095796326154,-0.25,0.5,0.3504008866023191,2.940269998629503,1.888277535323702,-0.7224139851787998,1.7692307692307692,-0.5191435086720668,-0.16795174791652784,-0.05883976631508431,0.0,-0.07303488063157096,-0.04579740875941232,0.4476204686750396,1.1786623907357023,-0.9,1.4533762057877813,-0.5413387523158494
0.10220551253483155,0.4969332080773217,-0.5,0.5,0.4521793948184553,0.8201346882915901,0.9043502280987635,-0.5,1.1538461538461537,3.381593149899941,0.29547144873950915,0.06605575230237724,8.251800625460518,0.09584582684935666,0.9053366043062734,1.096804910540312,0.7208389694532336,-0.7028872550891476,0.6816720257234726,-2.661232100773339
0.3250735696387694,0.7106906127829193,-0.4705622292774647,0.5,-1.1291238959246535,0.9959053140214198,0.8641804810337753,-0.3528111463873236,1.0227124547531963,-1.7292202710594313,0.12510386606144952,0.04703784918930333,0.0,0.07595994066422428,0.8321059666699082,1.0936536875190834,0.8164979049965335,-0.9,0.7725410285968934,-1.4215538254059057
0.4850710816896001,0.8904138262050374,-0.25,0.5,-2.046008925432254,2.1949465319635326,1.5149769173771692,-0.3558708811214366,1.5031462420703445,-5.373165519996777,-0.10461242395125953,-0.04391649142642653,0.0,-0.053831114970501616,0.01880036670752007,0.4168955503321551,0.5263525146329548,-0.32348352448574647,0.5728446113528282,-0.2500682061204976
0.9418803002912575,0.6207135856913983,-0.25,0.5,-0.25086593465362345,3.017479189090158,1.686788487719761,0.6814861948281985,1.7692307692307692,-2.4913986793771716,-0.16579366853489752,-0.05825149435667666,0.0,-0.07303488063157096,-0.07935953138237568,0.5581741567374374,1.2101369537885613,-0.9,1.4533762057877813,-1.055203617523697
0.25070126301812334,0.8626565594006891,-0.25,0.5,-2.255377361697419,1.9964685503596007,1.2200651747914175,-0.25,1.3076923076923077,-4.2031861067781335,-0.08289683352001852,-0.04546154913500788,0.0,-0.05993245311014963,-0.003194998785608111,-0.134858527205219,-0.09516262997313145,0.1,-0.07395498392282958,-0.35276574983283215
0.9978623879039579,0.6200911306679544,-0.25,0.5,-0.2528089079131619,2.913090555102575,1.59865991679942,0.75,1.7692307692307692,-0.7028813396751405,-0.16722832778544983,-0.05892020684704155,0.0,-0.07303488063157096,-0.1043421244596727,0.5266815892557359,1.1765822286397019,-0.9,1.4533762057877813,-1.438871939482377
0.8522859465822447,0.6304790147774542,-0.2925645490731996,0.5,-0.5009831127374903,2.486518392706832,1.446186294249868,0.5371772546340021,1.6251661415984013,-0.7245658926557114,-0.10843257874078172,-0.038834455532855354,0.0,-0.04428155598721653,0.047471677314249505,0.6225597247304806,1.1067519264518006,-0.9,1.3219872440184193,-1.5793893263122194
0.5866252978071749,-1.2581122895499774,1.0,0.0,0.16791401531344838,-0.11006861465526914,-0.3912891223881873,0.25,-0.15384615384615385,-0.13314469920669358,-0.19212383531876032,-0.079779678891712,0.0,-0.09956541541731506,-0.009931641867409434,-0.551367419545741,-0.21739204808220178,-0.9,-0.3054662379421222,-0.17081525077524073
0.8442726002850857,0.8622481552157101,-0.25,0.5,-1.5865034868729295,2.4838906164181127,1.853729782392856,-0.4972510428353799,1.7641557713883935,-5.8174134833279085,-0.14267058621640225,-0.046768918720126,0.0,-0.05788787294126645,0.06430928430297622,1.1595347733465313,1.3518456088102744,-0.8890041713415195,1.4365819337209702,0.11546574058962698
0.17911638357726642,0.5890585525707684,-0.5342214075172018,0.5,0.5831811765113685,1.270119776130843,1.3367172388129531,-0.5342214075172018,1.2380834646577275,4.762379716900081,0.2929201449086032,0.0536488501775601,11.343788861952818,0.07272848479936395,0.8244599830707419,1.0682667820060843,0.7647428608325855,1.0851630508417431,0.7873072386383078,-3.1773548450020286
0.20564270075004348,0.9124326846127746,-0.25,0.5,-2.391205691504774,1.9653340231051917,1.2525769282175694,-0.25,1.3076923076923077,-4.992223472970631,-0.07699821679670422,-0.042496455867907984,0.0,-0.05244209587873376,0.0006151316214302038,-0.13978721749075237,-0.09239440288676692,0.1,-0.07395498392282958,-0.5004712197488871
-0.1729591057928441,0.8614198743357945,-0.25,0.5,-2.331866560921473,1.4348044024792723,0.8787081121398763,-0.25,1.0388030530576877,-3.309375528394087,-0.08429980838160647,-0.04678654903633267,0.0,-0.06570919730199949,0.24859580668781583,-0.2260091380902699,-0.25663076098837395,0.1,-0.40514469453376206,0.234120541029943
0.08366495152324704,-0.3725490020717501,0.20129344891484585,-0.25,0.9425965134999399,-0.029875431710617805,0.14815827823773056,-1.0,0.07692307692307693,0.5160634353605261,-0.18655858856156252,-0.07489597026250362,0.0,-0.09337875279918018,-0.032850726026040396,-0.3522229395999491,0.014287253120378207,-0.9,-0.1382636655948553,-0.5279027734229585
0.9018199451564531,0.7587828106616741,-0.25,0.5,0.22293247404758196,2.979341518632813,1.783589560614179,-0.15077529065048,1.7692307692307692,-0.612324000712024,-0.16767002526995378,-0.05887113730791581,0.0,-0.07303488063157096,-0.0612038696911129,0.47845205382795863,1.1778197953564509,-0.9,1.4533762057877813,-0.7373879052095174
-0.1741299957283668,0.852020458131841,-0.25,0.5,-2.317051977603372,1.4418799486088902,0.8750252185905559,-0.25,1.0,-3.301626163094294,-0.08628309611379006,-0.04743484948592135,0.0,-0.06608573112532937,0.22474225959230154,-0.2261723148578105,-0.2566230270349716,0.1,-0.40514469453376206,0.24157182922978032
0.5763694911458738,-1.233433785060582,1.0,0.0,0.2149384508063811,-0.10473334189205231,-0.3820561428049194,0.25,-0.15384615384615385,-0.19418001152707548,-0.19212383531876032,-0.079779678891712,0.0,-0.09956541541731506,-0.008826663939829673,-0.5514829322887519,-0.2173780626761423,-0.9,-0.3054662379421222,-0.15246318416067017
0.350794836873419,0.8551910566632894,-0.25,0.5,-2.268532548448934,2.103517342584586,1.2983181408244622,-0.25,1.3076923076923077,-4.255287045016948,-0.07673192625047717,-0.04155373483578981,0.0,-0.05220472955158481,-0.15358431535221648,-0.1302527869469824,-0.10621713902374666,0.1,-0.10230086678369499,-0.3916188300213721
0.16022619303437602,0.7617600501568844,-0.5,0.5,-0.7564691195587895,0.7433365975269484,0.7638039144960728,-0.5,0.9230769230769231,-1.64986031595959,0.16445200107920677,0.061680547708173585,0.0,0.09584582684935666,1.062067753230814,1.1235606914294674,0.7683219648784719,-0.9,0.6816720257234726,-0.8280637738254446
0.4048178590109689,0.8256886193614003,-0.25,0.5,-2.184417758269444,2.1639601718573664,1.3063362561108627,-0.25,1.3076923076923077,-4.069543217350575,-0.07703946481529379,-0.04079742279731465,0.0,-0.05079325919459521,-0.1914372077606633,-0.12093836680008413,-0.09209164525238832,0.1,-0.07395498392282958,-0.43519884209047605
0.3043212784676278,0.8797376730031841,-0.25,0.5,-2.321300073718895,2.0645650473729593,1.2923378981992324,-0.25,1.3076923076923077,-4.640508822252614,-0.07578235563471351,-0.04123007059416788,0.0,-0.05079325919459521,-0.10528783186231411,-0.12976756207663628,-0.09195365816688782,0.1,-0.07395498392282958,-0.47995550366791145
-0.0888582759954301,-0.12105074555591581,0.0,-0.25,1.2619052591034972,-0.09597573081085765,0.15659940660938182,-1.0,0.07692307692307693,0.504571903444926,-0.18668862701307196,-0.07488931688341777,0.0,-0.09337875279918018,-0.009282850208306177,-0.3584482182242724,0.014071480883518585,-0.9,-0.1382636655948553,-0.1430664996166833
-0.036666816860284904,-0.1459104001948844,0.0,-0.25,1.4021997815173821,-0.051923102128668866,0.14975514082980948,-1.0,0.07692307692307693,0.46534084859036956,-0.18669406268335997,-0.07488856426168734,0.0,-0.09337875279918018,-0.019326448047356996,-0.35926068836388814,0.014288873299825701,-0.9,-0.1382636655948553,-0.31272315560142755
0.7673668823900844,0.8203488067806997,-0.25,0.5,-1.3643636578835803,2.182257809742205,1.822963802543009,-0.5,1.7692307692307692,-5.72169313588476,-0.10063870702347724,0.017495122590238457,0.0,0.0555521019686441,0.7288516812849394,0.8538274422895782,0.9998099204026444,-0.9,0.8838325789635726,2.265365407875971
0.842115143096577,0.8443798502788836,-0.25,0.5,0.3383187949035929,2.956497772843339,1.8777138682920906,-0.6258019981123103,1.7692307692307692,-0.5882867290218374,-0.16796385665000993,-0.058838494671482805,0.0,-0.07303488063157096,-0.046205867711964055,0.44636821488528255,1.1786430645600379,-0.9,1.4533762057877813,-0.5559424103751962
0.5382866738892453,0.8617695706632844,-0.25,0.5,-2.027257595363517,2.2689495999920375,1.5425600022561305,-0.349211972633403,1.4908528725539747,-5.582069474794898,-0.0980194316858748,-0.042369436681928274,0.0,-0.05364004445708629,-0.02779867890274404,0.3900284285501101,0.48721717594640024,-0.2968478905336118,0.532163176860018,-0.26171937331930745
0.6042054033678698,-1.3099110364416526,1.0613372774203302,0.0,0.08156292924940173,-0.11316891712055235,-0.39508081767853775,0.25,-0.15384615384615385,-0.05179638702624299,-0.19212803339611914,-0.07977939424784447,0.0,-0.09956541541731506,-0.011772812013171726,-0.5510606318464919,-0.2174291916079827,-0.9,-0.3054662379421222,-0.19998440735771786
0.20789824519410488,0.8084325272935264,-0.5,0.5,-0.8806832257529522,0.7533457506200608,0.775361122884599,-0.5,0.9230769230769231,-1.9767477734657597,0.15687913850576543,0.06279388909839949,0.0,0.09584582684935666,1.1247223197412437,1.170739062331258,0.7691571097501435,-0.9,0.6816720257234726,-0.875828653765709
0.6357124943663398,-1.5143771187964683,1.25,-0.07217343419267497,-0.09135306255197545,-0.10108693649597114,-0.3781149058122027,0.25,-0.15384615384615385,0.2131355020771951,-0.19256576282580218,-0.08062091791210899,0.0,-0.10097891570362547,-0.011243966254301324,-0.5663457323911046,-0.2670412214474865,-0.9,-0.3890110492262476,-0.19190296648119504
0.30926225122486095,0.7792247845050797,-0.25,0.5,-2.0390069033348124,2.048711080639328,1.1779418568330413,-0.25,1.3076923076923077,-3.506443919505365,-0.08104872767552342,-0.043538968597719135,0.0,-0.05665881486712037,-0.10900767344182744,-0.15500291886371267,-0.15086299940195094,0.1,-0.19175012796106033,-0.23182183686727503
-0.09857942397694562,0.8615790296540158,-0.25,0.5,-2.322837584977822,1.5696507699741094,0.959174256861317,-0.25,1.0864474137894629,-3.670886256068128,-0.09102565836032807,-0.049862662177920083,0.0,-0.06728470034539037,0.17943744620750035,-0.22707384112748494,-0.25690072377182843,0.1,-0.40514469453376206,0.19431842928235277
-0.007843198006949575,0.8346030585130988,-0.25,0.5,-2.248004434297834,1.6365032993434658,0.9805316235032223,-0.25,1.0914220663455922,-3.360034442918437,-0.08234138342501343,-0.04468357453735622,0.0,-0.061117542644469246,0.11984113306648009,-0.19453895772962673,-0.2076868274990215,0.1,-0.30674103952029896,0.04891307111892382
0.9703757519605114,0.6148526802064688,-0.25,0.5,-0.1594407331921756,3.0022724873390665,1.6476112015894984,0.75,1.7692307692307692,-1.2373803633670375,-0.16764493474740896,-0.058873924691636326,0.0,-0.07303488063157096,-0.08890699036586035,0.48119172133440924,1.1777494956678707,-0.9,1.4533762057877813,-1.2929942026228145
0.6099713587849559,-1.3827311968723641,1.119012600549775,0.0,0.0466626786256074,-0.10675847090996844,-0.38628844521317246,0.25,-0.15384615384615385,0.04494726093714757,-0.1921319808401267,-0.07977912659776727,0.0,-0.09956541541731506,-0.013660598935659605,-0.5514561280382753,-0.21738172091805857,-0.9,-0.3054662379421222,-0.23106217531742956
0.11950632628655089,0.8855298409232881,-0.25,0.5,-2.338135560921821,1.8361047468869174,1.1477705132512959,-0.25,1.3076923076923077,-4.148205878093874,-0.0847208521302301,-0.047048650202458644,0.0,-0.061738153161652966,0.07736300509142943,-0.19171657605982262,-0.2016793185624665,0.1,-0.29375604512010534,-0.06846907673363961
0.8160025824687122,0.8983904078683639,-0.281585130337621,0.5,0.46344412143956637,2.929144120495513,1.9081175244075288,-0.75,1.7692307692307692,-0.26948011319430076,-0.16805491021998048,-0.05883976569764415,0.0,-0.07303488063157096,-0.04103437924954774,0.4398610063877456,1.1775637484021557,-0.9,1.4533762057877813,-0.46920726496125165
0.16217946779382283,0.7109837602294944,-0.5,0.5,-0.41431827521971926,0.7644242882338118,0.808657889316504,-0.5,0.9230769230769231,-0.6992643696034568,0.1991602438685079,0.06514092411213296,0.0,0.09584582684935666,1.072433248452638,1.1396514228926866,0.7537013559754081,-0.9,0.6816720257234726,-1.4094051033817308
0.24222299808678543,0.9003893872173151,-0.25,0.5,-2.37495560704172,2.0110369508864383,1.2773482708637194,-0.25,1.3076923076923077,-5.1208631778788645,-0.07432499277999643,-0.041255541547106415,0.0,-0.05079325919459521,-0.03213010161974181,-0.1361731566389601,-0.09190443105910148,0.1,-0.07395498392282958,-0.5216532513900187
0.11594212168672367,0.5209228137653575,-0.5077957837653212,0.5,0.3648248767950142,1.0809762079943113,1.244396938470593,-0.5077957837653212,1.1730357754223288,4.925615977800401,0.34954948993019147,0.0674257170942719,12.733021653480257,0.09057959693873359,0.9214012621658101,1.1624984765378867,0.7153508784767658,1.328278789359045,0.7057361813977759,-3.625342550348377
0.2724855040488937,0.8780368639492421,-0.25,0.5,-2.3448975260509415,2.048846515738624,1.2907450565112752,-0.25,1.3076923076923077,-5.197649830875826,-0.07269783743999315,-0.04196804265351443,0.0,-0.05511837124713531,-0.026207364910765613,-0.13105974797934714,-0.09364881572889701,0.1,-0.07395498392282958,-0.4560822292245098
0.8755935438085544,0.7936295486513021,-0.25,0.5,-0.0032999759110389215,2.9111004640471996,1.7590547725409476,-0.1426168960503822,1.7692307692307692,-1.1471921676339905,-0.16769724908908026,-0.05886649345430097,0.0,-0.07303488063157096,-0.08231431459608453,0.4739400768843833,1.179068584253209,-0.9,1.4533762057877813,-1.1379716507480284
0.16496725766535653,0.6385138600840966,-0.5,0.5,-0.42761090867283796,0.7644242882338118,0.8165955447960067,-0.5,0.9230769230769231,-0.18433858355437355,0.21498129425209947,0.0650855606855717,0.0,0.09584582684935666,0.9815883741354166,1.1305858623454497,0.7486196848148093,-0.9,0.6816720257234726,-1.779958863493794
0.6502741562515965,0.747007510580071,-0.25,0.5,-1.1245879174566222,1.788762191411654,1.6283579563355624,-0.5,1.7692307692307692,-4.734762699423511,-0.05662899686946485,0.04644816280248703,0.0,0.09584582684935666,1.2185362665687578,0.769579132787393,0.8713881270570196,-0.9,0.6816720257234726,3.374210248417133
0.36963216355568296,0.8544336489671381,-0.25,0.5,-2.2805844662323946,2.1376955549103016,1.3246220984624857,-0.25,1.3076923076923077,-4.6156274161533455,-0.07010594065082779,-0.039753205996177654,0.0,-0.05079325919459521,-0.16027953298526273,-0.12015079544110198,-0.09230477151897211,0.1,-0.07395498392282958,-0.4780179902402344
0.6354074521528797,1.2168518503108412,-0.5828780545915195,0.5,1.4074009420443172,2.7719392344292464,2.087682925278185,-0.75,1.7692307692307692,2.3216694290310818,-0.16892347704452534,-0.05885189011140668,0.0,-0.07303488063157096,-0.0035103675903867915,0.37778825709098274,1.1672680707232364,-0.9,1.4533762057877813,0.12162029419743181
0.9481821601063439,0.6673391768291779,-0.25,0.5,0.1066976912497899,2.988446702943148,1.714092926934933,0.40636830561873283,1.7692307692307692,-0.38772490656297465,-0.16739682847211323,-0.058901487584815664,0.0,-0.07303488063157096,-0.0712065609294057,0.508282775311472,1.177054340999133,-0.9,1.4533762057877813,-0.8271159621178059
0.6288823361211228,-1.4933094102719613,1.223350436716557,0.0,-0.05747846509054634,-0.10015434903966926,-0.3776160329498639,0.25,-0.15384615384615385,0.2182129128928384,-0.19213912198375258,-0.07977864240403607,0.0,-0.09956541541731506,-0.016762068907763127,-0.5519232252343212,-0.21732553039902838,-0.9,-0.3054662379421222,-0.28338318994666395
0.6375238489215074,0.7285159890656602,-0.25,0.5,-1.061680534972538,1.7292289334525388,1.5973729616140997,-0.5,1.7692307692307692,-4.500951103366172,-0.057024095777127776,0.04513791344679005,0.0,0.09584582684935666,1.237310686958215,0.761362307973901,0.8807240082928991,-0.9,0.6816720257234726,3.859211152226168
0.16048696714552396,0.8548352521905319,-0.25,0.5,-2.0168162893817954,1.687427204176033,1.2019228885322377,-0.31795281094909916,1.4331436509829523,-4.177117867045745,-0.08026744722901144,-0.024233785795206512,0.0,-0.022943988847424268,0.49519019175951484,0.03952243139924061,0.051824591594833214,-0.17181124379639667,-0.10973569002192263,1.1490234940526465
0.5977013994683736,-1.3615904629695688,1.1238728290515496,0.0,0.09644437581509457,-0.09725371630133534,-0.3726654203351548,0.25,-0.15384615384615385,-0.0021302774434877048,-0.19213231348637527,-0.07977910404322465,0.0,-0.09956541541731506,-0.012388174246709203,-0.5517602077874683,-0.2173449221158387,-0.9,-0.3054662379421222,-0.21086662107449078
0.6213733916331032,-1.6277906561039854,1.25,-0.172100599106934,-0.020842958261038907,-0.0847656909693129,-0.36118138703080416,0.25,-0.15384615384615385,0.2953795347267047,-0.19297332842662887,-0.08142910832187025,0.0,-0.10233501552439898,-0.003244988785539693,-0.5797789437844414,-0.31209606813560864,-0.9,-0.4648391400089935,-0.048499778626087287
0.30807058828301503,0.8764046486325362,-0.6087068346509366,0.5,1.0004051782464076,1.7736699341642312,1.6055256322269826,-0.6087068346509366,1.421432208371536,4.119140277165562,0.13333414246972372,0.014811089274393348,7.427983549779335,0.02241187827390713,0.5391103302938199,0.8212147048443357,0.9012566124357351,0.39989712121138377,1.017230100530222,-2.0400935145747083
0.4628475912143182,0.745271611117433,-0.25,0.5,-1.9517429570778662,2.2251333639810285,1.262082019747343,-0.25,1.3076923076923077,-3.4538158964525905,-0.07623253672455513,-0.04005944867832076,0.0,-0.05079325919459521,-0.2618398206421797,-0.11651394648328482,-0.09213639459841433,0.1,-0.07395498392282958,-0.4291480674840532
0.20901934744053283,-0.58876611409628,0.09044884116290014,-0.25,0.5768351479844194,0.014871411722715453,0.14041783771278513,-1.0,0.07692307692307693,0.4973319685419447,-0.18663318898185505,-0.07489187966516939,0.0,-0.09337875279918018,-0.04756374399091649,-0.3573197406173746,0.014600321780838003,-0.9,-0.1382636655948553,-0.7827666901618181
0.008241845798536734,0.9075155075436747,-0.25,0.5,-2.3845341699930573,1.7114531322930164,1.0820384886103058,-0.25,1.3076923076923077,-4.183371076259343,-0.08862861637725472,-0.0500237449954686,0.0,-0.06728470034539037,0.19994454502704467,-0.21120050500867477,-0.22520667842581374,0.1,-0.33871329753635004,0.0369965951574297
0.1728271690748363,-0.23839310726918533,-0.15265176457278662,-0.021022353140820016,0.5854185352589291,0.24420203379597205,0.35905226027393666,-0.8473482354272134,0.40571149292600184,1.2983621122035873,-0.04325176924951646,-0.031818926608119816,0.0,-0.03560782083139427,0.24808420921573626,0.08952143217604114,0.23509890586396354,-0.9,0.11206559463704557,-1.34731057314449
-0.062026962941660574,-0.1036067114848111,0.0,-0.25,1.457284711701226,-0.0634409737818792,0.15227541938833322,-1.0,0.07692307692307693,0.48051972217326056,-0.18669406268335997,-0.07488856709482751,0.0,-0.09337875279918018,-0.016833681894516166,-0.3589815332960268,0.014217523252313862,-0.9,-0.1382636655948553,-0.2717435049490233
0.6378758260064369,-1.4736566333520829,1.25,0.0,-0.10321305040204531,-0.10260728244073747,-0.37938686022929197,0.25,-0.15384615384615385,0.2061358854483149,-0.19214094594681302,-0.07977851873316119,0.0,-0.09956541541731506,-0.016370743750320552,-0.5517122380151822,-0.2173506555655613,-0.9,-0.3054662379421222,-0.27830550994151804
0.28254374054379794,0.8774443024585289,-0.25,0.5,-2.312314002723669,2.031788347227363,1.2659340677389663,-0.25,1.3076923076923077,-4.379675373039661,-0.0792056085271698,-0.04377214922904149,0.0,-0.05674623897295486,-0.06477218979322444,-0.13024276741035312,-0.09408296563033912,0.1,-0.07395498392282958,-0.3862228457727087
-0.07949336721892367,-0.12826727243423766,0.0,-0.25,1.2595238599074592,-0.09559236349722405,0.15625586570206082,-1.0,0.07692307692307693,0.5076482815568579,-0.18668888148294008,-0.07488928178220787,0.0,-0.09337875279918018,-0.010448406295963653,-0.3584731852676701,0.014078317829168019,-0.9,-0.1382636655948553,-0.1631389375669038
0.9148679108996375,0.6730062194225049,-0.25,0.5,-0.928877813026652,2.7537024783449264,1.6622226680928538,0.5206716061344393,1.7692307692307692,-4.419075185591009,-0.16064539299037217,-0.056879413356200566,0.0,-0.07303488063157096,-0.10705096261979521,0.8262336727435634,1.2841458366353053,-0.9,1.4533762057877813,-1.1939631896604959
0.9510794134052564,0.6131230868842036,-0.25,0.5,-0.05936446709573481,3.0860400056378525,1.6744625801900517,0.75,1.7692307692307692,-1.7439108088303201,-0.167873772941947,-0.058847955146529775,0.0,-0.07303488063157096,-0.07935670281606043,0.4556844381702402,1.17878684289731,-0.9,1.4533762057877813,-1.1723197175236741
0.3463805789021193,0.8603317935222453,-0.25,0.5,-2.301278368544174,2.119143858991965,1.319462102642423,-0.25,1.3076923076923077,-4.834562275016193,-0.06738706553929372,-0.03958678534859852,0.0,-0.05161391694556729,-0.12704092688789934,-0.12081063627118153,-0.09271143267238324,0.1,-0.07395498392282958,-0.49350732748767434
0.37352566360433614,0.8534898732225742,-0.25,0.5,-2.2749342979649354,2.1390636916536936,1.3236074989659645,-0.25,1.3076923076923077,-4.528567090432083,-0.07148156946688403,-0.04000264034438351,0.0,-0.05079325919459521,-0.16722888050046977,-0.1204040194074572,-0.0922488488662591,0.1,-0.07395498392282958,-0.4682741177286563
0.6278687432702476,-1.543108002749787,1.25,-0.04628323220965491,-0.05450696718395159,-0.09389529582353724,-0.3695770047056519,0.25,-0.15384615384615385,0.2521456475781094,-0.19236479962193376,-0.0802224138829369,0.0,-0.10031024748384612,-0.01343394121046539,-0.5595017184534864,-0.2428017989374238,-0.9,-0.3483265944578155,-0.22527981802483554
0.18070043131781252,0.890042537632097,-0.5,0.5,-0.5722255658984755,0.7545938855602815,0.7760794777545157,-0.5,0.9230769230769231,-2.276884537192217,0.14851656372215422,0.06446743357132433,0.0,0.09584582684935666,1.2451121239666803,1.1597836971694222,0.7757458685653855,-0.9,0.6816720257234726,-0.4329268346978835
0.3690644237992458,0.8478673241873759,-0.25,0.5,-2.266450589676697,2.142105731760932,1.3217467609291196,-0.25,1.3076923076923077,-4.708136210859579,-0.06808210847633941,-0.03931560418901125,0.0,-0.05079325919459521,-0.14877265850323884,-0.11961617701636658,-0.0924098398173841,0.1,-0.07395498392282958,-0.4944399021220131
0.992229206138395,0.5982944817065334,-0.25,0.5,0.009244252212899163,3.0587224747481554,1.6372234561367314,0.75,1.7692307692307692,-1.0350781713289345,-0.16742528411070645,-0.058898326359949585,0.0,-0.07303488063157096,-0.08242344933677595,0.5051756663108563,1.177134069212361,-0.9,1.4533762057877813,-1.0633618020050388
0.23557908842102232,0.7370433625717944,-0.5,0.5,-1.1171672844197198,0.7462836986646508,0.771296610907331,-0.5,0.9230769230769231,-1.7661331674189094,0.1616032178803245,0.06167352569177411,0.0,0.09584582684935666,0.9943411855270528,1.167059989548412,0.7703036456311848,-0.9,0.6816720257234726,-1.2077914710520763
0.17034005563826168,0.91475241378096,-0.5,0.5,-0.4970517310813911,0.7582344173351401,0.7781747589979795,-0.5,0.9230769230769231,-2.3393795182239825,0.14740056745947558,0.06478638584959087,0.0,0.09584582684935666,1.2952634652554778,1.1637142797061415,0.7739645619125666,-0.9,0.6816720257234726,-0.3291383240663348
0.1050710003623418,0.5059300174512735,-0.5,0.5,0.4285165445919033,1.0288712545120775,1.161173400474873,-0.5,1.1538461538461537,4.670372412380477,0.36394633341850713,0.07255719918982506,30.123854048222384,0.09584582684935666,0.9862018277071215,1.0905392055350336,0.6632857397926915,0.36158515322322127,0.6816720257234726,-3.0579715837010237
0.6033984796140521,1.303175493395663,-0.6745978257826597,0.5,1.6724412694397763,2.7563655916474037,2.100572608129061,-0.75,1.7692307692307692,2.688425400008809,-0.1691878866738213,-0.05885558103265509,0.0,-0.07303488063157096,0.0005214580751962856,0.3588920338331595,1.164133854401009,-0.9,1.4533762057877813,0.1534039667470704
0.18825558023289635,0.9144879961703141,-0.25,0.5,-2.394009228892753,1.943610790349485,1.2387012201043464,-0.25,1.3076923076923077,-4.922302728747628,-0.07844189824156005,-0.0436013081409154,0.0,-0.05491064446993268,0.02595596063314469,-0.1408761522748569,-0.09326393065303704,0.1,-0.07395498392282958,-0.4657948494986914
0.061834558352514606,0.5688346222185429,-0.5,0.5,0.3346794805957252,1.2974345005596302,1.3584478387327028,-0.5,1.1538461538461537,5.673043026673611,0.43708072636113643,0.06692945139550767,117.21929077634553,0.09584582684935666,0.8157449586374994,0.9649589716862226,0.5933557315216178,1.4,0.6816720257234726,-3.0004363981188615
0.11584497953967222,0.8384502455061992,-0.44469763954509944,0.5,-1.0936209860553594,0.8907470076080645,0.7892639631802011,-0.44469763954509944,0.9400930339861233,-2.369393124726316,0.09916114280416222,0.03940041116883047,0.0,0.06015862403862986,0.9366944933942117,0.8462925423188464,0.5505598843067125,-0.6787905581803978,0.441257905675159,-0.4662202566889855
-0.07879310759060522,-0.09091959926679405,0.0,-0.25,1.476054100290574,-0.061084391965764824,0.15253271397526105,-1.0,0.07692307692307693,0.47284738768334716,-0.18669406268335997,-0.07488856709482751,0.0,-0.09337875279918018,-0.015154617796136527,-0.3589815332960268,0.014217523252313879,-0.9,-0.1382636655948553,-0.24269627899084514
0.10037743889652948,0.4934166881239101,-0.5,0.5,0.3767955457434804,0.9162080566666009,1.0708237924182784,-0.5,1.1538461538461537,4.184760547201843,0.3395640208658914,0.07557476521389854,6.060614535665096,0.09584582684935666,1.0770708111449376,1.1650559276683456,0.7122852596451418,-0.016089009529919984,0.6816720257234726,-3.1409869109300828
0.5935746155008602,-1.272485222795434,1.0098567028421264,0.0,0.13886389706593918,-0.11503669306896792,-0.39808992340444527,0.25,-0.15384615384615385,-0.11647533710033527,-0.19212450993626495,-0.07977963315035966,0.0,-0.09956541541731506,-0.010671865784724146,-0.5509453983275704,-0.21744314320770908,-0.9,-0.3054662379421222,-0.1808870403891485
0.5032368019569343,0.9862197525782104,-0.6763937931289221,0.5,1.7132360250907035,2.2408475456640677,1.788627677218801,-0.6763937931289221,1.5880462600096543,3.5645450867078745,-0.020673893537983823,-0.019131121796004513,0.21030344820307967,-0.023312207466070364,0.3401374372175382,0.5613158240675801,1.033151729194195,-0.6644601380125508,1.226167335703425,-0.6184196300455866
0.15368943376184402,0.9316861613721052,-0.5,0.5,-0.3738364184112247,0.7644242882338118,0.7844842721284818,-0.5,0.9230769230769231,-2.2674375996378564,0.1509782565710046,0.06530952985262717,0.0,0.09584582684935666,1.3490954468699585,1.1672600021299242,0.7691772573456479,-0.9,0.6816720257234726,-0.2809075555022078
0.9419170916305816,0.6714001712169048,-0.25,0.5,-0.44564758617771244,2.912184430557399,1.584033876214731,0.75,1.7692307692307692,-2.03665258688832,-0.16742433355367922,-0.05889515469247723,0.0,-0.07303488063157096,-0.12615371066746897,0.5021642932316206,1.1795041718054917,-0.9,1.4533762057877813,-1.8715379315710408
0.1355009210932762,0.8851361914526913,-0.25,0.5,-2.3543542560990436,1.8725484034530508,1.1784746854961619,-0.25,1.3076923076923077,-4.662365692390157,-0.08017225611714171,-0.045567725997741955,0.0,-0.06015949454112869,0.08140450652030293,-0.18347287742617704,-0.18593749857251493,0.1,-0.26205260047241424,-0.1543669251526919
0.40599630429467926,0.8413050417488742,-0.25,0.5,-2.1830776614208456,2.1855506955089457,1.356413802056246,-0.18661622319103133,1.3466977088055192,-4.829604790740948,-0.0743408004162275,-0.04057477527793375,0.0,-0.05267293648663633,-0.13853679807245123,-0.0371755654519923,0.024680275077753944,0.015488297588041822,0.05512237506649553,-0.5557954271688429
0.617351816443595,-1.6802216370170817,1.25,-0.25,-6.336378724111102e-16,-0.07942102676469856,-0.35623787372354804,0.25,-0.15384615384615385,0.32078069884892074,-0.19335900316341262,-0.08219388980225917,0.0,-0.1036182775081593,0.002959474564950805,-0.5926944452116004,-0.35616732192788986,-0.9,-0.5389422109792423,0.05889907926177388
0.7631264313093353,0.8099896768985886,-0.25,0.5,-1.3924130608665288,2.1912658816428685,1.7354605314497724,-0.5,1.7692307692307692,-5.214296287172591,-0.10864189080660365,-0.01680018268654939,0.0,-0.011426182602111007,0.49108264313834493,1.0602002954820486,1.2183340908662954,-0.9,1.2198741612194262,1.2101312196091856
0.1101680577442362,0.5219333147581899,-0.5,0.5,0.4908605486824814,1.1936482851577361,1.2973844126390535,-0.5,1.1538461538461537,5.399795658866297,0.39992754764764293,0.06807420556341448,67.86764486682337,0.09584582684935666,0.8522433023136049,0.9902050639883255,0.5994501881616936,0.9539764889411737,0.6816720257234726,-2.9964401779315346
-0.020911958101817063,-0.13771335271513765,0.0,-0.25,1.3933750162049465,-0.07210007833190593,0.15195482102392602,-1.0,0.07692307692307693,0.5022163860527074,-0.18669363147383322,-0.0748886265752533,0.0,-0.09337875279918018,-0.02056534781074951,-0.35893922562695935,0.014205937770230048,-0.9,-0.1382636655948553,-0.3364547035028801
0.5782593559366472,-1.2369002909406277,1.0,0.0,0.2074944314772248,-0.10606150083798263,-0.38372365569118555,0.25,-0.15384615384615385,-0.18671112306536397,-0.19212383531876032,-0.079779678891712,0.0,-0.09956541541731506,-0.009030281163601507,-0.5514829322887519,-0.2173780626761423,-0.9,-0.3054662379421222,-0.1559471485258406
0.3756871595023024,0.8540633590703164,-0.25,0.5,-2.2655344560812467,2.134009746773873,1.3173324230538095,-0.25,1.3076923076923077,-4.313932306345098,-0.07557614606445064,-0.04079693884456691,0.0,-0.05079325919459521,-0.1782207889087088,-0.12215079594200894,-0.09206845142099071,0.1,-0.07395498392282958,-0.44415384076282227
0.23574724889796114,0.8896554417317958,-0.25,0.5,-2.337008591497189,1.9809620058424624,1.2409715293065307,-0.25,1.3076923076923077,-4.429229550964711,-0.08087506918021607,-0.045156469981547334,0.0,-0.05946422449851338,-0.00861109702455587,-0.13439303875233014,-0.0949958762098406,0.1,-0.07395498392282958,-0.36191480547567084
0.04726084838197875,0.8869350928237034,-0.25,0.5,-2.3354433142265956,1.7518489494003342,1.0909708480958762,-0.25,1.3076923076923077,-4.038870917250022,-0.08799891207987466,-0.048954861470774935,0.0,-0.06500958484286093,0.1552956197106363,-0.2127309156905197,-0.234440475135391,0.1,-0.3594546400382614,0.043956338239492077
0.6311266742651443,-1.4108227040487435,1.2111373496337676,0.0,-0.06853643713545676,-0.10491402830618855,-0.3822829958670989,0.25,-0.15384615384615385,0.11971612233561346,-0.1921382860893908,-0.07977869908050571,0.0,-0.09956541541731506,-0.014544062978987011,-0.5514829322887519,-0.2173780626761423,-0.9,-0.3054662379421222,-0.24865455135652031
-0.09414846319401887,0.8637860689805772,-0.25,0.5,-2.325797481660404,1.5755327512282364,0.964532850918347,-0.25,1.0981847609979247,-3.6929036288517865,-0.0909377602832934,-0.049882977172505075,0.0,-0.06728470034539037,0.18115051467502222,-0.22709518772985063,-0.25691762085627634,0.1,-0.40514469453376206,0.19035130351816237
-0.046125752315216484,-0.17225159004590684,0.0,-0.25,1.21595868096108,-0.08173584547599995,0.15324148797816586,-1.0,0.07692307692307693,0.49183794168115147,-0.18668933492857154,-0.07488921631962318,0.0,-0.09337875279918018,-0.014147471904216675,-0.35880488981723396,0.014163910899796331,-0.9,-0.1382636655948553,-0.2247625859574356
0.5934497249279512,-1.2720455440654725,1.0092519086788732,0.0,0.13953706925114012,-0.11505863571434673,-0.3981252744003219,0.25,-0.15384615384615385,-0.11723518587457031,-0.19212446854263304,-0.07977963595698814,0.0,-0.09956541541731506,-0.010658931860453169,-0.550944044563355,-0.21744330711120377,-0.9,-0.3054662379421222,-0.1806626843835924
0.6677066713389527,0.758601617505283,-0.25,0.5,-1.1570654325535783,1.8453062874835175,1.6643827523580312,-0.5,1.7692307692307692,-4.923037462266822,-0.06233985233065322,0.04523573547667414,0.0,0.09584582684935666,1.1680289912676098,0.763764931526506,0.8709450417675749,-0.9,0.6816720257234726,3.3051435166925183
0.6037965707282522,0.7160959586047524,-0.25,0.5,-1.0379982040423317,1.6380075213109333,1.5323106831965465,-0.5,1.7692307692307692,-4.232795177922034,-0.041403037116740864,0.04968066794841283,0.0,0.09584582684935666,1.3531959066491959,0.7850806272647335,0.8725694559892538,-0.9,0.6816720257234726,3.55835206125726
0.10109942638623379,0.49346041502108745,-0.5,0.5,0.38768094902849487,0.8851686292688966,1.0312703070424118,-0.5,1.1538461538461537,3.9861397446758238,0.32954793106292574,0.07486062396247337,0.6281665101590865,0.09584582684935666,1.0699864516942446,1.1621065725762878,0.7158827725200106,-0.19645350862182306,0.6816720257234726,-3.049037329741402
0.3651847125544609,0.8514513075010651,-0.25,0.5,-2.277979008919945,2.1389247182692257,1.3239499314139511,-0.25,1.3076923076923077,-4.763415393638616,-0.0674303059332741,-0.03922526925375585,0.0,-0.05079325919459521,-0.14598581410160905,-0.11956010431072095,-0.09242734863238562,0.1,-0.07395498392282958,-0.49823392448167725
0.8157983965759334,0.8450406079946274,-0.25,0.5,-1.490449754555418,2.362053492143818,1.8445132694013018,-0.5,1.7692307692307692,-5.784363816653533,-0.12587271115397786,-0.020373625604472305,0.0,-0.011252144997387234,0.33912575636418874,1.0421002447376844,1.2164277811395463,-0.9,1.2190009846004937,1.00423318605106
0.016914784167415223,-0.24995970967434789,0.0,-0.25,1.1950378246037305,-0.036310408272813524,0.1482205314665857,-1.0,0.07692307692307693,0.47795771753723054,-0.18669406268335997,-0.07488856130402945,0.0,-0.09337875279918018,-0.02596130154358989,-0.3595521124181892,0.01436335921290536,-0.9,-0.1382636655948553,-0.4250043776041038
0.4460773233353158,1.1317488371827167,-0.6811916928821904,0.5,1.4922935486722468,2.2013344267920605,1.7662268283982914,-0.6811916928821904,1.5998564747869302,3.0314949506080993,-0.04484949729929788,-0.024443024646272238,0.0,-0.0265532982850884,0.2559307308317721,0.5554304067972119,1.0446285812847074,-0.9,1.2409775728839316,-0.5948871242025411
0.16563097514340372,0.6212602141583454,-0.5,0.5,-0.9959464584883098,0.7305143142038416,0.7553013153817065,-0.5,0.9230769230769231,-1.0101887333637303,0.1807608342545264,0.059445558722650026,0.0,0.09584582684935666,0.8409384451911487,1.0923388850112628,0.7651950170778862,-0.9,0.6816720257234726,-1.350853455278162
1.002374114394702,0.6082501670212773,-0.25,0.5,-0.1192542511190111,2.976505566901596,1.608111300421279,0.75,1.7692307692307692,-0.7516089174688259,-0.16722832778544983,-0.05892020684704155,0.0,-0.07303488063157096,-0.09538084551385663,0.5266815892557359,1.1765822286397019,-0.9,1.4533762057877813,-1.2509959873554028
0.8891631903958368,0.738249923424008,-0.25,0.5,0.20840056367631812,2.9404203042841304,1.8121982133633443,0.059236938563005825,1.7692307692307692,0.02603704504170412,-0.16756704523228905,-0.05888257767867779,0.0,-0.07303488063157096,-0.055277372110788446,0.4896965810194227,1.1775312615260023,-0.9,1.4533762057877813,-0.5769415940983668
0.08759446809429315,0.524511948603827,-0.5,0.5,0.4234357318447891,0.9063687640730186,0.966911518930537,-0.5,1.1538461538461537,3.6892729962877358,0.3225495063351489,0.06621476382110258,28.73071979853657,0.09584582684935666,0.8913119572948799,1.0549713217202006,0.6853677785690664,-0.4186632791296161,0.6816720257234726,-2.563882098842634
0.5950885613368377,-1.3250419387169756,1.0796881257330175,0.0,0.11903118301550249,-0.10343283192099907,-0.3804233434008316,0.25,-0.15384615384615385,-0.050888206817866016,-0.19212928937427887,-0.07977930908827013,0.0,-0.09956541541731506,-0.011656095809261727,-0.5516613052618532,-0.21735674315711173,-0.9,-0.3054662379421222,-0.19924481810860428
0.08503556547934832,0.5743313689554292,-0.5,0.5,0.4657304649589868,1.3516450250649221,1.3920353097465887,-0.5,1.1538461538461537,5.878690996914366,0.44364040690531165,0.06531096290603079,111.62416785179691,0.09584582684935666,0.7635096090095617,0.8838869794830667,0.5289197593236642,1.4,0.6816720257234726,-2.7062892949084194
0.10257103288605354,0.4980808370746162,-0.5,0.5,0.3979385128197557,0.9480526200354934,1.094365618099821,-0.5,1.1538461538461537,4.312610226076546,0.34629853026649177,0.07475598516038218,11.6115552042844,0.09584582684935666,1.0519048268228302,1.1397503624506036,0.6945953349083541,0.07103337764571926,0.6816720257234726,-3.0881510581837786
0.09527855343226116,-0.37959384059508844,0.0,-0.25,0.9661211188810312,-0.01628405185273274,0.1447089986581491,-1.0,0.07692307692307693,0.4824031654472586,-0.18669406268335997,-0.07488855660173523,0.0,-0.09337875279918018,-0.034801354746115454,-0.36001543904003735,0.014481782198150172,-0.9,-0.1382636655948553,-0.5741633476265097
0.12515260351184804,0.24804069676680335,-0.3835202626231831,0.3252803939347747,0.49152547230209076,0.5960016498727666,0.6906140385741453,-0.6164797373768169,0.9029667194960866,2.5230497689756235,0.1736884471617085,0.03331899895088923,0.0,0.05176416816395638,0.6945251473700721,0.7703703324141997,0.5685080249810253,-0.9,0.49066023774219736,-2.202624092880414
0.11697159825150001,0.5034671149837462,-0.49389980461086547,0.5,0.38153828637265297,0.9475229741989613,1.0790950340994978,-0.5061001953891345,1.168862019419408,4.026092601814718,0.3236152269083901,0.07275890904937929,0.6968565846024729,0.09172500559700095,1.063527182943957,1.1510926105962833,0.7243871628694242,-0.11952062524523042,0.7005022108474891,-3.0299764867438723
0.19932027188622212,0.8060496050418202,-0.5,0.5,-0.7817085132151871,0.7439272156515158,0.768644870092656,-0.5,0.9230769230769231,-1.9968294129314272,0.1545766223981583,0.0631304842307161,0.0,0.09584582684935666,1.0919197060515673,1.1428879559346399,0.7780748160363675,-0.9,0.6816720257234726,-0.753608132608304
0.633058298495904,0.727020507774408,-0.25,0.5,-1.0526289849502106,1.7137457150282944,1.586506537045225,-0.5,1.7692307692307692,-4.448327356919155,-0.056512847800188004,0.04534363829016533,0.0,0.09584582684935666,1.2484091782457478,0.7545086711348012,0.879534719232911,-0.9,0.6816720257234726,3.8882970578983933
0.09301373126786236,0.5120516041295895,-0.5,0.5,0.43174944658581454,0.8530490765522338,0.9231659867014539,-0.5,1.1538461538461537,3.4692380334502855,0.306735667601288,0.06620199314303128,17.20167036435491,0.09584582684935666,0.9027305135445782,1.0786093684164253,0.7059753477156162,-0.6118138471736585,0.6816720257234726,-2.5920808302905063
0.971884481754086,0.6160114895399796,-0.25,0.5,-0.17477882951086562,2.992022872925518,1.6437247252940088,0.75,1.7692307692307692,-1.198680704206604,-0.16761737631506454,-0.05887698624308638,0.0,-0.07303488063157096,-0.0905427617356219,0.4842008631921738,1.1776722812851048,-0.9,1.4533762057877813,-1.315532219665756
0.388183885545224,0.8467216932189615,-0.25,0.5,-2.246489176257026,2.1464251391083926,1.3183378433841577,-0.25,1.3076923076923077,-4.239079916532936,-0.07578614184348026,-0.040749288239226016,0.0,-0.05079325919459521,-0.1883592718469878,-0.12111867246699091,-0.09208478932005108,0.1,-0.07395498392282958,-0.4387846357237767
-0.028042190808104363,-0.12932333428570686,0.0,-0.25,1.419239388363561,-0.06821773658046154,0.15175388637695666,-1.0,0.07692307692307693,0.49607145125777274,-0.18669406268335997,-0.07488856709482751,0.0,-0.09337875279918018,-0.020237124485276526,-0.3589815332960268,0.014217523252313824,-0.9,-0.1382636655948553,-0.33062188014917643
0.2044032304164442,-0.560354542130122,0.0010329447333312647,-0.25,0.6466942224484507,0.011627297566540622,0.13982824961919746,-1.0,0.07692307692307693,0.48869043224271125,-0.18669336749292348,-0.07488858808162846,0.0,-0.09337875279918018,-0.047110699758140084,-0.36062217439709005,0.014646081721378091,-0.9,-0.1382636655948553,-0.7817830295167343
0.05919985424760147,0.589798807427793,-0.5,0.5,0.3348335156277014,1.2748107168145661,1.3218852587807357,-0.5,1.1538461538461537,5.489919455436022,0.43455560505424373,0.06814306891493695,93.74734748178054,0.09584582684935666,0.8424144134694738,0.9574165788711468,0.5648607925334204,1.4,0.6816720257234726,-2.8067049032150098
0.10410416644305001,0.5028944364292119,-0.5,0.5,0.41669083942457524,0.9976155690425934,1.1353362523177437,-0.5,1.1538461538461537,4.532011965678913,0.35712124675230544,0.0734075545955497,22.964433529296585,0.09584582684935666,1.0116117135343483,1.1095710594150707,0.6753943687425604,0.24921756660330963,0.6816720257234726,-3.069643151380636
0.20484832378058868,0.8975258612188077,-0.25,0.5,-2.3628949895830926,1.9550249245068725,1.2327270152091054,-0.25,1.3076923076923077,-4.682950024434206,-0.07794166654134352,-0.04509894623657492,0.0,-0.06065628033691822,0.03453778355754843,-0.13553850931547634,-0.09554527648985385,0.1,-0.07395498392282958,-0.37721796671111285
0.07532693895547937,-0.4315784529552129,0.2600621898480456,-0.25,0.7357797613309365,-0.031206176022466624,0.14970686898998353,-1.0,0.07692307692307693,0.5214536712922497,-0.1865162991478344,-0.07489850919508172,0.0,-0.09337875279918018,-0.029983169858853027,-0.34998119361433305,0.014234075287994873,-0.9,-0.1382636655948553,-0.47316615937382833
0.1851197849080235,0.8795022171601582,-0.5,0.5,-0.6042919471827507,0.7530409691731611,0.7751857081681405,-0.5,0.9230769230769231,-2.250226486621904,0.14899260650696033,0.06433138031035567,0.0,0.09584582684935666,1.2237194141814545,1.1581070558407145,0.7765057081884738,-0.9,0.6816720257234726,-0.47719917976231185
0.9626631742802787,0.6666278181774392,-0.25,0.5,-0.28560294567452005,2.8449435480751495,1.6459619757912944,0.5605156712795081,1.7692307692307692,-0.44480642652893887,-0.1673212419142203,-0.058909884729218855,0.0,-0.07303488063157096,-0.10157245269085657,0.5165361720358274,1.176842559380347,-0.9,1.4533762057877813,-1.4265401269492768
0.20085770189410992,-0.553327422174587,0.0,-0.25,0.6595532709403835,0.010290512476838418,0.14000819016177743,-1.0,0.07692307692307693,0.48880424873560685,-0.18669406268335997,-0.07488855032798893,0.0,-0.09337875279918018,-0.04669851288149754,-0.3606336040333507,0.014639780768553908,-0.9,-0.1382636655948553,-0.7749489869250836
0.0762301762415723,0.5272424063258775,-0.5,0.5,0.32871072957326464,1.2342035594663472,1.3468466524247569,-0.5,1.1538461538461537,5.62288773495594,0.41749942560192016,0.0672681328132546,105.78650431726905,0.09584582684935666,0.8339470201488989,1.0404836778457898,0.6514837757960223,1.4,0.6816720257234726,-3.400437232245185
0.20859521392252817,-0.5959694215667728,0.2911166089163331,-0.25,0.5787827217149842,0.014573339220938258,0.14004744820424792,-1.0,0.07692307692307693,0.492051889163266,-0.18649813595476447,-0.07489926665951724,0.0,-0.09337875279918018,-0.04588061632629859,-0.34990839608926794,0.014497627008572959,-0.9,-0.1382636655948553,-0.7385883545181405
0.5711647414251826,-1.2238869139833353,1.0,0.0,0.23543952459398756,-0.1010755485215355,-0.3774637575340712,0.25,-0.15384615384615385,-0.21474957572275374,-0.19212383531876032,-0.079779678891712,0.0,-0.09956541541731506,-0.00826589541621448,-0.5514829322887519,-0.2173780626761423,-0.9,-0.3054662379421222,-0.14286823184183384
0.7746129267144675,0.8169338624308211,-0.25,0.5,-1.4171285255621227,2.230622853890626,1.7519354699997418,-0.5,1.7692307692307692,-5.295779394431666,-0.11327110144331874,-0.020789332180563454,0.0,-0.017603608653318503,0.43474015279727474,1.0752726327574562,1.238186741786154,-0.9,1.2508673710010738,1.0657482566224226
0.6271763943901799,-1.5521344486585273,1.25,-0.059694286442075584,-0.05091867201867073,-0.09508793720139608,-0.370473005404576,0.25,-0.15384615384615385,0.24713882275992236,-0.19249230986268417,-0.08047526288077143,0.0,-0.10073451443443697,-0.01307937200014467,-0.5642018580105849,-0.2584032990910211,-0.9,-0.37456573350208106,-0.22088385643346978
-0.16295199605420793,0.8630599868500366,-0.25,0.5,-2.3342813099423396,1.447442496218455,0.8874989367610807,-0.25,1.0339920348096598,-3.349161734022185,-0.08380144212285069,-0.04660247385905478,0.0,-0.06568100809859723,0.24276546619322853,-0.21701884495542353,-0.2389889360124349,0.1,-0.36855680497577603,0.1907091540897506
0.4179342368639474,0.7842156087177291,-0.3386555394101941,0.5,-0.752583420985363,1.24419905430875,1.2126129978896523,-0.5,1.4691658666116507,-3.3192799382808817,0.03336353261893788,0.0570312978994145,0.0,0.09584582684935666,1.4379372610953678,0.9303615393700982,0.8371862953639879,-0.9,0.6816720257234726,2.3449646616867232
0.28508171343537114,0.876440871625572,-0.25,0.5,-2.3279650694685463,2.0480625038838367,1.2818963728287054,-0.25,1.3076923076923077,-4.7688976747909235,-0.07195835613537943,-0.041974150747482314,0.0,-0.05553024412167224,-0.057059765170513324,-0.12718940772210174,-0.09393879537335727,0.1,-0.07395498392282958,-0.4431413817508839
0.07289613909691892,0.53687519831739,-0.5,0.5,0.3300930973027664,1.248847898314535,1.349533496877758,-0.5,1.1538461538461537,5.634503742471307,0.4220344712369867,0.0671896939136065,108.43434722440988,0.09584582684935666,0.8297314074773233,1.0229920927248464,0.6380212721195229,1.4,0.6816720257234726,-3.307796704471577
0.4799030782559694,0.7668666185187593,-0.25,0.5,-1.3584679276938025,1.6999879916085079,1.4598313113862937,-0.4415980622375225,1.6614118072077337,-4.343084647298662,-0.06370683243378732,0.023096653663219877,0.0,0.05773727126380564,1.0109706305845272,0.5253465574241915,0.6141530690793122,-0.6663922489500901,0.4277832159007409,3.0222470740135585
0.12113514078026041,0.5305310929994272,-0.5105232974090905,0.5,0.4435158917972085,0.9780599901304897,1.0994950769982055,-0.5105232974090905,1.179749655160838,4.055202405887644,0.31463980933143937,0.0703715544874125,0.6842191502597416,0.08873709920343902,1.0448363541635266,1.133976448092634,0.7319058576883983,-0.1336745517090895,0.7141555161180927,-2.9676211726740895
0.6178131895198877,-1.6760542421158868,1.25,-0.24553151631664655,-0.002295549416841769,-0.08850766523073965,-0.36385123538798947,0.25,-0.15384615384615385,0.2801517808043143,-0.19358615821392863,-0.08264433148080988,0.0,-0.10437409429610163,-0.0002825420347933901,-0.60204566200589,-0.3863304038609835,-0.9,-0.5896827841607485,-0.004385736875783413
-0.008877474374780425,0.900818973973082,-0.25,0.5,-2.3721590979793232,1.6875398387701381,1.062425790447366,-0.25,1.3076923076923077,-4.0748644310377475,-0.08921027174022858,-0.05011779848516847,0.0,-0.06708222485824974,0.20561658939636535,-0.22609524361328603,-0.255192617589135,0.1,-0.4010784763434445,0.11284432970191272
0.30471289466960966,0.8701921434907386,-0.6069432834339656,0.5,1.0627886856503674,1.6162367566912201,1.394012804332668,-0.6069432834339656,1.417091159222069,3.076342983160718,0.08955385246092953,0.012693521422808843,0.0,0.02360319738271076,0.5279565089519855,0.7842700708989458,0.9184553458659758,-0.9,1.0117863411466461,-1.4305343332709917
0.617351816443595,-1.6802216370170817,1.25,-0.25,-6.336378724111102e-16,-0.08469746553344705,-0.3606010070683266,0.25,-0.15384615384615385,0.2973554354561213,-0.19351162688125667,-0.08249653807486486,0.0,-0.10412610494991184,0.0011773719809549156,-0.5988795711829691,-0.37618213111651844,-0.9,-0.572611319456996,0.02370150356335523
0.3840330498105751,0.8340396698933686,-0.25,0.5,-2.2219718681259755,2.154378655772573,1.3132465316734065,-0.25,1.3076923076923077,-4.494859149494876,-0.07059688029434333,-0.039664132668653464,0.0,-0.05079325919459521,-0.15952480704414815,-0.11983251563212857,-0.09234228764993561,0.1,-0.07395498392282958,-0.4798018792906045
0.22549162312584814,0.6458844874557852,-0.554563471966266,0.5,0.7923644186065542,1.3150918099976123,1.2819583765399312,-0.554563471966266,1.2881562386861933,3.935759622331002,0.22560885448351825,0.04660805821211993,0.5583900800963828,0.058986955856241585,0.8584480205640498,0.9808320923692779,0.8120495472336907,-0.2746031102920513,0.8500994633042296,-2.3364648191231097
0.5928308298597939,-1.2689076639982049,1.0,0.0,0.1434085135446062,-0.11584817268273917,-0.3996889107902908,0.25,-0.15384615384615385,-0.11905279578082288,-0.19212383531876032,-0.079779678891712,0.0,-0.09956541541731506,-0.010600236369381337,-0.5509233351986569,-0.21744581444387537,-0.9,-0.3054662379421222,-0.17963730026667307
0.9960513537262005,0.6248441647682501,-0.25,0.5,-0.3064185512612373,2.8876353875549583,1.5948660745083596,0.75,1.7692307692307692,-0.6833217965679214,-0.16722832778544983,-0.05892020684704155,0.0,-0.07303488063157096,-0.10793923578292876,0.5266815892557359,1.1765822286397019,-0.9,1.4533762057877813,-1.5142864778367469
0.2396069353789236,0.7245849162196708,-0.5,0.5,-1.165320020194441,0.7462836986646508,0.771296610907331,-0.5,0.9230769230769231,-1.7186573701827499,0.16296253068300706,0.061407079770925216,0.0,0.09584582684935666,0.976762749523508,1.1691556821022713,0.7690772825452,-0.9,0.6816720257234726,-1.2771744207155595
0.08166917510652143,0.5790199835494123,-0.5,0.5,0.45735577227069935,1.3555880774206532,1.391116715856704,-0.5,1.1538461538461537,5.870521733409572,0.4455719006035893,0.06538208949534147,113.40652609289634,0.09584582684935666,0.7649187216202874,0.8803109266701821,0.5263090104618813,1.4,0.6816720257234726,-2.677956629021528
0.9546847736343496,0.6910681904059555,-0.31044084621891765,0.5,0.2337986037772981,3.0006399275608326,1.6767155238677,0.568677461343247,1.7692307692307692,-0.33950644937802554,-0.16749147854716323,-0.05891276155815099,0.0,-0.07303488063157096,-0.07599775102577003,0.5045210730595217,1.1747659822653236,-0.9,1.4533762057877813,-0.9231460907963942
0.617351816443595,-1.6802216370170817,1.25,-0.25,-6.336378724111102e-16,-0.07961442358213884,-0.35639779524257437,0.25,-0.15384615384615385,0.319922094857399,-0.19336459726628968,-0.08220498274113158,0.0,-0.10363689085995739,0.002894155325364774,-0.5929211480562188,-0.35690092285995817,-0.9,-0.5401762816680212,0.057608985806694886
0.8885763431754626,0.7425107425950889,-0.25,0.5,0.20402738189188915,3.025429765442858,1.8000863731368062,-0.04889773312519541,1.7692307692307692,-1.048261404729684,-0.16796385665000993,-0.058838494671482805,0.0,-0.07303488063157096,-0.05617359282762467,0.44636821488528255,1.1786430645600379,-0.9,1.4533762057877813,-0.7556357830717274
0.12864296132260608,-0.3411611381480363,0.0,-0.25,1.1350140694122648,-0.034602549737293035,0.1414174659351618,-1.0,0.07692307692307693,0.47104307229954806,-0.18669406268335997,-0.07488855664350903,0.0,-0.09337875279918018,-0.03575532229236688,-0.3600113229813273,0.014480730162853908,-0.9,-0.1382636655948553,-0.5911709530207905
0.6943878655922806,0.7547920299283177,-0.25,0.5,-1.19055287851832,1.931221727335853,1.7338531203857064,-0.5,1.7692307692307692,-5.198600022101678,-0.06390095763768086,0.04313794685278828,0.0,0.09584582684935666,1.0989114447810215,0.8346566784697319,0.8894131089057318,-0.9,0.6816720257234726,3.3451806298304616
0.8485255875033384,0.8614732880563193,-0.25,0.5,-1.5755941666854194,2.4836149327610015,1.8589757367333966,-0.5,1.7692307692307692,-5.825105829255834,-0.14287824184701486,-0.04607610701509201,0.0,-0.05660837504915539,0.07506024577873593,1.1708242838831713,1.363705747328421,-0.9,1.4465609976619753,0.150156564393074
0.784435837001102,0.7146657474588483,-0.25,0.5,-1.2719185531952921,2.602353192243177,1.5917102906350624,0.3262462239624174,1.6623053685922569,-4.678155477487585,-0.13835690400469777,-0.05261683425810683,0.0,-0.06788212635174032,-0.11289902750236831,0.628732459570527,0.972460572355504,-0.6683282986165566,1.0995367904915252,-0.9743952763709034
0.5793720086512202,-1.2391737254498396,1.0,0.0,0.20280532891382985,-0.10684345077630014,-0.38489008949635334,0.25,-0.15384615384615385,-0.18200635505188645,-0.19212383531876032,-0.079779678891712,0.0,-0.09956541541731506,-0.009150160245888037,-0.551450885156203,-0.2173819426996796,-0.9,-0.3054662379421222,-0.15781518188221877
0.21791521100937836,0.791679119938831,-0.5,0.5,-0.9059963956918278,0.7462836986646508,0.7712966109073309,-0.5,0.9230769230769231,-1.9743353834327326,0.15564203440895108,0.06284200804274202,0.0,0.09584582684935666,1.071430345542415,1.1578694575468802,0.7756817862207884,-0.9,0.6816720257234726,-0.9035167729010292
0.07607070635223492,0.9062715581611865,-0.25,0.5,-2.382828800184276,1.7979361772950146,1.1392869178287999,-0.25,1.3076923076923077,-4.459740772665759,-0.0841380264540392,-0.04691641201081334,0.0,-0.060815714782512784,0.12227681967669343,-0.1927937401179964,-0.1923366910661091,0.1,-0.2752311571463746,-0.1327533604539941
-0.08587830315609607,-0.10485948559056388,0.0,-0.25,1.3687243748708506,-0.07865277259098581,0.15464187144477726,-1.0,0.07692307692307693,0.48818184662499825,-0.18669128328148205,-0.07488895048154992,0.0,-0.09337875279918018,-0.011958083706153567,-0.35870883520482166,0.014142847929386025,-0.9,-0.1382636655948553,-0.18839431350854074
0.6213268380740259,-1.455064871809364,1.1923325470705604,0.0,-0.016898565732458563,-0.10143820268170284,-0.37866298307177665,0.25,-0.15384615384615385,0.1520239076681738,-0.19213699904146173,-0.07977878634671567,0.0,-0.09956541541731506,-0.015631726540575257,-0.551784365068027,-0.21734223489839755,-0.9,-0.3054662379421222,-0.264226144731884
0.5748398792813556,-1.2356451599388858,1.0,0.0,0.21529559025729178,-0.1020572001654308,-0.3808636963519254,0.25,-0.15384615384615385,-0.18269082519024882,-0.19212383531876032,-0.079779678891712,0.0,-0.09956541541731506,-0.008661860974653428,-0.5513841477157214,-0.2173900227623651,-0.9,-0.3054662379421222,-0.14916914194307435
0.5714179040582172,-1.2252465686813703,1.0,0.0,0.23326246134327522,-0.1012534661257376,-0.37839820288528897,0.25,-0.15384615384615385,-0.21256523929445129,-0.19212383531876032,-0.079779678891712,0.0,-0.09956541541731506,-0.00829317158578648,-0.5513595488477502,-0.21739300100656755,-0.9,-0.3054662379421222,-0.14262983236934468
0.12516172599376188,0.2674301417333162,-0.3135617378557455,0.36017130339180914,0.40923502500091696,0.634828483282983,0.7246344225479253,-0.5932191310721273,0.9530664869215719,2.655449357637807,0.19560848074061304,0.039878384094591574,0.0,0.060567125064706386,0.739032927937114,0.8424105438727754,0.6020521613224086,-0.9,0.5288046403640356,-2.2898246717187414
-0.027065945547300407,-0.21711247226050873,0.0,-0.25,1.1209950252678131,-0.07326291070315882,0.15309509403404575,-1.0,0.07692307692307693,0.5011476693729141,-0.18668961629003902,-0.0748891766685217,0.0,-0.09337875279918018,-0.017148739133743676,-0.35891531175474695,0.014192637648698965,-0.9,-0.1382636655948553,-0.2757772153658198
0.309518545902238,0.8758992411178698,-0.25,0.5,-2.328474365107556,2.0800512323985783,1.3044046070081994,-0.25,1.3076923076923077,-4.915057431948529,-0.06979203278645449,-0.04002204068442673,0.0,-0.05079325919459521,-0.09780159203373999,-0.12633149640225821,-0.09222994111769456,0.1,-0.07395498392282958,-0.5109138681998739
0.9332821324745697,0.697199092354168,-0.25,0.5,-0.4949044777026206,2.8705580847780965,1.5794496354017962,0.6632359851549054,1.7692307692307692,-2.020109315463074,-0.16734352428223398,-0.05890364117813053,0.0,-0.07303488063157096,-0.13306871528723171,0.5105213783524152,1.1796331476540043,-0.9,1.4533762057877813,-1.9672244173429683
0.6161555033658731,-1.3339544818383553,1.0,0.0,0.027109214243176305,-0.12390410414969467,-0.4180241250794872,0.25,-0.15384615384615385,0.05931717378052673,-0.19212383531876032,-0.079779678891712,0.0,-0.09956541541731506,-0.013113276078824553,-0.5509406252769217,-0.2174437210924491,-0.9,-0.3054662379421222,-0.2232053869377188
0.11459848468159115,0.9231949168839587,-0.25,0.5,-2.405885860280012,1.8515846133184846,1.1799195283728292,-0.25,1.3076923076923077,-4.626097331587527,-0.08455776901064582,-0.048281796170128004,0.0,-0.06536816210637297,0.13330736836189272,-0.14548920901204496,-0.09694751297487737,0.1,-0.07395498392282958,-0.31889526860649015
0.10016697497431733,0.49340394145666533,-0.5,0.5,0.37587928282333016,0.9207932607594209,1.0754251010648974,-0.5,1.1538461538461537,4.208881857609256,0.34062914839889963,0.07543614349691986,7.619103220343206,0.09584582684935666,1.0731325306078292,1.1639882580491547,0.7120694060580224,0.00837157520718046,0.6816720257234726,-3.15121024113339
0.05013139956284127,-0.20979571172582956,0.0,-0.25,1.3042880133532773,-0.07874362633463673,0.15030780692188814,-1.0,0.07692307692307693,0.5363659406868924,-0.18669406268335997,-0.07488856700806687,0.0,-0.09337875279918018,-0.028064467262066434,-0.3589900819989147,0.014219708239897627,-0.9,-0.1382636655948553,-0.46596652553397977
